2026-05-16 01:16:29 IST - BotCore - INFO - Time synced. Offset: -5s
2026-05-16 01:16:29 IST - BotCore - INFO - Engine: Starting Delta BTC Options Bot in PAPER mode
2026-05-16 01:35:55 IST - BotCore - INFO - Time synced. Offset: -8s
2026-05-16 01:35:55 IST - BotCore - INFO - Engine: Starting Delta BTC Options Bot in PAPER mode
2026-05-16 01:35:55 IST - BotCore - INFO - Starting Web Dashboard on http://127.0.0.1:5000
2026-05-16 01:36:54 IST - BotCore - INFO - Web: Engine started via dashboard.
2026-05-16 01:37:40 IST - BotCore - WARNING - Web: Engine stopped via dashboard.
2026-05-16 01:58:33 IST - BotCore - INFO - API: Time synced. Offset: -2s
2026-05-16 01:58:33 IST - BotCore - INFO - Engine: Starting Delta BTC Options Bot in PAPER mode
2026-05-16 01:58:33 IST - BotCore - INFO - Starting Web Dashboard on http://127.0.0.1:5000
2026-05-16 01:58:34 IST - BotCore - WARNING - WS Connection Closed. Reconnecting...
2026-05-16 01:58:39 IST - BotCore - WARNING - WS Connection Closed. Reconnecting...
2026-05-16 01:58:44 IST - BotCore - WARNING - WS Connection Closed. Reconnecting...
2026-05-16 01:58:49 IST - BotCore - WARNING - WS Connection Closed. Reconnecting...
2026-05-16 01:59:01 IST - BotCore - INFO - API: Time synced. Offset: -9s
2026-05-16 01:59:01 IST - BotCore - INFO - Engine: Starting Delta BTC Options Bot in PAPER mode
2026-05-16 01:59:01 IST - BotCore - INFO - Starting Web Dashboard on http://127.0.0.1:5000
2026-05-16 01:59:02 IST - BotCore - INFO - WS Connection Opened
2026-05-16 02:03:57 IST - BotCore - INFO - API: Time synced. Offset: -5s
2026-05-16 02:03:57 IST - BotCore - INFO - Engine: Starting Delta BTC Options Bot in PAPER mode with Capital: $50000.0
2026-05-16 02:03:57 IST - BotCore - INFO - Starting Web Dashboard on http://127.0.0.1:5000
2026-05-16 02:03:58 IST - BotCore - INFO - WS Connection Opened
2026-05-16 02:13:58 IST - BotCore - WARNING - WS Connection Closed. Reconnecting...
2026-05-16 02:14:04 IST - BotCore - INFO - WS Connection Opened
2026-05-16 02:24:04 IST - BotCore - WARNING - WS Connection Closed. Reconnecting...
2026-05-16 02:24:09 IST - BotCore - INFO - WS Connection Opened
2026-05-16 02:27:38 IST - BotCore - INFO - Web: Engine started via dashboard.
2026-05-16 02:34:09 IST - BotCore - WARNING - WS Connection Closed. Reconnecting...
2026-05-16 02:34:14 IST - BotCore - INFO - WS Connection Opened
2026-05-16 02:44:14 IST - BotCore - WARNING - WS Connection Closed. Reconnecting...
2026-05-16 02:44:20 IST - BotCore - INFO - WS Connection Opened
2026-05-16 02:54:20 IST - BotCore - WARNING - WS Connection Closed. Reconnecting...
2026-05-16 02:54:25 IST - BotCore - INFO - WS Connection Opened
2026-05-16 03:04:25 IST - BotCore - WARNING - WS Connection Closed. Reconnecting...
2026-05-16 03:04:30 IST - BotCore - INFO - WS Connection Opened
2026-05-16 03:14:30 IST - BotCore - WARNING - WS Connection Closed. Reconnecting...
2026-05-16 03:14:36 IST - BotCore - INFO - WS Connection Opened
2026-05-16 03:24:36 IST - BotCore - WARNING - WS Connection Closed. Reconnecting...
2026-05-16 03:24:41 IST - BotCore - INFO - WS Connection Opened
2026-05-16 03:34:41 IST - BotCore - WARNING - WS Connection Closed. Reconnecting...
2026-05-16 03:34:47 IST - BotCore - INFO - WS Connection Opened
2026-05-17 10:34:05 IST - BotCore - INFO - API: Time synced. Offset: -2s
2026-05-17 10:34:05 IST - BotCore - INFO - Engine: Starting Delta BTC Options Bot in PAPER mode with Capital: $10000.0
2026-05-17 10:34:05 IST - BotCore - INFO - Starting Web Dashboard on port 5000
2026-05-17 10:34:06 IST - BotCore - INFO - Risk [PAPER]: Simulated equity is $10000.00 (No live check)
2026-05-17 10:34:06 IST - BotCore - INFO - WS Connection Opened
2026-05-17 10:35:05 IST - BotCore - INFO - Keep-alive pinger started. Target URL: http://localhost:5000
2026-05-17 10:35:07 IST - BotCore - INFO - [KEEPALIVE] Keep-alive ping successful.
2026-05-17 10:39:06 IST - BotCore - INFO - Engine Heartbeat: Monitor loop is active and running 24/7.
2026-05-17 10:39:09 IST - BotCore - INFO - [KEEPALIVE] Keep-alive ping successful.
2026-05-17 10:43:11 IST - BotCore - INFO - [KEEPALIVE] Keep-alive ping successful.
2026-05-17 10:44:06 IST - BotCore - INFO - Engine Heartbeat: Monitor loop is active and running 24/7.
2026-05-17 10:44:06 IST - BotCore - WARNING - WS Connection Closed. Reconnecting in 1s (Attempt 1/10)...
2026-05-17 10:44:08 IST - BotCore - INFO - WS Connection Opened
2026-05-17 10:47:13 IST - BotCore - INFO - [KEEPALIVE] Keep-alive ping successful.
2026-05-17 10:49:06 IST - BotCore - INFO - Engine Heartbeat: Monitor loop is active and running 24/7.
2026-05-17 10:51:15 IST - BotCore - INFO - [KEEPALIVE] Keep-alive ping successful.
2026-05-17 10:54:07 IST - BotCore - INFO - Engine Heartbeat: Monitor loop is active and running 24/7.
2026-05-17 10:54:08 IST - BotCore - WARNING - WS Connection Closed. Reconnecting in 1s (Attempt 1/10)...
2026-05-17 10:54:09 IST - BotCore - INFO - WS Connection Opened
2026-05-17 10:56:56 IST - BotCore - INFO - API: Time synced. Offset: -6s
2026-05-17 10:56:56 IST - BotCore - INFO - Engine: Starting Delta BTC Options Bot in PAPER mode with Capital: $10000.0
2026-05-17 10:56:56 IST - BotCore - INFO - Starting Web Dashboard on port 5000
2026-05-17 10:56:57 IST - BotCore - INFO - Risk [PAPER]: Simulated equity is $10000.00 (No live check)
2026-05-17 10:56:57 IST - BotCore - INFO - WS Connection Opened
2026-05-17 10:57:56 IST - BotCore - INFO - Keep-alive pinger started. Target URL: http://localhost:5000
2026-05-17 10:57:58 IST - BotCore - INFO - [KEEPALIVE] Keep-alive ping successful.
2026-05-17 11:01:57 IST - BotCore - INFO - Engine Heartbeat: Monitor loop is active and running 24/7.
2026-05-17 11:02:00 IST - BotCore - INFO - [KEEPALIVE] Keep-alive ping successful.
2026-05-17 11:06:02 IST - BotCore - INFO - [KEEPALIVE] Keep-alive ping successful.
2026-05-17 11:06:57 IST - BotCore - INFO - Engine Heartbeat: Monitor loop is active and running 24/7.
2026-05-17 11:06:57 IST - BotCore - WARNING - WS Connection Closed. Reconnecting in 1s (Attempt 1/10)...
2026-05-17 11:06:58 IST - BotCore - INFO - WS Connection Opened
2026-05-17 11:10:04 IST - BotCore - INFO - [KEEPALIVE] Keep-alive ping successful.
2026-05-17 11:11:57 IST - BotCore - INFO - Engine Heartbeat: Monitor loop is active and running 24/7.
2026-05-17 11:14:06 IST - BotCore - INFO - [KEEPALIVE] Keep-alive ping successful.
2026-05-17 11:16:57 IST - BotCore - INFO - Engine Heartbeat: Monitor loop is active and running 24/7.
2026-05-17 11:16:58 IST - BotCore - WARNING - WS Connection Closed. Reconnecting in 1s (Attempt 1/10)...
2026-05-17 11:17:00 IST - BotCore - INFO - WS Connection Opened
2026-05-17 11:18:08 IST - BotCore - INFO - [KEEPALIVE] Keep-alive ping successful.
2026-05-17 11:21:57 IST - BotCore - INFO - Engine Heartbeat: Monitor loop is active and running 24/7.
2026-05-17 11:22:10 IST - BotCore - INFO - [KEEPALIVE] Keep-alive ping successful.
2026-05-17 11:25:20 IST - BotCore - INFO - API: Time synced. Offset: -3s
2026-05-17 11:25:20 IST - BotCore - INFO - Engine: Starting Delta BTC Options Bot in PAPER mode with Capital: $10000.0
2026-05-17 11:25:20 IST - BotCore - INFO - Starting Web Dashboard on port 5000
2026-05-17 11:25:21 IST - BotCore - INFO - Risk [PAPER]: Simulated equity is $10000.00 (No live check)
2026-05-17 11:25:21 IST - BotCore - INFO - WS Connection Opened
2026-05-17 11:26:12 IST - BotCore - INFO - [KEEPALIVE] Keep-alive ping successful.
2026-05-17 11:26:20 IST - BotCore - INFO - Keep-alive pinger started. Target URL: http://localhost:5000
2026-05-17 11:26:22 IST - BotCore - INFO - [KEEPALIVE] Keep-alive ping successful.
2026-05-17 11:26:57 IST - BotCore - INFO - Engine Heartbeat: Monitor loop is active and running 24/7.
2026-05-17 11:27:00 IST - BotCore - WARNING - WS Connection Closed. Reconnecting in 1s (Attempt 1/10)...
2026-05-17 11:27:01 IST - BotCore - INFO - WS Connection Opened
2026-05-17 11:30:14 IST - BotCore - INFO - [KEEPALIVE] Keep-alive ping successful.
2026-05-17 11:31:57 IST - BotCore - INFO - Engine Heartbeat: Monitor loop is active and running 24/7.
2026-05-17 11:34:00 IST - BotCore - INFO - API: Time synced. Offset: 0s
2026-05-17 11:34:00 IST - BotCore - INFO - Engine: Starting Delta BTC Options Bot in PAPER mode with Capital: $10000.0
2026-05-17 11:34:00 IST - BotCore - INFO - Starting Web Dashboard on port 5000
2026-05-17 11:34:01 IST - BotCore - INFO - Risk [PAPER]: Simulated equity is $10000.00 (No live check)
2026-05-17 11:34:02 IST - BotCore - INFO - WS Connection Opened
2026-05-17 11:35:00 IST - BotCore - INFO - Keep-alive pinger started. Target URL: http://localhost:5000
2026-05-17 11:35:03 IST - BotCore - INFO - [KEEPALIVE] Keep-alive ping successful.
2026-05-17 11:39:02 IST - BotCore - INFO - Engine Heartbeat: Monitor loop is active and running 24/7.
2026-05-17 11:39:05 IST - BotCore - INFO - [KEEPALIVE] Keep-alive ping successful.
2026-05-17 11:46:07 IST - BotCore - INFO - API: Time synced. Offset: -1s
2026-05-17 11:46:07 IST - BotCore - INFO - Engine: Starting Delta BTC Options Bot in PAPER mode with Capital: $10000.0
2026-05-17 11:46:07 IST - BotCore - INFO - Starting Web Dashboard on port 5000
2026-05-17 11:46:07 IST - BotCore - INFO - Risk [PAPER]: Simulated equity is $10000.00 (No live check)
2026-05-17 11:46:08 IST - BotCore - INFO - WS Connection Opened
2026-05-17 11:47:07 IST - BotCore - INFO - Keep-alive pinger started. Target URL: http://localhost:5000
2026-05-17 11:47:09 IST - BotCore - INFO - [KEEPALIVE] Keep-alive ping successful.
2026-05-17 11:48:11 IST - BotCore - INFO - Web [test_order]: Running test order via bot_engine...
2026-05-17 11:48:11 IST - BotCore - INFO - Engine [TEST]: run_test_order triggered
2026-05-17 11:48:11 IST - BotCore - INFO - Engine [TEST]: Searching strikes (Expiry: 180526)...
2026-05-17 11:48:12 IST - BotCore - INFO - Engine [TEST]: Strikes found — Call: C-ETH-2260-180526 @ 1.13740853, Put: P-ETH-2100-180526 @ 1.17954964
2026-05-17 11:48:12 IST - BotCore - INFO - Engine [TEST]: PAPER Entry simulated. Call entry: 2.0456, Put entry: 2.0877 (entry slippage: +0.91)
2026-05-17 11:48:12 IST - BotCore - INFO - Engine [TEST]: Simulating execution delay: 203ms
2026-05-17 11:48:13 IST - BotCore - INFO - Engine [TEST]: Waiting 10 seconds before simulated exit...
2026-05-17 11:51:08 IST - BotCore - INFO - Engine Heartbeat: Monitor loop is active and running 24/7.
2026-05-17 11:51:11 IST - BotCore - INFO - [KEEPALIVE] Keep-alive ping successful.
2026-05-17 11:55:13 IST - BotCore - INFO - [KEEPALIVE] Keep-alive ping successful.
2026-05-17 11:56:08 IST - BotCore - INFO - Engine Heartbeat: Monitor loop is active and running 24/7.
2026-05-17 11:56:08 IST - BotCore - WARNING - WS Connection Closed. Reconnecting in 1s (Attempt 1/10)...
2026-05-17 11:56:09 IST - BotCore - INFO - WS Connection Opened
2026-05-17 11:59:15 IST - BotCore - INFO - [KEEPALIVE] Keep-alive ping successful.
2026-05-17 12:01:08 IST - BotCore - INFO - Engine Heartbeat: Monitor loop is active and running 24/7.
2026-05-17 12:03:17 IST - BotCore - INFO - [KEEPALIVE] Keep-alive ping successful.
2026-05-17 12:06:08 IST - BotCore - INFO - Engine Heartbeat: Monitor loop is active and running 24/7.
2026-05-17 12:06:09 IST - BotCore - WARNING - WS Connection Closed. Reconnecting in 1s (Attempt 1/10)...
2026-05-17 12:06:11 IST - BotCore - INFO - WS Connection Opened
2026-05-17 12:07:19 IST - BotCore - INFO - [KEEPALIVE] Keep-alive ping successful.
2026-05-17 12:11:08 IST - BotCore - INFO - Engine Heartbeat: Monitor loop is active and running 24/7.
2026-05-17 12:11:21 IST - BotCore - INFO - [KEEPALIVE] Keep-alive ping successful.
2026-05-17 12:15:23 IST - BotCore - INFO - [KEEPALIVE] Keep-alive ping successful.
2026-05-17 12:16:08 IST - BotCore - INFO - Engine Heartbeat: Monitor loop is active and running 24/7.
2026-05-17 12:16:10 IST - BotCore - WARNING - WS Connection Closed. Reconnecting in 1s (Attempt 1/10)...
2026-05-17 12:16:12 IST - BotCore - INFO - WS Connection Opened
2026-05-17 12:19:25 IST - BotCore - INFO - [KEEPALIVE] Keep-alive ping successful.
2026-05-17 12:21:08 IST - BotCore - INFO - Engine Heartbeat: Monitor loop is active and running 24/7.
2026-05-17 12:23:27 IST - BotCore - INFO - [KEEPALIVE] Keep-alive ping successful.
2026-05-18 20:47:13 IST - BotCore - INFO - API: Time synced. Offset: -9s
2026-05-18 20:47:13 IST - BotCore - INFO - Engine: Starting Delta BTC Options Bot in PAPER mode with Capital: $10000.0
2026-05-18 20:47:13 IST - BotCore - INFO - Starting Web Dashboard on port 5000
2026-05-18 20:47:14 IST - BotCore - INFO - Risk [PAPER]: Simulated equity is $10000.00 (No live check)
2026-05-18 20:47:15 IST - BotCore - INFO - WS Connection Opened
2026-05-18 20:47:54 IST - BotCore - INFO - Web: Engine started via dashboard.
2026-05-18 20:48:13 IST - BotCore - INFO - Keep-alive pinger started. Target URL: http://localhost:5000
2026-05-18 20:48:15 IST - BotCore - INFO - [KEEPALIVE] Keep-alive ping successful.
2026-05-18 20:52:16 IST - BotCore - INFO - Engine Heartbeat: Monitor loop is active and running 24/7.
2026-05-18 20:52:17 IST - BotCore - INFO - [KEEPALIVE] Keep-alive ping successful.
2026-05-18 20:56:19 IST - BotCore - INFO - [KEEPALIVE] Keep-alive ping successful.
2026-05-18 20:57:14 IST - BotCore - WARNING - WS Connection Closed. Reconnecting in 1s (Attempt 1/10)...
2026-05-18 20:57:16 IST - BotCore - INFO - WS Connection Opened
2026-05-18 20:57:16 IST - BotCore - INFO - Engine Heartbeat: Monitor loop is active and running 24/7.
2026-05-18 21:00:21 IST - BotCore - INFO - [KEEPALIVE] Keep-alive ping successful.
2026-05-18 21:02:18 IST - BotCore - INFO - Engine Heartbeat: Monitor loop is active and running 24/7.
2026-05-18 21:03:30 IST - BotCore - INFO - API: Time synced. Offset: -8s
2026-05-18 21:03:30 IST - BotCore - INFO - Engine: Starting Delta BTC Options Bot in PAPER mode with Capital: $10000.0
2026-05-18 21:03:30 IST - BotCore - INFO - Starting Web Dashboard on port 5000
2026-05-18 21:03:31 IST - BotCore - INFO - Risk [PAPER]: Simulated equity is $10000.00 (No live check)
2026-05-18 21:03:31 IST - BotCore - INFO - WS Connection Opened
2026-05-18 21:04:30 IST - BotCore - INFO - Keep-alive pinger started. Target URL: http://localhost:5000
2026-05-18 21:04:32 IST - BotCore - INFO - [KEEPALIVE] Keep-alive ping successful.
2026-05-18 21:08:31 IST - BotCore - INFO - Engine Heartbeat: Monitor loop is active and running 24/7.
2026-05-18 21:08:34 IST - BotCore - INFO - [KEEPALIVE] Keep-alive ping successful.
2026-05-18 21:12:38 IST - BotCore - INFO - API: Time synced. Offset: -8s
2026-05-18 21:12:38 IST - BotCore - INFO - Engine: Starting Delta BTC Options Bot in PAPER mode with Capital: $10000.0
2026-05-18 21:12:38 IST - BotCore - INFO - Starting Web Dashboard on port 5000
2026-05-18 21:12:39 IST - BotCore - INFO - Risk [PAPER]: Simulated equity is $10000.00 (No live check)
2026-05-18 21:12:39 IST - BotCore - INFO - WS Connection Opened
2026-05-18 21:13:38 IST - BotCore - INFO - Keep-alive pinger started. Target URL: http://localhost:5000
2026-05-18 21:13:40 IST - BotCore - INFO - [KEEPALIVE] Keep-alive ping successful.
2026-05-18 21:17:40 IST - BotCore - INFO - Engine Heartbeat: Monitor loop is active and running 24/7.
2026-05-18 21:17:42 IST - BotCore - INFO - [KEEPALIVE] Keep-alive ping successful.
2026-05-18 21:21:30 IST - BotCore - INFO - API: Time synced. Offset: -7s
2026-05-18 21:21:30 IST - BotCore - INFO - Engine: Starting Delta BTC Options Bot in PAPER mode with Capital: $10000.0
2026-05-18 21:21:30 IST - BotCore - INFO - Starting Web Dashboard on port 5000
2026-05-18 21:21:31 IST - BotCore - INFO - Risk [PAPER]: Simulated equity is $10000.00 (No live check)
2026-05-18 21:21:31 IST - BotCore - INFO - WS Connection Opened
2026-05-18 21:22:30 IST - BotCore - INFO - Keep-alive pinger started. Target URL: http://localhost:5000
2026-05-18 21:22:32 IST - BotCore - INFO - [KEEPALIVE] Keep-alive ping successful.
2026-05-18 21:57:23 IST - BotCore - INFO - API: Time synced. Offset: -1s
2026-05-18 21:57:24 IST - BotCore - INFO - Strategy: Falling back to delta-based selection (Call: C-BTC-80000-290526 Delta: 0.2217, Put: P-BTC-74400-210526 Delta: -0.2173)
2026-05-18 21:57:47 IST - BotCore - INFO - API: Time synced. Offset: -4s
2026-05-18 21:57:49 IST - BotCore - INFO - Strategy: Falling back to delta-based selection (Call: C-BTC-77200-190526 Delta: 0.2117, Put: P-BTC-75400-190526 Delta: -0.2068)
2026-05-18 21:58:03 IST - BotCore - INFO - API: Time synced. Offset: -9s
2026-05-18 21:58:19 IST - BotCore - INFO - API: Time synced. Offset: -5s
2026-05-18 21:58:40 IST - BotCore - INFO - API: Time synced. Offset: -5s
2026-05-18 21:58:41 IST - BotCore - INFO - Strategy: Falling back to delta-based selection (Call: C-BTC-77000-190526 Delta: 0.2364, Put: P-BTC-75400-190526 Delta: -0.2363)
2026-05-18 21:59:04 IST - BotCore - INFO - API: Time synced. Offset: -7s
2026-05-18 21:59:43 IST - BotCore - INFO - API: Time synced. Offset: -4s
2026-05-18 21:59:58 IST - BotCore - INFO - API: Time synced. Offset: -8s
2026-05-18 22:00:40 IST - BotCore - INFO - API: Time synced. Offset: -8s
2026-05-18 22:01:18 IST - BotCore - INFO - API: Time synced. Offset: -4s
2026-05-18 22:01:19 IST - BotCore - INFO - Strategy: Selected strikes via premium rule (Call: C-BTC-80400-190526 Premium: Rs. 260.14, Put: P-BTC-74800-190526 Premium: Rs. 6023.52)
2026-05-18 22:12:43 IST - BotCore - INFO - API: Time synced. Offset: -7s
2026-05-18 22:12:43 IST - BotCore - INFO - Strategy: Falling back to delta-based selection (Call: C-BTC-77200-190526 Delta: 0.2377, Put: P-BTC-75600-190526 Delta: -0.2212)
2026-05-18 22:24:54 IST - BotCore - INFO - API: Time synced. Offset: -9s
2026-05-18 22:24:55 IST - BotCore - INFO - Strategy: Selected strikes via joint premium score rule (Call: C-BTC-77800-190526 Premium: Rs. 3444.18, Put: P-BTC-74800-190526 Premium: Rs. 4611.29, Diff: Rs. 1167.11)
2026-05-18 23:39:00 IST - BotCore - INFO - API: Time synced. Offset: -1s
2026-05-18 23:39:00 IST - BotCore - INFO - Engine [TEST]: run_test_order triggered
2026-05-18 23:39:00 IST - BotCore - INFO - Engine [TEST]: Searching strikes (Expiry: 190526)...
2026-05-18 23:39:01 IST - BotCore - INFO - Strategy: Falling back to delta-based selection (Call: C-BTC-77200-190526 Delta: 0.2288, Put: P-BTC-75600-190526 Delta: -0.1954)
2026-05-18 23:39:01 IST - BotCore - INFO - Engine [TEST]: Strikes found — Call: C-BTC-77200-190526 @ 117.57686133, Put: P-BTC-75600-190526 @ 119.38339922
2026-05-18 23:39:01 IST - BotCore - INFO - Engine [TEST]: PAPER Entry simulated. Call entry: 118.7474, Put entry: 120.5539 (entry slippage: +1.17)
2026-05-18 23:39:01 IST - BotCore - INFO - Engine [TEST]: Simulating execution delay: 297ms
2026-05-18 23:39:03 IST - BotCore - INFO - Engine [TEST]: Waiting 10 seconds before simulated exit...
2026-05-18 23:39:24 IST - BotCore - INFO - API: Time synced. Offset: -3s
2026-05-18 23:39:59 IST - BotCore - INFO - API: Time synced. Offset: -7s
2026-05-18 23:39:59 IST - BotCore - INFO - Strategy: Falling back to delta-based selection (Call: C-BTC-77200-190526 Delta: 0.2255, Put: P-BTC-75600-190526 Delta: -0.1975)
2026-05-18 23:40:27 IST - BotCore - INFO - API: Time synced. Offset: -4s
2026-05-18 23:41:02 IST - BotCore - INFO - API: Time synced. Offset: -7s
2026-05-18 23:41:04 IST - BotCore - INFO - Strategy: Falling back to delta-based selection (Call: C-BTC-77200-190526 Delta: 0.2258, Put: P-BTC-75600-190526 Delta: -0.1974)
2026-05-18 23:41:35 IST - BotCore - INFO - API: Time synced. Offset: -9s
2026-05-18 23:41:36 IST - BotCore - INFO - Strategy: Falling back to delta-based selection (Call: C-BTC-77600-190526 Delta: 0.1193, Put: P-BTC-75600-190526 Delta: -0.1956)
2026-05-18 23:41:50 IST - BotCore - INFO - API: Time synced. Offset: -3s
2026-05-18 23:41:50 IST - BotCore - INFO - Engine [TEST]: run_test_order triggered
2026-05-18 23:41:50 IST - BotCore - INFO - Engine [TEST]: Searching strikes (Expiry: 190526)...
2026-05-18 23:41:51 IST - BotCore - INFO - Strategy: Falling back to delta-based selection (Call: C-BTC-77600-190526 Delta: 0.1163, Put: P-BTC-75600-190526 Delta: -0.1993)
2026-05-18 23:41:51 IST - BotCore - INFO - Engine [TEST]: Strikes found — Call: C-BTC-77600-190526 @ 50.58884679, Put: P-BTC-75600-190526 @ 121.53845084
2026-05-18 23:41:51 IST - BotCore - INFO - Engine [TEST]: PAPER Entry simulated. Call entry: 51.3896, Put entry: 122.3392 (entry slippage: +0.80)
2026-05-18 23:41:51 IST - BotCore - INFO - Engine [TEST]: Simulating execution delay: 396ms
2026-05-18 23:41:52 IST - BotCore - INFO - Engine [TEST]: Waiting 10 seconds before simulated exit...
2026-05-18 23:42:45 IST - BotCore - INFO - API: Time synced. Offset: -5s
2026-05-18 23:42:45 IST - BotCore - INFO - Engine [TEST]: run_test_order triggered
2026-05-18 23:42:45 IST - BotCore - INFO - Engine [TEST]: Searching strikes (Expiry: 190526)...
2026-05-18 23:42:46 IST - BotCore - INFO - Strategy: Falling back to delta-based selection (Call: C-BTC-77600-190526 Delta: 0.1184, Put: P-BTC-75600-190526 Delta: -0.1948)
2026-05-18 23:42:46 IST - BotCore - INFO - Engine [TEST]: Strikes found — Call: C-BTC-77600-190526 @ 52.03265302, Put: P-BTC-75600-190526 @ 119.41287131
2026-05-18 23:42:46 IST - BotCore - INFO - Engine [TEST]: PAPER Entry simulated. Call entry: 52.6924, Put entry: 120.0726 (entry slippage: +0.66)
2026-05-18 23:42:46 IST - BotCore - INFO - Engine [TEST]: Simulating execution delay: 493ms
2026-05-18 23:42:47 IST - BotCore - INFO - Engine [TEST]: Waiting 10 seconds before simulated exit...
2026-05-18 23:42:58 IST - BotCore - INFO - Engine [TEST]: PAPER Exit simulated. Exit slippage: 1.11 pts. Call exit: 53.1420, Put exit: 120.5222. Simulated P&L: -0.8991 USDT (~Rs. -74.63)
2026-05-18 23:43:39 IST - BotCore - INFO - API: Time synced. Offset: -7s
2026-05-18 23:43:39 IST - BotCore - INFO - Strategy: Falling back to delta-based selection (Call: C-BTC-77400-190526 Delta: 0.1477, Put: P-BTC-75400-190526 Delta: -0.1749)
2026-05-19 00:28:52 IST - BotCore - INFO - API: Time synced. Offset: 72539s
2026-05-19 00:28:52 IST - BotCore - INFO - Engine: Starting Delta BTC Options Bot in PAPER mode with Capital: $10000.0
2026-05-19 00:28:52 IST - BotCore - INFO - Starting Web Dashboard on port 5000
2026-05-19 00:28:52 IST - BotCore - INFO - Risk [PAPER]: Simulated equity is $10000.00 (No live check)
2026-05-19 00:28:52 IST - BotCore - INFO - Engine: Starting 24/7 background Option Chain Monitor...
2026-05-19 00:28:53 IST - BotCore - INFO - WS Connection Opened
2026-05-19 00:29:52 IST - BotCore - INFO - Keep-alive pinger started. Target URL: http://localhost:5000
2026-05-19 00:29:54 IST - BotCore - INFO - [KEEPALIVE] Keep-alive ping successful.
2026-05-19 00:33:53 IST - BotCore - INFO - Engine Heartbeat: Monitor loop is active and running 24/7.
2026-05-19 00:33:56 IST - BotCore - INFO - [KEEPALIVE] Keep-alive ping successful.
2026-05-19 00:37:58 IST - BotCore - INFO - [KEEPALIVE] Keep-alive ping successful.
2026-05-19 00:38:53 IST - BotCore - WARNING - WS Connection Closed. Reconnecting in 1s (Attempt 1/10)...
2026-05-19 00:38:53 IST - BotCore - INFO - Engine Heartbeat: Monitor loop is active and running 24/7.
2026-05-19 00:38:54 IST - BotCore - INFO - WS Connection Opened
2026-05-19 00:42:00 IST - BotCore - INFO - [KEEPALIVE] Keep-alive ping successful.
2026-05-19 00:43:53 IST - BotCore - INFO - Engine Heartbeat: Monitor loop is active and running 24/7.
2026-05-19 00:44:30 IST - BotCore - INFO - Web [test_order]: Running test order via bot_engine...
2026-05-19 00:44:30 IST - BotCore - INFO - Engine [TEST]: run_test_order triggered
2026-05-19 00:44:30 IST - BotCore - INFO - Engine [TEST]: Searching strikes (Expiry: 200526)...
2026-05-19 00:44:30 IST - BotCore - INFO - Strategy: Selected balanced strikes (Call: C-BTC-77400-200526 Premium: 159.13, Put: P-BTC-75400-200526 Premium: 157.47, Diff: 1.66)
2026-05-19 00:44:30 IST - BotCore - INFO - Engine [TEST]: Strikes found — Call: C-BTC-77400-200526 @ 159.12866822, Put: P-BTC-75400-200526 @ 157.46593875
2026-05-19 00:44:30 IST - BotCore - INFO - Engine [TEST]: PAPER Entry simulated. Call entry: 159.7888, Put entry: 158.1261 (lots per leg: 100, entry slippage: +0.66)
2026-05-19 00:44:30 IST - BotCore - INFO - Engine [TEST]: Simulating execution delay: 457ms
2026-05-19 00:44:31 IST - BotCore - INFO - Engine [TEST]: Waiting 10 seconds before simulated exit...
2026-05-19 00:44:41 IST - BotCore - INFO - Engine [TEST]: PAPER Exit simulated. Exit slippage: 0.86 pts. Call exit: 159.9840, Put exit: 158.3212. Simulated P&L: -39.0271 USDT (~Rs. -3239.25)
2026-05-19 00:44:42 IST - BotCore - INFO - Web [test_order]: SUCCESS — Simulated successfully with slippage (0.86 pts). Call: C-BTC-77400-200526, Put: P-BTC-75400-200526. Simulated P&L: -39.0271 USDT (~Rs. -3239.25)
2026-05-19 00:46:02 IST - BotCore - INFO - [KEEPALIVE] Keep-alive ping successful.
2026-05-19 00:54:01 IST - BotCore - INFO - API: Time synced. Offset: 72547s
2026-05-19 00:54:01 IST - BotCore - INFO - Engine: Starting Delta BTC Options Bot in PAPER mode with Capital: $10000.0
2026-05-19 00:54:01 IST - BotCore - INFO - Starting Web Dashboard on port 5000
2026-05-19 00:54:01 IST - BotCore - INFO - Risk [PAPER]: Simulated equity is $10000.00 (No live check)
2026-05-19 00:54:01 IST - BotCore - INFO - Engine: Starting 24/7 background Option Chain Monitor...
2026-05-19 00:54:02 IST - BotCore - INFO - WS Connection Opened
2026-05-19 00:55:01 IST - BotCore - INFO - Keep-alive pinger started. Target URL: http://localhost:5000
2026-05-19 00:55:03 IST - BotCore - INFO - [KEEPALIVE] Keep-alive ping successful.
2026-05-19 00:59:32 IST - BotCore - INFO - API: Time synced. Offset: 72546s
2026-05-19 00:59:32 IST - BotCore - INFO - Engine: Starting Delta BTC Options Bot in PAPER mode with Capital: $10000.0
2026-05-19 00:59:32 IST - BotCore - INFO - Starting Web Dashboard on port 5000
2026-05-19 00:59:33 IST - BotCore - INFO - Risk [PAPER]: Simulated equity is $10000.00 (No live check)
2026-05-19 00:59:33 IST - BotCore - INFO - Engine: Starting 24/7 background Option Chain Monitor...
2026-05-19 00:59:34 IST - BotCore - INFO - WS Connection Opened
2026-05-19 01:00:32 IST - BotCore - INFO - Keep-alive pinger started. Target URL: http://localhost:5000
2026-05-19 01:00:34 IST - BotCore - INFO - [KEEPALIVE] Keep-alive ping successful.
2026-05-19 01:04:33 IST - BotCore - INFO - Engine Heartbeat: Monitor loop is active and running 24/7.
2026-05-19 01:04:36 IST - BotCore - INFO - [KEEPALIVE] Keep-alive ping successful.
2026-05-19 21:15:52 IST - BotCore - INFO - Engine: Entry cycle triggered
2026-05-19 21:15:52 IST - BotCore - INFO - Engine [PAPER]: Verifying API connection before trade...
2026-05-19 21:15:52 IST - BotCore - INFO - Engine [PAPER]: API Status (REST: OK, WS: OK) - Attempt 1/3
2026-05-19 21:15:52 IST - BotCore - INFO - Engine Heartbeat: Monitor loop is active and running 24/7.
2026-05-19 21:15:52 IST - BotCore - INFO - Engine [PAPER]: API connection status before trade entry: Connected
2026-05-19 21:15:52 IST - BotCore - INFO - Risk [PAPER]: Simulated equity is $10000.00 (No live check)
2026-05-19 21:15:52 IST - BotCore - WARNING - Filter: News API returned 429. Proceeding with caution.
2026-05-19 21:15:52 IST - BotCore - INFO - Engine: Filters not passed: Could not determine IV. Skipping entry.
2026-05-19 21:15:52 IST - BotCore - INFO - Engine: Entry cycle triggered
2026-05-19 21:15:52 IST - BotCore - INFO - Engine [PAPER]: Verifying API connection before trade...
2026-05-19 21:15:54 IST - BotCore - INFO - Engine [PAPER]: API Status (REST: OK, WS: OK) - Attempt 1/3
2026-05-19 21:15:54 IST - BotCore - INFO - Engine [PAPER]: API connection status before trade entry: Connected
2026-05-19 21:15:54 IST - BotCore - INFO - Risk [PAPER]: Simulated equity is $10000.00 (No live check)
2026-05-19 21:15:54 IST - BotCore - WARNING - Filter: News API returned 429. Proceeding with caution.
2026-05-19 21:15:54 IST - BotCore - INFO - Engine: Filters not passed: Could not determine IV. Skipping entry.
2026-05-19 21:15:54 IST - BotCore - INFO - Engine: Entry cycle triggered
2026-05-19 21:15:54 IST - BotCore - INFO - Engine [PAPER]: Verifying API connection before trade...
2026-05-19 21:15:54 IST - BotCore - INFO - Engine [PAPER]: API Status (REST: OK, WS: OK) - Attempt 1/3
2026-05-19 21:15:54 IST - BotCore - INFO - Engine [PAPER]: API connection status before trade entry: Connected
2026-05-19 21:15:54 IST - BotCore - INFO - Risk [PAPER]: Simulated equity is $10000.00 (No live check)
2026-05-19 21:15:55 IST - BotCore - WARNING - Filter: News API returned 429. Proceeding with caution.
2026-05-19 21:15:55 IST - BotCore - INFO - Engine: Filters not passed: Could not determine IV. Skipping entry.
2026-05-19 21:15:55 IST - BotCore - INFO - Engine: Exit cycle triggered (Fixed Time Square-off)
2026-05-19 21:15:55 IST - BotCore - INFO - Execution: Closing all positions due to End of Day Square-off
2026-05-19 21:15:55 IST - BotCore - INFO - Risk [PAPER]: Simulated equity is $10000.00 (No live check)
2026-05-19 21:15:55 IST - BotCore - INFO - Engine: Daily state reset.
2026-05-19 21:15:57 IST - BotCore - INFO - Engine: Generating Actual Report for 2026-05-19...
2026-05-19 21:15:57 IST - BotCore - WARNING - Filter: News API returned 429. Proceeding with caution.
2026-05-19 21:17:23 IST - BotCore - INFO - Web [manual_order]: Manual strangle entry cycle triggered via dashboard.
2026-05-19 21:17:23 IST - BotCore - INFO - Engine: Entry cycle triggered
2026-05-19 21:17:23 IST - BotCore - INFO - Engine [PAPER]: Verifying API connection before trade...
2026-05-19 21:17:23 IST - BotCore - INFO - Engine [PAPER]: API Status (REST: OK, WS: OK) - Attempt 1/3
2026-05-19 21:17:23 IST - BotCore - INFO - Engine [PAPER]: API connection status before trade entry: Connected
2026-05-19 21:17:23 IST - BotCore - INFO - Risk [PAPER]: Simulated equity is $10000.00 (No live check)
2026-05-19 21:17:23 IST - BotCore - WARNING - Filter: News API returned 429. Proceeding with caution.
2026-05-19 21:17:24 IST - BotCore - INFO - Engine: Filters not passed: Could not determine IV. Skipping entry.
2026-05-19 21:17:48 IST - BotCore - INFO - [KEEPALIVE] Keep-alive ping successful.
2026-05-19 21:18:43 IST - BotCore - WARNING - WS Connection Closed. Reconnecting in 1s (Attempt 1/10)...
2026-05-19 21:18:45 IST - BotCore - INFO - WS Connection Opened
2026-05-19 21:20:52 IST - BotCore - INFO - Engine Heartbeat: Monitor loop is active and running 24/7.
2026-05-19 21:21:50 IST - BotCore - INFO - [KEEPALIVE] Keep-alive ping successful.
2026-05-19 21:25:52 IST - BotCore - INFO - [KEEPALIVE] Keep-alive ping successful.
2026-05-19 21:25:52 IST - BotCore - INFO - Engine Heartbeat: Monitor loop is active and running 24/7.
2026-05-19 21:28:44 IST - BotCore - WARNING - WS Connection Closed. Reconnecting in 1s (Attempt 1/10)...
2026-05-19 21:28:46 IST - BotCore - INFO - WS Connection Opened
2026-05-19 21:29:54 IST - BotCore - INFO - [KEEPALIVE] Keep-alive ping successful.
2026-05-19 21:30:52 IST - BotCore - INFO - Engine Heartbeat: Monitor loop is active and running 24/7.
2026-05-19 21:33:56 IST - BotCore - INFO - [KEEPALIVE] Keep-alive ping successful.
2026-05-19 21:35:52 IST - BotCore - INFO - Engine Heartbeat: Monitor loop is active and running 24/7.
2026-05-19 21:38:13 IST - BotCore - INFO - API: Time synced. Offset: -4s
2026-05-19 21:38:13 IST - BotCore - INFO - Engine: Starting Delta BTC Options Bot in PAPER mode with Capital: $10000.0
2026-05-19 21:38:13 IST - BotCore - INFO - Starting Web Dashboard on port 5000
2026-05-19 21:38:14 IST - BotCore - INFO - Risk [PAPER]: Simulated equity is $10000.00 (No live check)
2026-05-19 21:38:14 IST - BotCore - INFO - Engine: Starting 24/7 background Option Chain Monitor...
2026-05-19 21:38:15 IST - BotCore - INFO - WS Connection Opened
2026-05-19 21:39:13 IST - BotCore - INFO - Keep-alive pinger started. Target URL: http://localhost:5000
2026-05-19 21:39:15 IST - BotCore - INFO - [KEEPALIVE] Keep-alive ping successful.
2026-05-19 21:43:14 IST - BotCore - INFO - Engine Heartbeat: Monitor loop is active and running 24/7.
2026-05-19 21:43:17 IST - BotCore - INFO - [KEEPALIVE] Keep-alive ping successful.
2026-05-19 21:47:19 IST - BotCore - INFO - [KEEPALIVE] Keep-alive ping successful.
2026-05-19 21:48:14 IST - BotCore - INFO - Engine Heartbeat: Monitor loop is active and running 24/7.
2026-05-19 21:48:14 IST - BotCore - WARNING - WS Connection Closed. Reconnecting in 1s (Attempt 1/10)...
2026-05-19 21:48:16 IST - BotCore - INFO - WS Connection Opened
2026-05-19 21:51:21 IST - BotCore - INFO - [KEEPALIVE] Keep-alive ping successful.
2026-05-19 21:53:15 IST - BotCore - INFO - Engine Heartbeat: Monitor loop is active and running 24/7.
2026-05-19 21:54:40 IST - BotCore - INFO - API: Time synced. Offset: -4s
2026-05-19 21:54:40 IST - BotCore - INFO - Engine: Starting Delta BTC Options Bot in PAPER mode with Capital: $10000.0
2026-05-19 21:54:40 IST - BotCore - INFO - Starting Web Dashboard on port 5000
2026-05-19 21:54:41 IST - BotCore - INFO - Risk [PAPER]: Simulated equity is $10000.00 (No live check)
2026-05-19 21:54:41 IST - BotCore - INFO - Engine: Starting 24/7 background Option Chain Monitor...
2026-05-19 21:54:41 IST - BotCore - INFO - WS Connection Opened
2026-05-19 21:55:40 IST - BotCore - INFO - Keep-alive pinger started. Target URL: http://localhost:5000
2026-05-19 21:55:42 IST - BotCore - INFO - [KEEPALIVE] Keep-alive ping successful.
2026-05-19 21:59:41 IST - BotCore - INFO - Engine Heartbeat: Monitor loop is active and running 24/7.
2026-05-19 21:59:44 IST - BotCore - INFO - [KEEPALIVE] Keep-alive ping successful.
2026-05-19 22:02:41 IST - BotCore - WARNING - WS Connection Closed. Reconnecting in 1s (Attempt 1/10)...
2026-05-19 22:02:43 IST - BotCore - INFO - WS Connection Opened
2026-05-19 22:03:46 IST - BotCore - INFO - [KEEPALIVE] Keep-alive ping successful.
2026-05-19 22:04:41 IST - BotCore - INFO - Engine Heartbeat: Monitor loop is active and running 24/7.
2026-05-19 22:07:48 IST - BotCore - INFO - [KEEPALIVE] Keep-alive ping successful.
2026-05-19 22:09:41 IST - BotCore - INFO - Engine Heartbeat: Monitor loop is active and running 24/7.
2026-05-19 22:11:50 IST - BotCore - INFO - [KEEPALIVE] Keep-alive ping successful.
2026-05-19 22:12:43 IST - BotCore - WARNING - WS Connection Closed. Reconnecting in 1s (Attempt 1/10)...
2026-05-19 22:12:44 IST - BotCore - INFO - WS Connection Opened
2026-05-19 22:14:41 IST - BotCore - INFO - Engine Heartbeat: Monitor loop is active and running 24/7.
2026-05-19 22:15:52 IST - BotCore - INFO - [KEEPALIVE] Keep-alive ping successful.
2026-05-19 22:19:41 IST - BotCore - INFO - Engine Heartbeat: Monitor loop is active and running 24/7.
2026-05-19 22:19:54 IST - BotCore - INFO - [KEEPALIVE] Keep-alive ping successful.
2026-05-19 22:22:44 IST - BotCore - WARNING - WS Connection Closed. Reconnecting in 1s (Attempt 1/10)...
2026-05-19 22:22:46 IST - BotCore - INFO - WS Connection Opened
2026-05-19 22:23:56 IST - BotCore - INFO - [KEEPALIVE] Keep-alive ping successful.
2026-05-19 22:24:42 IST - BotCore - INFO - Engine Heartbeat: Monitor loop is active and running 24/7.
2026-05-19 22:27:58 IST - BotCore - INFO - [KEEPALIVE] Keep-alive ping successful.
2026-05-19 22:29:42 IST - BotCore - INFO - Engine Heartbeat: Monitor loop is active and running 24/7.
2026-05-19 22:42:57 IST - BotCore - INFO - API: Time synced. Offset: -1s
2026-05-19 22:47:43 IST - BotCore - INFO - API: Time synced. Offset: 0s
2026-05-19 22:47:43 IST - BotCore - INFO - Engine: Starting Delta BTC Options Bot in PAPER mode with Capital: $10000.0
2026-05-19 22:47:43 IST - BotCore - INFO - Starting Web Dashboard on port 5000
2026-05-19 22:47:44 IST - BotCore - INFO - Risk [PAPER]: Simulated equity is $10000.00 (No live check)
2026-05-19 22:47:44 IST - BotCore - INFO - Engine: Starting 24/7 background Option Chain Monitor...
2026-05-19 22:47:44 IST - BotCore - INFO - WS Connection Opened
2026-05-19 22:48:43 IST - BotCore - INFO - Keep-alive pinger started. Target URL: http://localhost:5000
2026-05-19 22:48:45 IST - BotCore - INFO - [KEEPALIVE] Keep-alive ping successful.
2026-05-19 22:56:31 IST - BotCore - INFO - API: Time synced. Offset: -9s
2026-05-19 22:56:31 IST - BotCore - INFO - Engine: Starting Delta BTC Options Bot in PAPER mode with Capital: $10000.0
2026-05-19 22:56:31 IST - BotCore - INFO - Starting Web Dashboard on port 5000
2026-05-19 22:56:32 IST - BotCore - INFO - Risk [PAPER]: Simulated equity is $10000.00 (No live check)
2026-05-19 22:56:32 IST - BotCore - INFO - Engine: Starting 24/7 background Option Chain Monitor...
2026-05-19 22:56:33 IST - BotCore - INFO - WS Connection Opened
2026-05-19 22:57:31 IST - BotCore - INFO - Keep-alive pinger started. Target URL: http://localhost:5000
2026-05-19 22:57:33 IST - BotCore - INFO - [KEEPALIVE] Keep-alive ping successful.
2026-05-19 23:01:32 IST - BotCore - INFO - Engine Heartbeat: Monitor loop is active and running 24/7.
2026-05-19 23:01:35 IST - BotCore - INFO - [KEEPALIVE] Keep-alive ping successful.
2026-05-19 23:05:37 IST - BotCore - INFO - [KEEPALIVE] Keep-alive ping successful.
2026-05-20 20:47:05 IST - BotCore - INFO - API: Time synced. Offset: -8s
2026-05-20 20:47:05 IST - BotCore - INFO - Engine: Starting Delta BTC Options Bot in PAPER mode with Capital: $10000.0
2026-05-20 20:47:05 IST - BotCore - INFO - Starting Web Dashboard on port 5000
2026-05-20 20:47:06 IST - BotCore - INFO - Risk [PAPER]: Simulated equity is $10000.00 (No live check)
2026-05-20 20:47:06 IST - BotCore - INFO - Engine: Starting 24/7 background Option Chain Monitor...
2026-05-20 20:47:07 IST - BotCore - INFO - WS Connection Opened
2026-05-20 20:48:05 IST - BotCore - INFO - Keep-alive pinger started. Target URL: http://localhost:5000
2026-05-20 20:48:07 IST - BotCore - INFO - [KEEPALIVE] Keep-alive ping successful.
2026-05-20 20:52:06 IST - BotCore - INFO - Engine Heartbeat: Monitor loop is active and running 24/7.
2026-05-20 20:52:09 IST - BotCore - INFO - [KEEPALIVE] Keep-alive ping successful.
2026-05-20 20:56:11 IST - BotCore - INFO - [KEEPALIVE] Keep-alive ping successful.
2026-05-20 20:57:06 IST - BotCore - INFO - Engine Heartbeat: Monitor loop is active and running 24/7.
2026-05-20 20:57:06 IST - BotCore - WARNING - WS Connection Closed. Reconnecting in 1s (Attempt 1/10)...
2026-05-20 20:57:08 IST - BotCore - INFO - WS Connection Opened
2026-05-20 21:00:13 IST - BotCore - INFO - [KEEPALIVE] Keep-alive ping successful.
2026-05-20 21:02:06 IST - BotCore - INFO - Engine Heartbeat: Monitor loop is active and running 24/7.
2026-05-20 21:04:15 IST - BotCore - INFO - [KEEPALIVE] Keep-alive ping successful.
2026-05-20 21:07:07 IST - BotCore - INFO - Engine Heartbeat: Monitor loop is active and running 24/7.
2026-05-20 21:07:08 IST - BotCore - WARNING - WS Connection Closed. Reconnecting in 1s (Attempt 1/10)...
2026-05-20 21:07:09 IST - BotCore - INFO - WS Connection Opened
2026-05-20 21:08:17 IST - BotCore - INFO - [KEEPALIVE] Keep-alive ping successful.
2026-05-20 21:12:07 IST - BotCore - INFO - Engine Heartbeat: Monitor loop is active and running 24/7.
2026-05-20 21:12:20 IST - BotCore - INFO - [KEEPALIVE] Keep-alive ping successful.
2026-05-20 21:16:22 IST - BotCore - INFO - [KEEPALIVE] Keep-alive ping successful.
2026-05-20 21:17:07 IST - BotCore - INFO - Engine Heartbeat: Monitor loop is active and running 24/7.
2026-05-20 21:17:09 IST - BotCore - WARNING - WS Connection Closed. Reconnecting in 1s (Attempt 1/10)...
2026-05-20 21:17:11 IST - BotCore - INFO - WS Connection Opened
2026-05-20 21:20:24 IST - BotCore - INFO - [KEEPALIVE] Keep-alive ping successful.
2026-05-20 21:22:07 IST - BotCore - INFO - Engine Heartbeat: Monitor loop is active and running 24/7.
2026-05-20 21:24:26 IST - BotCore - INFO - [KEEPALIVE] Keep-alive ping successful.
2026-05-20 21:27:07 IST - BotCore - INFO - Engine Heartbeat: Monitor loop is active and running 24/7.
2026-05-20 21:27:10 IST - BotCore - WARNING - WS Connection Closed. Reconnecting in 1s (Attempt 1/10)...
2026-05-20 21:27:12 IST - BotCore - INFO - WS Connection Opened
2026-05-20 21:28:28 IST - BotCore - INFO - [KEEPALIVE] Keep-alive ping successful.
2026-05-20 21:32:07 IST - BotCore - INFO - Engine Heartbeat: Monitor loop is active and running 24/7.
2026-05-20 21:32:30 IST - BotCore - INFO - [KEEPALIVE] Keep-alive ping successful.
2026-05-20 21:36:32 IST - BotCore - INFO - [KEEPALIVE] Keep-alive ping successful.
2026-05-20 21:37:07 IST - BotCore - INFO - Engine Heartbeat: Monitor loop is active and running 24/7.
2026-05-20 21:37:12 IST - BotCore - WARNING - WS Connection Closed. Reconnecting in 1s (Attempt 1/10)...
2026-05-20 21:37:13 IST - BotCore - INFO - WS Connection Opened
2026-05-20 21:40:34 IST - BotCore - INFO - [KEEPALIVE] Keep-alive ping successful.
2026-05-20 21:42:07 IST - BotCore - INFO - Engine Heartbeat: Monitor loop is active and running 24/7.
2026-05-20 21:44:36 IST - BotCore - INFO - [KEEPALIVE] Keep-alive ping successful.
2026-05-20 21:47:08 IST - BotCore - INFO - Engine Heartbeat: Monitor loop is active and running 24/7.
2026-05-20 21:47:13 IST - BotCore - WARNING - WS Connection Closed. Reconnecting in 1s (Attempt 1/10)...
2026-05-20 21:47:15 IST - BotCore - INFO - WS Connection Opened
2026-05-20 21:48:38 IST - BotCore - INFO - [KEEPALIVE] Keep-alive ping successful.
2026-05-20 21:52:08 IST - BotCore - INFO - Engine Heartbeat: Monitor loop is active and running 24/7.
2026-05-20 21:52:40 IST - BotCore - INFO - [KEEPALIVE] Keep-alive ping successful.
2026-05-20 21:56:42 IST - BotCore - INFO - [KEEPALIVE] Keep-alive ping successful.
2026-05-20 21:57:08 IST - BotCore - INFO - Engine Heartbeat: Monitor loop is active and running 24/7.
2026-05-20 21:57:14 IST - BotCore - WARNING - WS Connection Closed. Reconnecting in 1s (Attempt 1/10)...
2026-05-20 21:57:16 IST - BotCore - INFO - WS Connection Opened
2026-05-20 22:00:44 IST - BotCore - INFO - [KEEPALIVE] Keep-alive ping successful.
2026-05-20 22:02:08 IST - BotCore - INFO - Engine Heartbeat: Monitor loop is active and running 24/7.
2026-05-20 22:04:46 IST - BotCore - INFO - [KEEPALIVE] Keep-alive ping successful.
2026-05-20 22:07:08 IST - BotCore - INFO - Engine Heartbeat: Monitor loop is active and running 24/7.
2026-05-20 22:07:16 IST - BotCore - WARNING - WS Connection Closed. Reconnecting in 1s (Attempt 1/10)...
2026-05-20 22:07:17 IST - BotCore - INFO - WS Connection Opened
2026-05-20 22:08:48 IST - BotCore - INFO - [KEEPALIVE] Keep-alive ping successful.
2026-05-20 22:10:14 IST - BotCore - WARNING - WS Connection Closed. Reconnecting in 1s (Attempt 1/10)...
2026-05-20 22:10:15 IST - BotCore - INFO - WS Connection Opened
2026-05-20 22:12:08 IST - BotCore - INFO - Engine Heartbeat: Monitor loop is active and running 24/7.
2026-05-20 22:12:50 IST - BotCore - INFO - [KEEPALIVE] Keep-alive ping successful.
2026-05-20 22:16:52 IST - BotCore - INFO - [KEEPALIVE] Keep-alive ping successful.
2026-05-20 22:17:08 IST - BotCore - INFO - Engine Heartbeat: Monitor loop is active and running 24/7.
2026-05-20 22:20:15 IST - BotCore - WARNING - WS Connection Closed. Reconnecting in 1s (Attempt 1/10)...
2026-05-20 22:20:17 IST - BotCore - INFO - WS Connection Opened
2026-05-20 22:20:54 IST - BotCore - INFO - [KEEPALIVE] Keep-alive ping successful.
2026-05-20 22:22:08 IST - BotCore - INFO - Engine Heartbeat: Monitor loop is active and running 24/7.
2026-05-20 22:24:56 IST - BotCore - INFO - [KEEPALIVE] Keep-alive ping successful.
2026-05-20 22:27:09 IST - BotCore - INFO - Engine Heartbeat: Monitor loop is active and running 24/7.
2026-05-20 22:28:58 IST - BotCore - INFO - [KEEPALIVE] Keep-alive ping successful.
2026-05-20 22:30:17 IST - BotCore - WARNING - WS Connection Closed. Reconnecting in 1s (Attempt 1/10)...
2026-05-20 22:30:18 IST - BotCore - INFO - WS Connection Opened
2026-05-20 22:32:09 IST - BotCore - INFO - Engine Heartbeat: Monitor loop is active and running 24/7.
2026-05-20 22:33:00 IST - BotCore - INFO - [KEEPALIVE] Keep-alive ping successful.
2026-05-20 22:37:02 IST - BotCore - INFO - [KEEPALIVE] Keep-alive ping successful.
2026-05-20 22:37:09 IST - BotCore - INFO - Engine Heartbeat: Monitor loop is active and running 24/7.
2026-05-20 22:40:18 IST - BotCore - WARNING - WS Connection Closed. Reconnecting in 1s (Attempt 1/10)...
2026-05-20 22:40:19 IST - BotCore - INFO - WS Connection Opened
2026-05-20 22:41:04 IST - BotCore - INFO - [KEEPALIVE] Keep-alive ping successful.
2026-05-20 22:42:09 IST - BotCore - INFO - Engine Heartbeat: Monitor loop is active and running 24/7.
2026-05-20 22:52:35 IST - BotCore - INFO - API: Time synced. Offset: -2s
2026-05-20 22:52:35 IST - BotCore - INFO - Engine: Starting Delta BTC Options Bot in PAPER mode with Capital: $10000.0
2026-05-20 22:52:35 IST - BotCore - INFO - Starting Web Dashboard on port 5000
2026-05-20 22:52:36 IST - BotCore - INFO - Risk [PAPER]: Simulated equity is $10000.00 (No live check)
2026-05-20 22:52:36 IST - BotCore - INFO - Engine: Starting 24/7 background Option Chain Monitor...
2026-05-20 22:52:36 IST - BotCore - INFO - WS Connection Opened
2026-05-21 22:39:23 IST - BotCore - INFO - API: Time synced. Offset: -3s
2026-05-21 22:39:25 IST - BotCore - INFO - Engine: Starting Delta BTC Options Bot in PAPER mode with Capital: $10000.0
2026-05-21 22:39:25 IST - BotCore - INFO - Starting Web Dashboard on port 5000
2026-05-21 22:39:26 IST - BotCore - INFO - Risk [PAPER]: Simulated equity is $10000.00 (No live check)
2026-05-21 22:39:26 IST - BotCore - INFO - Engine: Starting 24/7 background Option Chain Monitor...
2026-05-21 22:39:27 IST - BotCore - INFO - WS Connection Opened
2026-05-21 22:40:25 IST - BotCore - INFO - Keep-alive pinger started. Target URL: http://localhost:5000
2026-05-21 22:40:27 IST - BotCore - INFO - [KEEPALIVE] Keep-alive ping successful.
2026-05-21 22:42:39 IST - BotCore - INFO - API: Time synced. Offset: -1s
2026-05-21 22:42:40 IST - BotCore - INFO - Engine: Starting Delta BTC Options Bot in PAPER mode with Capital: $10000.0
2026-05-21 22:42:40 IST - BotCore - INFO - Starting Web Dashboard on port 5000
2026-05-21 22:42:40 IST - BotCore - INFO - Risk [PAPER]: Simulated equity is $10000.00 (No live check)
2026-05-21 22:42:40 IST - BotCore - INFO - Engine: Starting 24/7 background Option Chain Monitor...
2026-05-21 22:42:41 IST - BotCore - INFO - WS Connection Opened
2026-05-21 22:43:40 IST - BotCore - INFO - Keep-alive pinger started. Target URL: http://localhost:5000
2026-05-21 22:43:42 IST - BotCore - INFO - [KEEPALIVE] Keep-alive ping successful.
2026-05-21 22:45:00 IST - BotCore - INFO - API: Time synced. Offset: -6s
2026-05-21 22:45:32 IST - BotCore - INFO - API: Time synced. Offset: -5s
2026-05-21 22:45:55 IST - BotCore - INFO - API: Time synced. Offset: -8s
2026-05-21 22:47:41 IST - BotCore - INFO - Engine Heartbeat: Monitor loop is active and running 24/7.
2026-05-21 22:47:44 IST - BotCore - INFO - [KEEPALIVE] Keep-alive ping successful.
2026-05-21 22:47:48 IST - BotCore - INFO - API: Time synced. Offset: -5s
2026-05-21 22:48:23 IST - BotCore - INFO - API: Time synced. Offset: -8s
2026-05-21 22:48:40 IST - BotCore - INFO - API: Time synced. Offset: -5s
2026-05-21 22:48:40 IST - BotCore - INFO - Filters: ForexFactory calendar cache updated.
2026-05-21 22:49:04 IST - BotCore - INFO - API: Time synced. Offset: -9s
2026-05-21 22:49:04 IST - BotCore - INFO - Engine: Starting Delta BTC Options Bot in PAPER mode with Capital: $10000.0
2026-05-21 22:49:04 IST - BotCore - INFO - Starting Web Dashboard on port 5000
2026-05-21 22:49:05 IST - BotCore - INFO - Risk [PAPER]: Simulated equity is $10000.00 (No live check)
2026-05-21 22:49:05 IST - BotCore - INFO - Rule Compliance: 100% (11/11)
Rule 1: Entry Times - [PASS]
   Expected: 8:30, 9:00, 9:30 AM IST
Rule 2: Strike Selection (IV-Based + 4 OTM) - [PASS]
   Expected: DVOL-based premium ranges, Min 4 strikes OTM, Put <= 1.35xCall, Net Delta <= 0.15
Rule 3: Lot Size (Manual + Dynamic) - [PASS]
   Expected: Manual from dashboard + DVOL/loss-based dynamic sizing
Rule 4: Stop Loss & Target - [PASS]
   Expected: 150% SL, 70% Full Target
Rule 5: Partial Profit - [PASS]
   Expected: 50% Size at 50% Profit
Rule 6: Trailing Stop Loss - [PASS]
   Expected: Breakeven after 40% Profit
Rule 7: DVOL Percentile Filter - [PASS]
   Expected: Trade only if DVOL Percentile 20%-80%
Rule 8: Smart Hedging - [PASS]
   Expected: IV-based thresholds: <45% delta>0.20, 45-55% delta>0.17, >55% delta>0.12
Rule 9: Dynamic Position Sizing - [PASS]
   Expected: DVOL 40-55% +20%, 2 losses -20%, Daily >2% -30%
Rule 10: Money Management - [PASS]
   Expected: 1.5% risk/trade, 3% daily limit, 3 consecutive losses stop, 2.5% pause next day
Rule 11: Exit Time - [PASS]
   Expected: Prepare 16:55 IST, Hard Exit 17:00 IST
2026-05-21 22:49:05 IST - BotCore - INFO - Engine: Starting 24/7 background Option Chain Monitor...
2026-05-21 22:49:06 IST - BotCore - INFO - WS Connection Opened
2026-05-21 22:49:08 IST - BotCore - INFO - Filters: ForexFactory calendar cache updated.
2026-05-21 22:49:52 IST - BotCore - INFO - Web: Running backtest for 89 days, capital: $50000.0...
2026-05-21 22:50:04 IST - BotCore - INFO - Keep-alive pinger started. Target URL: http://localhost:5000
2026-05-21 22:50:06 IST - BotCore - INFO - [KEEPALIVE] Keep-alive ping successful.
2026-05-21 22:50:11 IST - BotCore - INFO - Web: Running backtest for 89 days, capital: $50000.0...
2026-05-21 22:50:34 IST - BotCore - INFO - Web [test_order]: Running test order via bot_engine...
2026-05-21 22:50:34 IST - BotCore - INFO - Engine [TEST]: run_test_order triggered
2026-05-21 22:50:34 IST - BotCore - INFO - Engine [TEST]: Searching strikes (Expiry: 220526)...
2026-05-21 22:50:34 IST - BotCore - INFO - Strategy: Using legacy premium range $100–$250
2026-05-21 22:50:34 IST - BotCore - INFO - Strategy: Soft fallback to delta-based selection (Call: C-BTC-78500-220526 Delta: 0.2092, Put: P-BTC-77200-220526 Delta: -0.2040)
2026-05-21 22:50:34 IST - BotCore - INFO - Engine [TEST]: Strikes found — Call: C-BTC-78500-220526 @ 99.037907, Put: P-BTC-77200-220526 @ 93.57732199
2026-05-21 22:50:34 IST - BotCore - INFO - Engine [TEST]: Using saved lot size — total: 200, per leg: 100
2026-05-21 22:50:34 IST - BotCore - INFO - Engine [TEST]: PAPER Entry simulated. Call entry: 99.8634, Put entry: 94.4028 (lots per leg: 100, entry slippage: +0.83)
2026-05-21 22:50:34 IST - BotCore - INFO - Engine [TEST]: Simulating execution delay: 488ms
2026-05-21 22:50:36 IST - BotCore - INFO - Engine [TEST]: Waiting 10 seconds before simulated exit...
2026-05-21 22:50:47 IST - BotCore - INFO - Engine [TEST]: PAPER Exit simulated. Exit slippage: 1.49 pts. Call exit: 100.5245, Put exit: 95.0639. Simulated P&L: -132.2210 USDT (~Rs. -10974.34)
2026-05-21 22:50:47 IST - BotCore - INFO - Web [test_order]: SUCCESS — Simulated successfully with slippage (1.49 pts). Call: C-BTC-78500-220526, Put: P-BTC-77200-220526. Simulated P&L: -132.2210 USDT (~Rs. -10974.34)
2026-05-21 22:52:36 IST - BotCore - WARNING - WS Connection Closed. Reconnecting in 1s (Attempt 1/10)...
2026-05-21 22:52:38 IST - BotCore - INFO - WS Connection Opened
2026-05-21 22:54:05 IST - BotCore - INFO - Engine Heartbeat: Monitor loop is active and running 24/7.
2026-05-21 22:54:09 IST - BotCore - INFO - [KEEPALIVE] Keep-alive ping successful.
2026-05-21 22:58:11 IST - BotCore - INFO - [KEEPALIVE] Keep-alive ping successful.
2026-05-21 22:59:06 IST - BotCore - INFO - Engine Heartbeat: Monitor loop is active and running 24/7.
2026-05-21 23:00:33 IST - BotCore - INFO - Web: Running backtest for 89 days, capital: $50000.0...
2026-05-21 23:02:13 IST - BotCore - INFO - [KEEPALIVE] Keep-alive ping successful.
2026-05-21 23:02:15 IST - BotCore - INFO - Web: Running backtest for 89 days, capital: $50000.0...
2026-05-21 23:02:37 IST - BotCore - WARNING - WS Connection Closed. Reconnecting in 1s (Attempt 1/10)...
2026-05-21 23:02:39 IST - BotCore - INFO - WS Connection Opened
2026-05-21 23:03:09 IST - BotCore - INFO - Web: Running backtest for 89 days, capital: $50000.0...
2026-05-21 23:03:19 IST - BotCore - INFO - API: Time synced. Offset: -6s
2026-05-21 23:03:19 IST - BotCore - INFO - Engine: Starting Delta BTC Options Bot in PAPER mode with Capital: $10000.0
2026-05-21 23:03:19 IST - BotCore - INFO - Starting Web Dashboard on port 5000
2026-05-21 23:03:20 IST - BotCore - INFO - Risk [PAPER]: Simulated equity is $10000.00 (No live check)
2026-05-21 23:03:20 IST - BotCore - INFO - Rule Compliance: 100% (11/11)
Rule 1: Entry Times - [PASS]
   Expected: 8:30, 9:00, 9:30 AM IST
Rule 2: Strike Selection (IV-Based + 4 OTM) - [PASS]
   Expected: DVOL-based premium ranges, Min 4 strikes OTM, Put <= 1.35xCall, Net Delta <= 0.15
Rule 3: Lot Size (Manual + Dynamic) - [PASS]
   Expected: Manual from dashboard + DVOL/loss-based dynamic sizing
Rule 4: Stop Loss & Target - [PASS]
   Expected: 150% SL, 70% Full Target
Rule 5: Partial Profit - [PASS]
   Expected: 50% Size at 50% Profit
Rule 6: Trailing Stop Loss - [PASS]
   Expected: Breakeven after 40% Profit
Rule 7: DVOL Percentile Filter - [PASS]
   Expected: Trade only if DVOL Percentile 20%-80%
Rule 8: Smart Hedging - [PASS]
   Expected: IV-based thresholds: <45% delta>0.20, 45-55% delta>0.17, >55% delta>0.12
Rule 9: Dynamic Position Sizing - [PASS]
   Expected: DVOL 40-55% +20%, 2 losses -20%, Daily >2% -30%
Rule 10: Money Management - [PASS]
   Expected: 1.5% risk/trade, 3% daily limit, 3 consecutive losses stop, 2.5% pause next day
Rule 11: Exit Time - [PASS]
   Expected: Prepare 16:55 IST, Hard Exit 17:00 IST
2026-05-21 23:03:20 IST - BotCore - INFO - Engine: Starting 24/7 background Option Chain Monitor...
2026-05-21 23:03:21 IST - BotCore - INFO - WS Connection Opened
2026-05-21 23:03:31 IST - BotCore - INFO - Web: Running backtest for 89 days, capital: $50000.0...
2026-05-21 23:04:19 IST - BotCore - INFO - Keep-alive pinger started. Target URL: http://localhost:5000
2026-05-21 23:04:21 IST - BotCore - INFO - [KEEPALIVE] Keep-alive ping successful.
2026-05-21 23:05:52 IST - BotCore - INFO - API: Time synced. Offset: -10s
2026-05-21 23:05:52 IST - BotCore - INFO - Engine: Starting Delta BTC Options Bot in LIVE mode with Capital: $10000.0
2026-05-21 23:05:52 IST - BotCore - INFO - Starting Web Dashboard on port 5000
2026-05-21 23:05:53 IST - BotCore - INFO - Rule Compliance: 100% (11/11)
Rule 1: Entry Times - [PASS]
   Expected: 8:30, 9:00, 9:30 AM IST
Rule 2: Strike Selection (IV-Based + 4 OTM) - [PASS]
   Expected: DVOL-based premium ranges, Min 4 strikes OTM, Put <= 1.35xCall, Net Delta <= 0.15
Rule 3: Lot Size (Manual + Dynamic) - [PASS]
   Expected: Manual from dashboard + DVOL/loss-based dynamic sizing
Rule 4: Stop Loss & Target - [PASS]
   Expected: 150% SL, 70% Full Target
Rule 5: Partial Profit - [PASS]
   Expected: 50% Size at 50% Profit
Rule 6: Trailing Stop Loss - [PASS]
   Expected: Breakeven after 40% Profit
Rule 7: DVOL Percentile Filter - [PASS]
   Expected: Trade only if DVOL Percentile 20%-80%
Rule 8: Smart Hedging - [PASS]
   Expected: IV-based thresholds: <45% delta>0.20, 45-55% delta>0.17, >55% delta>0.12
Rule 9: Dynamic Position Sizing - [PASS]
   Expected: DVOL 40-55% +20%, 2 losses -20%, Daily >2% -30%
Rule 10: Money Management - [PASS]
   Expected: 1.5% risk/trade, 3% daily limit, 3 consecutive losses stop, 2.5% pause next day
Rule 11: Exit Time - [PASS]
   Expected: Prepare 16:55 IST, Hard Exit 17:00 IST
2026-05-21 23:05:53 IST - BotCore - INFO - Engine: Starting 24/7 background Option Chain Monitor...
2026-05-21 23:05:53 IST - BotCore - INFO - WS Connection Opened
2026-05-21 23:06:03 IST - BotCore - INFO - Web: Running backtest for 89 days, capital: $50000.0...
2026-05-21 23:06:52 IST - BotCore - INFO - Keep-alive pinger started. Target URL: http://localhost:5000
2026-05-21 23:06:54 IST - BotCore - INFO - [KEEPALIVE] Keep-alive ping successful.
2026-05-21 23:08:12 IST - BotCore - INFO - Filters: ForexFactory calendar cache updated.
2026-05-21 23:09:46 IST - BotCore - INFO - API: Time synced. Offset: -9s
2026-05-21 23:09:46 IST - BotCore - INFO - Engine: Starting Delta BTC Options Bot in LIVE mode with Capital: $10000.0
2026-05-21 23:09:46 IST - BotCore - INFO - Starting Web Dashboard on port 5000
2026-05-21 23:09:47 IST - BotCore - INFO - Rule Compliance: 100% (11/11)
Rule 1: Entry Times - [PASS]
   Expected: 8:30, 9:00, 9:30 AM IST
Rule 2: Strike Selection (IV-Based + 4 OTM) - [PASS]
   Expected: DVOL-based premium ranges, Min 4 strikes OTM, Put <= 1.35xCall, Net Delta <= 0.15
Rule 3: Lot Size (Manual + Dynamic) - [PASS]
   Expected: Manual from dashboard + DVOL/loss-based dynamic sizing
Rule 4: Stop Loss & Target - [PASS]
   Expected: 150% SL, 70% Full Target
Rule 5: Partial Profit - [PASS]
   Expected: 50% Size at 50% Profit
Rule 6: Trailing Stop Loss - [PASS]
   Expected: Breakeven after 40% Profit
Rule 7: DVOL Percentile Filter - [PASS]
   Expected: Trade only if DVOL Percentile 20%-80%
Rule 8: Smart Hedging - [PASS]
   Expected: IV-based thresholds: <45% delta>0.20, 45-55% delta>0.17, >55% delta>0.12
Rule 9: Dynamic Position Sizing - [PASS]
   Expected: DVOL 40-55% +20%, 2 losses -20%, Daily >2% -30%
Rule 10: Money Management - [PASS]
   Expected: 1.5% risk/trade, 3% daily limit, 3 consecutive losses stop, 2.5% pause next day
Rule 11: Exit Time - [PASS]
   Expected: Prepare 16:55 IST, Hard Exit 17:00 IST
2026-05-21 23:09:47 IST - BotCore - INFO - Engine: Starting 24/7 background Option Chain Monitor...
2026-05-21 23:09:47 IST - BotCore - INFO - WS Connection Opened
2026-05-21 23:09:56 IST - BotCore - INFO - Filters: ForexFactory calendar cache updated.
2026-05-21 23:10:00 IST - BotCore - INFO - Web: Running backtest for 89 days, capital: $50000.0...
2026-05-21 23:10:46 IST - BotCore - INFO - Keep-alive pinger started. Target URL: http://localhost:5000
2026-05-21 23:10:48 IST - BotCore - INFO - [KEEPALIVE] Keep-alive ping successful.
2026-05-21 23:14:47 IST - BotCore - INFO - Engine Heartbeat: Monitor loop is active and running 24/7.
2026-05-21 23:14:50 IST - BotCore - INFO - [KEEPALIVE] Keep-alive ping successful.
2026-05-21 23:18:52 IST - BotCore - INFO - [KEEPALIVE] Keep-alive ping successful.
2026-05-21 23:19:47 IST - BotCore - WARNING - WS Connection Closed. Reconnecting in 1s (Attempt 1/10)...
2026-05-21 23:19:48 IST - BotCore - INFO - Engine Heartbeat: Monitor loop is active and running 24/7.
2026-05-21 23:19:49 IST - BotCore - INFO - WS Connection Opened
2026-05-21 23:22:54 IST - BotCore - INFO - [KEEPALIVE] Keep-alive ping successful.
2026-05-21 23:24:48 IST - BotCore - INFO - Engine Heartbeat: Monitor loop is active and running 24/7.
2026-05-21 23:26:56 IST - BotCore - INFO - [KEEPALIVE] Keep-alive ping successful.
2026-05-21 23:29:48 IST - BotCore - INFO - Engine Heartbeat: Monitor loop is active and running 24/7.
2026-05-21 23:29:49 IST - BotCore - WARNING - WS Connection Closed. Reconnecting in 1s (Attempt 1/10)...
2026-05-21 23:29:50 IST - BotCore - INFO - WS Connection Opened
2026-05-21 23:30:58 IST - BotCore - INFO - [KEEPALIVE] Keep-alive ping successful.
2026-05-21 23:32:20 IST - BotCore - WARNING - WS Connection Closed. Reconnecting in 1s (Attempt 1/10)...
2026-05-21 23:32:22 IST - BotCore - INFO - WS Connection Opened
2026-05-21 23:34:48 IST - BotCore - INFO - Engine Heartbeat: Monitor loop is active and running 24/7.
2026-05-21 23:35:00 IST - BotCore - INFO - [KEEPALIVE] Keep-alive ping successful.
2026-05-21 23:39:03 IST - BotCore - INFO - [KEEPALIVE] Keep-alive ping successful.
2026-05-21 23:39:32 IST - BotCore - WARNING - WS Connection Closed. Reconnecting in 1s (Attempt 1/10)...
2026-05-21 23:39:33 IST - BotCore - INFO - WS Connection Opened
2026-05-21 23:39:48 IST - BotCore - INFO - Engine Heartbeat: Monitor loop is active and running 24/7.
2026-05-21 23:43:05 IST - BotCore - INFO - [KEEPALIVE] Keep-alive ping successful.
2026-05-21 23:44:48 IST - BotCore - INFO - Engine Heartbeat: Monitor loop is active and running 24/7.
2026-05-21 23:47:07 IST - BotCore - INFO - [KEEPALIVE] Keep-alive ping successful.
2026-05-21 23:49:33 IST - BotCore - WARNING - WS Connection Closed. Reconnecting in 1s (Attempt 1/10)...
2026-05-21 23:49:35 IST - BotCore - INFO - WS Connection Opened
2026-05-21 23:49:48 IST - BotCore - INFO - Engine Heartbeat: Monitor loop is active and running 24/7.
2026-05-21 23:51:09 IST - BotCore - INFO - [KEEPALIVE] Keep-alive ping successful.
2026-05-23 11:34:34 IST - BotCore - INFO - Hedge: DVOL Regime: Low (<45%) | Trigger Level: 0.20 | Action: full | Raw Net Delta: 0.7000
2026-05-23 11:34:34 IST - BotCore - INFO - Hedge: Triggering FULL hedge since raw net delta 0.7000 > 0.20
2026-05-23 11:34:34 IST - BotCore - INFO - Hedge: Placing FULL hedge order of size 0.0700 BTC in direction: buy
2026-05-23 11:34:47 IST - BotCore - INFO - Hedge: DVOL Regime: Low (<45%) | Trigger Level: 0.20 | Action: full | Raw Net Delta: 0.2500
2026-05-23 11:34:47 IST - BotCore - INFO - Hedge: Triggering FULL hedge since raw net delta 0.2500 > 0.20
2026-05-23 11:34:47 IST - BotCore - INFO - Hedge: Placing FULL hedge order of size 0.0250 BTC in direction: buy
2026-05-23 11:34:48 IST - BotCore - INFO - Hedge: DVOL Regime: High (>55%) | Trigger Level: 0.12 | Action: partial | Raw Net Delta: 0.3000
2026-05-23 11:34:48 IST - BotCore - INFO - Hedge: Triggering PARTIAL hedge since raw net delta 0.3000 > 0.12
2026-05-23 11:34:48 IST - BotCore - INFO - Hedge: Placing PARTIAL hedge (50%) of size 0.0150 BTC in direction: sell
2026-05-23 11:34:49 IST - BotCore - INFO - Hedge: DVOL Regime: Low (<45%) | Trigger Level: 0.20 | Action: full | Raw Net Delta: 0.0000
2026-05-23 11:34:49 IST - BotCore - INFO - Hedge: No post-entry hedge needed. Raw Net Delta 0.0000 <= 0.20
2026-05-23 12:24:58 IST - BotCore - INFO - API: Time synced. Offset: -6s
2026-05-23 12:24:58 IST - BotCore - INFO - Engine: Starting Delta BTC Options Bot in LIVE mode with Capital: $10000.0
2026-05-23 12:24:58 IST - BotCore - INFO - Starting Web Dashboard on port 5000
2026-05-23 12:24:59 IST - BotCore - INFO - Rule Compliance: 100% (11/11)
Rule 1: Entry Times - [PASS]
   Expected: 8:30, 9:00, 9:30 AM IST
Rule 2: Strike Selection (IV-Based + 4 OTM) - [PASS]
   Expected: DVOL-based premium ranges, Min 4 strikes OTM, Put <= 1.35xCall, Net Delta <= 0.15
Rule 3: Lot Size (Manual + Dynamic) - [PASS]
   Expected: Manual from dashboard + DVOL/loss-based dynamic sizing
Rule 4: Stop Loss & Target - [PASS]
   Expected: 150% SL, 70% Full Target
Rule 5: Partial Profit - [PASS]
   Expected: 50% Size at 50% Profit
Rule 6: Trailing Stop Loss - [PASS]
   Expected: Breakeven after 40% Profit
Rule 7: DVOL Percentile Filter - [PASS]
   Expected: Trade only if DVOL Percentile 10%-90%
Rule 8: Smart Hedging - [PASS]
   Expected: IV-based thresholds: <45% delta>0.20, 45-55% delta>0.17, >55% delta>0.12
Rule 9: Dynamic Position Sizing - [PASS]
   Expected: DVOL 40-55% +20%, 2 losses -20%, Daily >2% -30%
Rule 10: Money Management - [PASS]
   Expected: 1.5% risk/trade, 3% daily limit, 3 consecutive losses stop, 2.5% pause next day
Rule 11: Exit Time - [PASS]
   Expected: Prepare 16:55 IST, Hard Exit 17:00 IST
2026-05-23 12:24:59 IST - BotCore - INFO - Engine: Starting 24/7 background Option Chain Monitor...
2026-05-23 12:24:59 IST - BotCore - INFO - WS Connection Opened
2026-05-23 12:25:11 IST - BotCore - INFO - Filters: ForexFactory calendar cache updated.
2026-05-23 12:25:11 IST - BotCore - INFO - Web: Running backtest for 89 days, capital: $50000.0...
2026-05-23 12:25:25 IST - BotCore - INFO - API: Time synced. Offset: -3s
2026-05-23 12:25:25 IST - BotCore - INFO - Engine: Starting Delta BTC Options Bot in PAPER mode with Capital: $10000.0
2026-05-23 12:25:25 IST - BotCore - INFO - Starting Web Dashboard on port 5000
2026-05-23 12:25:26 IST - BotCore - INFO - Risk [PAPER]: Simulated equity is $10000.00 (No live check)
2026-05-23 12:25:26 IST - BotCore - INFO - Rule Compliance: 100% (11/11)
Rule 1: Entry Times - [PASS]
   Expected: 8:30, 9:00, 9:30 AM IST
Rule 2: Strike Selection (IV-Based + 4 OTM) - [PASS]
   Expected: DVOL-based premium ranges, Min 4 strikes OTM, Put <= 1.35xCall, Net Delta <= 0.15
Rule 3: Lot Size (Manual + Dynamic) - [PASS]
   Expected: Manual from dashboard + DVOL/loss-based dynamic sizing
Rule 4: Stop Loss & Target - [PASS]
   Expected: 150% SL, 70% Full Target
Rule 5: Partial Profit - [PASS]
   Expected: 50% Size at 50% Profit
Rule 6: Trailing Stop Loss - [PASS]
   Expected: Breakeven after 40% Profit
Rule 7: DVOL Percentile Filter - [PASS]
   Expected: Trade only if DVOL Percentile 10%-90%
Rule 8: Smart Hedging - [PASS]
   Expected: IV-based thresholds: <45% delta>0.20, 45-55% delta>0.17, >55% delta>0.12
Rule 9: Dynamic Position Sizing - [PASS]
   Expected: DVOL 40-55% +20%, 2 losses -20%, Daily >2% -30%
Rule 10: Money Management - [PASS]
   Expected: 1.5% risk/trade, 3% daily limit, 3 consecutive losses stop, 2.5% pause next day
Rule 11: Exit Time - [PASS]
   Expected: Prepare 16:55 IST, Hard Exit 17:00 IST
2026-05-23 12:25:26 IST - BotCore - INFO - Engine: Starting 24/7 background Option Chain Monitor...
2026-05-23 12:25:26 IST - BotCore - INFO - WS Connection Opened
2026-05-23 12:25:41 IST - BotCore - INFO - Web [test_order]: Running test order via bot_engine...
2026-05-23 12:25:41 IST - BotCore - INFO - Engine [TEST]: run_test_order triggered
2026-05-23 12:25:41 IST - BotCore - INFO - Engine [TEST]: Searching strikes (Expiry: 240526)...
2026-05-23 12:25:41 IST - BotCore - INFO - Strategy: Using legacy premium range $100–$250
2026-05-23 12:25:41 IST - BotCore - INFO - Strategy: Soft fallback to delta-based selection (Call: C-BTC-76200-240526 Delta: 0.1465, Put: P-BTC-74600-240526 Delta: -0.1767)
2026-05-23 12:25:41 IST - BotCore - INFO - Engine [TEST]: Strikes found — Call: C-BTC-76200-240526 @ 56.21233097, Put: P-BTC-74600-240526 @ 83.96262757
2026-05-23 12:25:41 IST - BotCore - INFO - Engine [TEST]: Using saved lot size — total: 200, per leg: 100
2026-05-23 12:25:41 IST - BotCore - INFO - Engine [TEST]: PAPER Entry simulated. Call entry: 57.0846, Put entry: 84.8349 (lots per leg: 100, entry slippage: +0.87)
2026-05-23 12:25:41 IST - BotCore - INFO - Engine [TEST]: Simulating execution delay: 454ms
2026-05-23 12:25:43 IST - BotCore - INFO - Engine [TEST]: Waiting 10 seconds before simulated exit...
2026-05-23 12:25:53 IST - BotCore - INFO - Engine [TEST]: PAPER Exit simulated. Exit slippage: 2.45 pts. Call exit: 58.6669, Put exit: 86.4172. Simulated P&L: -316.4635 USDT (~Rs. -26266.47)
2026-05-23 12:25:53 IST - BotCore - INFO - Web [test_order]: SUCCESS — Simulated successfully with slippage (2.45 pts). Call: C-BTC-76200-240526, Put: P-BTC-74600-240526. Simulated P&L: -316.4635 USDT (~Rs. -26266.47)
2026-05-23 12:26:02 IST - BotCore - INFO - Hedge: DVOL Regime: Low (<45%) | Trigger Level: 0.20 | Action: full | Raw Net Delta: 0.2500
2026-05-23 12:26:02 IST - BotCore - INFO - Hedge: Triggering FULL hedge since raw net delta 0.2500 > 0.20
2026-05-23 12:26:02 IST - BotCore - INFO - Hedge: Placing FULL hedge order of size 0.0250 BTC in direction: buy
2026-05-23 12:26:03 IST - BotCore - INFO - Hedge: DVOL Regime: High (>55%) | Trigger Level: 0.12 | Action: partial | Raw Net Delta: 0.3000
2026-05-23 12:26:03 IST - BotCore - INFO - Hedge: Triggering PARTIAL hedge since raw net delta 0.3000 > 0.12
2026-05-23 12:26:03 IST - BotCore - INFO - Hedge: Placing PARTIAL hedge (50%) of size 0.0150 BTC in direction: sell
2026-05-23 12:26:04 IST - BotCore - INFO - Hedge: DVOL Regime: Low (<45%) | Trigger Level: 0.20 | Action: full | Raw Net Delta: 0.0000
2026-05-23 12:26:04 IST - BotCore - INFO - Hedge: No post-entry hedge needed. Raw Net Delta 0.0000 <= 0.20
2026-05-23 12:26:22 IST - BotCore - INFO - Web [manual_order]: Manual strangle entry cycle triggered via dashboard.
2026-05-23 12:26:22 IST - BotCore - INFO - Engine: Entry cycle triggered (force=True)
2026-05-23 12:26:22 IST - BotCore - INFO - Engine [PAPER]: Verifying API connection before trade...
2026-05-23 12:26:22 IST - BotCore - INFO - Engine [PAPER]: API Status (REST: OK, WS: OK) - Attempt 1/3
2026-05-23 12:26:22 IST - BotCore - INFO - Engine [PAPER]: API connection status before trade entry: Connected
2026-05-23 12:26:22 IST - BotCore - INFO - Risk [PAPER]: Simulated equity is $10000.00 (No live check)
2026-05-23 12:26:22 IST - BotCore - INFO - Strategy: Using DVOL-based premium range. DVOL: 37.18%, Target: $140.0–$300.0
2026-05-23 12:26:22 IST - BotCore - INFO - Strategy: Soft fallback to delta-based selection (Call: C-BTC-76200-240526 Delta: 0.1437, Put: P-BTC-74600-240526 Delta: -0.1790)
2026-05-23 12:26:22 IST - BotCore - INFO - Engine: Dynamic sizing applied. Base: 200 lots, Adjusted: 200 lots (Multiplier: 1.00x, Reasons: Paper multiplier (1.00x))
2026-05-23 12:26:23 IST - BotCore - INFO - Execution: Placing PAPER Strangle. Size: 100
2026-05-23 12:26:23 IST - BotCore - INFO - Execution [PAPER]: Simulating execution delay of 315ms...
2026-05-23 12:26:23 IST - BotCore - INFO - Execution [PAPER]: Simulating sell of C-BTC-76200-240526 @ 54.8788 (slippage: +0.35)
2026-05-23 12:26:23 IST - BotCore - INFO - Execution [PAPER]: Simulating sell of P-BTC-74600-240526 @ 86.2497 (slippage: +0.55)
2026-05-23 12:26:23 IST - BotCore - INFO - WS: Subscribed to ['C-BTC-76200-240526', 'P-BTC-74600-240526']
2026-05-23 12:26:24 IST - BotCore - INFO - Hedge: Scheduling post-entry hedge check in 5s...
2026-05-23 12:26:24 IST - BotCore - CRITICAL - Engine: TOTAL DATA FAILURE > 30s. Triggering Emergency Auto Square-Off.
2026-05-23 12:26:25 IST - BotCore - INFO - Keep-alive pinger started. Target URL: http://localhost:5000
2026-05-23 12:26:25 IST - BotCore - INFO - Execution: Closing all positions due to Critical Data Failure (>30s)
2026-05-23 12:26:25 IST - BotCore - INFO - Execution [PAPER]: Simulating close of C-BTC-76200-240526
2026-05-23 12:26:25 IST - BotCore - INFO - Execution [PAPER]: Simulating close of P-BTC-74600-240526
2026-05-23 12:26:27 IST - BotCore - INFO - [KEEPALIVE] Keep-alive ping successful.
2026-05-23 12:26:29 IST - BotCore - INFO - Hedge: Post-entry check cancelled - no active positions.
2026-05-23 12:27:26 IST - BotCore - INFO - API: Time synced. Offset: -6s
2026-05-23 12:27:26 IST - BotCore - INFO - Engine: Starting Delta BTC Options Bot in PAPER mode with Capital: $10000.0
2026-05-23 12:27:26 IST - BotCore - INFO - Starting Web Dashboard on port 5000
2026-05-23 12:27:27 IST - BotCore - INFO - Risk [PAPER]: Simulated equity is $10000.00 (No live check)
2026-05-23 12:27:27 IST - BotCore - INFO - Rule Compliance: 100% (11/11)
Rule 1: Entry Times - [PASS]
   Expected: 8:30, 9:00, 9:30 AM IST
Rule 2: Strike Selection (IV-Based + 4 OTM) - [PASS]
   Expected: DVOL-based premium ranges, Min 4 strikes OTM, Put <= 1.35xCall, Net Delta <= 0.15
Rule 3: Lot Size (Manual + Dynamic) - [PASS]
   Expected: Manual from dashboard + DVOL/loss-based dynamic sizing
Rule 4: Stop Loss & Target - [PASS]
   Expected: 150% SL, 70% Full Target
Rule 5: Partial Profit - [PASS]
   Expected: 50% Size at 50% Profit
Rule 6: Trailing Stop Loss - [PASS]
   Expected: Breakeven after 40% Profit
Rule 7: DVOL Percentile Filter - [PASS]
   Expected: Trade only if DVOL Percentile 10%-90%
Rule 8: Smart Hedging - [PASS]
   Expected: IV-based thresholds: <45% delta>0.20, 45-55% delta>0.17, >55% delta>0.12
Rule 9: Dynamic Position Sizing - [PASS]
   Expected: DVOL 40-55% +20%, 2 losses -20%, Daily >2% -30%
Rule 10: Money Management - [PASS]
   Expected: 1.5% risk/trade, 3% daily limit, 3 consecutive losses stop, 2.5% pause next day
Rule 11: Exit Time - [PASS]
   Expected: Prepare 16:55 IST, Hard Exit 17:00 IST
2026-05-23 12:27:27 IST - BotCore - INFO - Engine: Starting 24/7 background Option Chain Monitor...
2026-05-23 12:27:28 IST - BotCore - INFO - WS Connection Opened
2026-05-23 12:27:34 IST - BotCore - INFO - Web [manual_order]: Manual strangle entry cycle triggered via dashboard.
2026-05-23 12:27:34 IST - BotCore - INFO - Engine: Entry cycle triggered (force=True)
2026-05-23 12:27:34 IST - BotCore - INFO - Engine [PAPER]: Verifying API connection before trade...
2026-05-23 12:27:34 IST - BotCore - INFO - Engine [PAPER]: API Status (REST: OK, WS: OK) - Attempt 1/3
2026-05-23 12:27:34 IST - BotCore - INFO - Engine [PAPER]: API connection status before trade entry: Connected
2026-05-23 12:27:34 IST - BotCore - INFO - Risk [PAPER]: Simulated equity is $10000.00 (No live check)
2026-05-23 12:27:36 IST - BotCore - INFO - Strategy: Using DVOL-based premium range. DVOL: 37.19%, Target: $140.0–$300.0
2026-05-23 12:27:36 IST - BotCore - INFO - Strategy: Soft fallback to delta-based selection (Call: C-BTC-76200-240526 Delta: 0.1494, Put: P-BTC-74600-240526 Delta: -0.1714)
2026-05-23 12:27:36 IST - BotCore - INFO - Engine: Dynamic sizing applied. Base: 200 lots, Adjusted: 200 lots (Multiplier: 1.00x, Reasons: Paper multiplier (1.00x))
2026-05-23 12:27:36 IST - BotCore - INFO - Execution: Placing PAPER Strangle. Size: 100
2026-05-23 12:27:36 IST - BotCore - INFO - Execution [PAPER]: Simulating execution delay of 379ms...
2026-05-23 12:27:37 IST - BotCore - INFO - Execution [PAPER]: Simulating sell of C-BTC-76200-240526 @ 58.0971 (slippage: +0.48)
2026-05-23 12:27:37 IST - BotCore - INFO - Execution [PAPER]: Simulating sell of P-BTC-74600-240526 @ 81.1914 (slippage: +0.41)
2026-05-23 12:27:37 IST - BotCore - INFO - WS: Subscribed to ['C-BTC-76200-240526', 'P-BTC-74600-240526']
2026-05-23 12:27:38 IST - BotCore - INFO - Hedge: Scheduling post-entry hedge check in 5s...
2026-05-23 12:27:43 IST - BotCore - INFO - Hedge: Post-entry metrics check - DVOL: 37.19%, Net Delta BTC: 0.0021
2026-05-23 12:27:43 IST - BotCore - INFO - Hedge: DVOL Regime: Low (<45%) | Trigger Level: 0.20 | Action: full | Raw Net Delta: 0.0210
2026-05-23 12:27:43 IST - BotCore - INFO - Hedge: No post-entry hedge needed. Raw Net Delta 0.0210 <= 0.20
2026-05-23 12:27:53 IST - BotCore - INFO - Engine [PAPER]: Winning trade (+$145.97). New Lot Multiplier: 105.0%. Consecutive Losses reset to 0.
2026-05-23 12:27:53 IST - BotCore - INFO - Risk [PAPER]: Simulated equity is $10145.97 (No live check)
2026-05-23 12:27:53 IST - BotCore - INFO - Tracker: Logged trade -> Emergency Manual Closed | PnL: $145.97 | Filter: OFF
2026-05-23 12:27:53 IST - BotCore - ERROR - Tracker: Failed to write to pro_trader_journal.md: 'charmap' codec can't encode character '\U0001f4d3' in position 2: character maps to <undefined>
2026-05-23 12:27:53 IST - BotCore - INFO - Execution: Closing all positions due to Emergency Manual Square-Off
2026-05-23 12:27:53 IST - BotCore - INFO - Execution [PAPER]: Simulating close of C-BTC-76200-240526
2026-05-23 12:27:53 IST - BotCore - INFO - Execution [PAPER]: Simulating close of P-BTC-74600-240526
2026-05-23 12:27:53 IST - BotCore - INFO - Hedge: Closing all smart hedge positions...
2026-05-23 12:27:53 IST - BotCore - INFO - Hedge: Smart hedge state reset successfully.
2026-05-23 12:27:53 IST - BotCore - INFO - Risk [PAPER]: Simulated equity is $10145.97 (No live check)
2026-05-23 12:27:53 IST - BotCore - INFO - Engine: Daily state reset.
2026-05-23 12:28:26 IST - BotCore - INFO - Keep-alive pinger started. Target URL: http://localhost:5000
2026-05-23 12:28:28 IST - BotCore - INFO - [KEEPALIVE] Keep-alive ping successful.
2026-05-23 12:28:58 IST - BotCore - INFO - API: Time synced. Offset: -4s
2026-05-23 12:28:58 IST - BotCore - INFO - Engine: Starting Delta BTC Options Bot in PAPER mode with Capital: $10000.0
2026-05-23 12:28:58 IST - BotCore - INFO - Starting Web Dashboard on port 5000
2026-05-23 12:28:58 IST - BotCore - INFO - Risk [PAPER]: Simulated equity is $10000.00 (No live check)
2026-05-23 12:28:58 IST - BotCore - INFO - Rule Compliance: 100% (11/11)
Rule 1: Entry Times - [PASS]
   Expected: 8:30, 9:00, 9:30 AM IST
Rule 2: Strike Selection (IV-Based + 4 OTM) - [PASS]
   Expected: DVOL-based premium ranges, Min 4 strikes OTM, Put <= 1.35xCall, Net Delta <= 0.15
Rule 3: Lot Size (Manual + Dynamic) - [PASS]
   Expected: Manual from dashboard + DVOL/loss-based dynamic sizing
Rule 4: Stop Loss & Target - [PASS]
   Expected: 150% SL, 70% Full Target
Rule 5: Partial Profit - [PASS]
   Expected: 50% Size at 50% Profit
Rule 6: Trailing Stop Loss - [PASS]
   Expected: Breakeven after 40% Profit
Rule 7: DVOL Percentile Filter - [PASS]
   Expected: Trade only if DVOL Percentile 10%-90%
Rule 8: Smart Hedging - [PASS]
   Expected: IV-based thresholds: <45% delta>0.20, 45-55% delta>0.17, >55% delta>0.12
Rule 9: Dynamic Position Sizing - [PASS]
   Expected: DVOL 40-55% +20%, 2 losses -20%, Daily >2% -30%
Rule 10: Money Management - [PASS]
   Expected: 1.5% risk/trade, 3% daily limit, 3 consecutive losses stop, 2.5% pause next day
Rule 11: Exit Time - [PASS]
   Expected: Prepare 16:55 IST, Hard Exit 17:00 IST
2026-05-23 12:28:58 IST - BotCore - INFO - Engine: Starting 24/7 background Option Chain Monitor...
2026-05-23 12:28:59 IST - BotCore - INFO - WS Connection Opened
2026-05-23 12:29:10 IST - BotCore - INFO - Web [manual_order]: Manual strangle entry cycle triggered via dashboard.
2026-05-23 12:29:10 IST - BotCore - INFO - Engine: Entry cycle triggered (force=True)
2026-05-23 12:29:10 IST - BotCore - INFO - Engine [PAPER]: Verifying API connection before trade...
2026-05-23 12:29:10 IST - BotCore - INFO - Engine [PAPER]: API Status (REST: OK, WS: OK) - Attempt 1/3
2026-05-23 12:29:10 IST - BotCore - INFO - Engine [PAPER]: API connection status before trade entry: Connected
2026-05-23 12:29:10 IST - BotCore - INFO - Risk [PAPER]: Simulated equity is $10000.00 (No live check)
2026-05-23 12:29:10 IST - BotCore - INFO - Strategy: Using DVOL-based premium range. DVOL: 37.20%, Target: $140.0–$300.0
2026-05-23 12:29:10 IST - BotCore - INFO - Strategy: Soft fallback to delta-based selection (Call: C-BTC-76200-240526 Delta: 0.1425, Put: P-BTC-74600-240526 Delta: -0.1796)
2026-05-23 12:29:10 IST - BotCore - INFO - Engine: Dynamic sizing applied. Base: 200 lots, Adjusted: 200 lots (Multiplier: 1.00x, Reasons: Paper multiplier (1.00x))
2026-05-23 12:29:11 IST - BotCore - INFO - Execution: Placing PAPER Strangle. Size: 100
2026-05-23 12:29:11 IST - BotCore - INFO - Execution [PAPER]: Simulating execution delay of 418ms...
2026-05-23 12:29:11 IST - BotCore - INFO - Execution [PAPER]: Simulating sell of C-BTC-76200-240526 @ 54.2755 (slippage: +0.39)
2026-05-23 12:29:11 IST - BotCore - INFO - Execution [PAPER]: Simulating sell of P-BTC-74600-240526 @ 87.1928 (slippage: +0.77)
2026-05-23 12:29:11 IST - BotCore - INFO - WS: Subscribed to ['C-BTC-76200-240526', 'P-BTC-74600-240526']
2026-05-23 12:29:12 IST - BotCore - INFO - Hedge: Scheduling post-entry hedge check in 5s...
2026-05-23 12:29:13 IST - BotCore - INFO - Engine [PAPER]: Delaying trade exit by 333ms...
2026-05-23 12:29:13 IST - BotCore - INFO - Engine [PAPER] Slippage Log: timestamp=1779519553.7105303 | original_price=257.8275 | price_after_slippage=370.2036 | lot_size=200 | reason_for_change=TAKE_PROFIT_ALL | api_connected=Connected
2026-05-23 12:29:13 IST - BotCore - INFO - Engine: Profit Target Hit (70%)!
2026-05-23 12:29:13 IST - BotCore - INFO - Engine [PAPER]: Winning trade (+$13776.63). New Lot Multiplier: 105.0%. Consecutive Losses reset to 0.
2026-05-23 12:29:13 IST - BotCore - INFO - Risk [PAPER]: Simulated equity is $23776.63 (No live check)
2026-05-23 12:29:13 IST - BotCore - INFO - Tracker: Logged trade -> Profit Target Hit | PnL: $13776.63 | Filter: OFF
2026-05-23 12:29:13 IST - BotCore - INFO - Execution: Closing all positions due to Profit Target Hit
2026-05-23 12:29:13 IST - BotCore - INFO - Execution [PAPER]: Simulating close of C-BTC-76200-240526
2026-05-23 12:29:13 IST - BotCore - INFO - Execution [PAPER]: Simulating close of P-BTC-74600-240526
2026-05-23 12:29:17 IST - BotCore - INFO - Hedge: Post-entry check cancelled - no active positions.
2026-05-23 12:37:56 IST - BotCore - INFO - API: Time synced. Offset: -10s
2026-05-23 12:37:56 IST - BotCore - INFO - Engine: Starting Delta BTC Options Bot in PAPER mode with Capital: $10000.0
2026-05-23 12:37:56 IST - BotCore - INFO - Starting Web Dashboard on port 5000
2026-05-23 12:37:57 IST - BotCore - INFO - Risk [PAPER]: Simulated equity is $10000.00 (No live check)
2026-05-23 12:37:57 IST - BotCore - INFO - Rule Compliance: 100% (11/11)
Rule 1: Entry Times - [PASS]
   Expected: 8:30, 9:00, 9:30 AM IST
Rule 2: Strike Selection (IV-Based + 4 OTM) - [PASS]
   Expected: DVOL-based premium ranges, Min 4 strikes OTM, Put <= 1.35xCall, Net Delta <= 0.15
Rule 3: Lot Size (Manual + Dynamic) - [PASS]
   Expected: Manual from dashboard + DVOL/loss-based dynamic sizing
Rule 4: Stop Loss & Target - [PASS]
   Expected: 150% SL, 70% Full Target
Rule 5: Partial Profit - [PASS]
   Expected: 50% Size at 50% Profit
Rule 6: Trailing Stop Loss - [PASS]
   Expected: Breakeven after 40% Profit
Rule 7: DVOL Percentile Filter - [PASS]
   Expected: Trade only if DVOL Percentile 10%-90%
Rule 8: Smart Hedging - [PASS]
   Expected: IV-based thresholds: <45% delta>0.20, 45-55% delta>0.17, >55% delta>0.12
Rule 9: Dynamic Position Sizing - [PASS]
   Expected: DVOL 40-55% +20%, 2 losses -20%, Daily >2% -30%
Rule 10: Money Management - [PASS]
   Expected: 1.5% risk/trade, 3% daily limit, 3 consecutive losses stop, 2.5% pause next day
Rule 11: Exit Time - [PASS]
   Expected: Prepare 16:55 IST, Hard Exit 17:00 IST
2026-05-23 12:37:57 IST - BotCore - INFO - Engine: Starting 24/7 background Option Chain Monitor...
2026-05-23 12:37:57 IST - BotCore - INFO - WS Connection Opened
2026-05-23 12:38:15 IST - BotCore - INFO - Web [manual_order]: Manual strangle entry cycle triggered via dashboard.
2026-05-23 12:38:15 IST - BotCore - INFO - Engine: Entry cycle triggered (force=True)
2026-05-23 12:38:15 IST - BotCore - INFO - Engine [PAPER]: Verifying API connection before trade...
2026-05-23 12:38:15 IST - BotCore - INFO - Engine [PAPER]: API Status (REST: OK, WS: OK) - Attempt 1/3
2026-05-23 12:38:15 IST - BotCore - INFO - Engine [PAPER]: API connection status before trade entry: Connected
2026-05-23 12:38:15 IST - BotCore - INFO - Risk [PAPER]: Simulated equity is $10000.00 (No live check)
2026-05-23 12:38:15 IST - BotCore - INFO - Strategy: Using DVOL-based premium range. DVOL: 37.20%, Target: $140.0–$300.0
2026-05-23 12:38:15 IST - BotCore - INFO - Strategy: Soft fallback to delta-based selection (Call: C-BTC-76200-240526 Delta: 0.1189, Put: P-BTC-74600-240526 Delta: -0.2072)
2026-05-23 12:38:15 IST - BotCore - INFO - Engine: Dynamic sizing applied. Base: 200 lots, Adjusted: 200 lots (Multiplier: 1.00x, Reasons: Paper multiplier (1.00x))
2026-05-23 12:38:16 IST - BotCore - INFO - Execution: Placing PAPER Strangle. Size: 100
2026-05-23 12:38:16 IST - BotCore - INFO - Execution [PAPER]: Simulating execution delay of 479ms...
2026-05-23 12:38:16 IST - BotCore - INFO - Execution [PAPER]: Simulating sell of C-BTC-76200-240526 @ 43.9802 (slippage: +0.46)
2026-05-23 12:38:16 IST - BotCore - INFO - Execution [PAPER]: Simulating sell of P-BTC-74600-240526 @ 104.9840 (slippage: +0.64)
2026-05-23 12:38:16 IST - BotCore - INFO - WS: Subscribed to ['C-BTC-76200-240526', 'P-BTC-74600-240526']
2026-05-23 12:38:17 IST - BotCore - INFO - Hedge: Scheduling post-entry hedge check in 5s...
2026-05-23 12:38:19 IST - BotCore - INFO - Engine [PAPER]: Delaying trade exit by 449ms...
2026-05-23 12:38:19 IST - BotCore - INFO - Engine [PAPER] Slippage Log: timestamp=1779520099.7218933 | original_price=256.3853 | price_after_slippage=667.6714 | lot_size=200 | reason_for_change=TAKE_PROFIT_ALL | api_connected=Connected
2026-05-23 12:38:19 IST - BotCore - INFO - Engine: Profit Target Hit (70%)!
2026-05-23 12:38:19 IST - BotCore - INFO - Engine [PAPER]: Winning trade (+$14228.75). New Lot Multiplier: 105.0%. Consecutive Losses reset to 0.
2026-05-23 12:38:19 IST - BotCore - INFO - Risk [PAPER]: Simulated equity is $24228.75 (No live check)
2026-05-23 12:38:19 IST - BotCore - INFO - Tracker: Logged trade -> Profit Target Hit | PnL: $14228.75 | Filter: OFF
2026-05-23 12:38:20 IST - BotCore - INFO - Engine: Generating Actual Report for 2026-05-23...
2026-05-23 12:38:20 IST - BotCore - INFO - Filters: ForexFactory calendar cache updated.
2026-05-23 12:38:20 IST - BotCore - INFO - Filter: News check passed. No High impact USD news today.
2026-05-23 12:38:20 IST - BotCore - INFO - Filters: ForexFactory calendar cache updated.
2026-05-23 12:38:20 IST - BotCore - INFO - Engine: Successfully generated automatic daily report post-trade close.
2026-05-23 12:38:20 IST - BotCore - INFO - Execution: Closing all positions due to Profit Target Hit
2026-05-23 12:38:20 IST - BotCore - INFO - Execution [PAPER]: Simulating close of C-BTC-76200-240526
2026-05-23 12:38:20 IST - BotCore - INFO - Execution [PAPER]: Simulating close of P-BTC-74600-240526
2026-05-23 12:38:20 IST - BotCore - INFO - Execution: Closing all positions due to Emergency Manual Square-Off
2026-05-23 12:38:20 IST - BotCore - INFO - Hedge: Closing all smart hedge positions...
2026-05-23 12:38:20 IST - BotCore - INFO - Hedge: Smart hedge state reset successfully.
2026-05-23 12:38:20 IST - BotCore - INFO - Risk [PAPER]: Simulated equity is $24228.75 (No live check)
2026-05-23 12:38:20 IST - BotCore - INFO - Engine: Daily state reset.
2026-05-23 12:38:22 IST - BotCore - INFO - Hedge: Post-entry check cancelled - no active positions.
2026-05-23 12:42:17 IST - BotCore - INFO - API: Time synced. Offset: -1s
2026-05-23 12:42:17 IST - BotCore - INFO - Engine: Starting Delta BTC Options Bot in PAPER mode with Capital: $10000.0
2026-05-23 12:42:17 IST - BotCore - INFO - Starting Web Dashboard on port 5000
2026-05-23 12:42:18 IST - BotCore - INFO - Risk [PAPER]: Simulated equity is $10000.00 (No live check)
2026-05-23 12:42:18 IST - BotCore - INFO - Engine: Scheduled daily morning entry 08:30 IST (system local: 08:30)
2026-05-23 12:42:18 IST - BotCore - INFO - Engine: Scheduled daily morning entry 09:00 IST (system local: 09:00)
2026-05-23 12:42:18 IST - BotCore - INFO - Engine: Scheduled daily morning entry 09:30 IST (system local: 09:30)
2026-05-23 12:42:18 IST - BotCore - INFO - Engine: Scheduled daily EOD hard exit 17:00 IST (system local: 17:00)
2026-05-23 12:42:18 IST - BotCore - INFO - Engine: Scheduled verification at 09:30/18:00 IST (local: 09:30/18:00)
2026-05-23 12:42:18 IST - BotCore - INFO - Engine: Scheduled daily report at 17:30 IST (local: 17:30)
2026-05-23 12:42:18 IST - BotCore - INFO - Rule Compliance: 100% (11/11)
Rule 1: Entry Times - [PASS]
   Expected: 8:30, 9:00, 9:30 AM IST
Rule 2: Strike Selection (IV-Based + 4 OTM) - [PASS]
   Expected: DVOL-based premium ranges, Min 4 strikes OTM, Put <= 1.35xCall, Net Delta <= 0.15
Rule 3: Lot Size (Manual + Dynamic) - [PASS]
   Expected: Manual from dashboard + DVOL/loss-based dynamic sizing
Rule 4: Stop Loss & Target - [PASS]
   Expected: 150% SL, 70% Full Target
Rule 5: Partial Profit - [PASS]
   Expected: 50% Size at 50% Profit
Rule 6: Trailing Stop Loss - [PASS]
   Expected: Breakeven after 40% Profit
Rule 7: DVOL Percentile Filter - [PASS]
   Expected: Trade only if DVOL Percentile 10%-90%
Rule 8: Smart Hedging - [PASS]
   Expected: IV-based thresholds: <45% delta>0.20, 45-55% delta>0.17, >55% delta>0.12
Rule 9: Dynamic Position Sizing - [PASS]
   Expected: DVOL 40-55% +20%, 2 losses -20%, Daily >2% -30%
Rule 10: Money Management - [PASS]
   Expected: 1.5% risk/trade, 3% daily limit, 3 consecutive losses stop, 2.5% pause next day
Rule 11: Exit Time - [PASS]
   Expected: Prepare 16:55 IST, Hard Exit 17:00 IST
2026-05-23 12:42:18 IST - BotCore - INFO - Engine: Starting 24/7 background Option Chain Monitor...
2026-05-23 12:42:19 IST - BotCore - INFO - WS Connection Opened
2026-05-23 18:41:14 IST - BotCore - INFO - API: Time synced. Offset: 67186s
2026-05-23 18:41:14 IST - BotCore - INFO - Engine: Entry cycle triggered (force=True)
2026-05-23 18:41:14 IST - BotCore - INFO - Strategy: Using DVOL-based premium range. DVOL: 37.17%, Target: $140.0–$300.0
2026-05-23 18:41:14 IST - BotCore - INFO - Strategy: Soft fallback to delta-based selection (Call: C-BTC-77600-240526 Delta: 0.0797, Put: P-BTC-76000-240526 Delta: -0.0774)
2026-05-23 18:41:14 IST - BotCore - INFO - Engine: Dynamic sizing applied. Base: 200 lots, Adjusted: 200 lots (Multiplier: 1.00x, Reasons: Base Sizing)
2026-05-23 18:41:15 IST - BotCore - INFO - Execution: Placing LIVE Strangle. Size: 100
2026-05-23 18:41:15 IST - BotCore - ERROR - Execution: Failed to sell C-BTC-77600-240526: {'error': {'code': 'ip_not_whitelisted_for_api_key', 'context': {'client_ip': '2402:e280:3d6b:59a:8cfe:8ab0:fa3b:ceb0'}}, 'success': False}
2026-05-23 18:41:16 IST - BotCore - ERROR - Execution: Failed to sell P-BTC-76000-240526: {'error': {'code': 'ip_not_whitelisted_for_api_key', 'context': {'client_ip': '2402:e280:3d6b:59a:8cfe:8ab0:fa3b:ceb0'}}, 'success': False}
2026-05-23 18:41:17 IST - BotCore - INFO - Hedge: Scheduling post-entry hedge check in 5s...
2026-05-23 18:41:20 IST - BotCore - INFO - Engine: Exit cycle triggered (Fixed Time Square-off)
2026-05-23 18:41:20 IST - BotCore - INFO - Execution: Closing all positions due to End of Day Square-off
2026-05-23 18:41:20 IST - BotCore - INFO - Hedge: Closing all smart hedge positions...
2026-05-23 18:41:20 IST - BotCore - INFO - Hedge: Smart hedge state reset successfully.
2026-05-23 18:41:20 IST - BotCore - INFO - Engine: Daily state reset.
2026-05-23 18:41:50 IST - BotCore - INFO - API: Time synced. Offset: 67179s
2026-05-23 18:41:50 IST - BotCore - INFO - Engine: Entry cycle triggered (force=True)
2026-05-23 18:41:50 IST - BotCore - INFO - Engine [PAPER]: Verifying API connection before trade...
2026-05-23 18:41:50 IST - BotCore - INFO - Engine [PAPER]: API Status (REST: OK, WS: DOWN) - Attempt 1/3
2026-05-23 18:41:50 IST - BotCore - WARNING - Engine [PAPER]: Connection down. Attempting reconnect (Attempt 1)...
2026-05-23 18:41:50 IST - BotCore - INFO - API: Time synced. Offset: 67179s
2026-05-23 18:41:50 IST - BotCore - INFO - WS Connection Opened
2026-05-23 18:41:52 IST - BotCore - INFO - Engine [PAPER]: API Status (REST: OK, WS: OK) - Attempt 2/3
2026-05-23 18:41:52 IST - BotCore - INFO - Engine [PAPER]: API connection status before trade entry: Connected
2026-05-23 18:41:52 IST - BotCore - INFO - Risk [PAPER]: Simulated equity is $10000.00 (No live check)
2026-05-23 18:41:53 IST - BotCore - INFO - Strategy: Using DVOL-based premium range. DVOL: 38.05%, Target: $140.0–$300.0
2026-05-23 18:41:53 IST - BotCore - INFO - Strategy: Soft fallback to delta-based selection (Call: C-BTC-77600-240526 Delta: 0.0796, Put: P-BTC-76000-240526 Delta: -0.0775)
2026-05-23 18:41:53 IST - BotCore - INFO - Engine: Dynamic sizing applied. Base: 200 lots, Adjusted: 200 lots (Multiplier: 1.00x, Reasons: Paper multiplier (1.00x))
2026-05-23 18:41:53 IST - BotCore - INFO - Execution: Placing PAPER Strangle. Size: 100
2026-05-23 18:41:53 IST - BotCore - INFO - Execution [PAPER]: Simulating execution delay of 356ms...
2026-05-23 18:41:54 IST - BotCore - INFO - Execution [PAPER]: Simulating sell of C-BTC-77600-240526 @ 20.1966 (slippage: +0.34)
2026-05-23 18:41:54 IST - BotCore - INFO - Execution [PAPER]: Simulating sell of P-BTC-76000-240526 @ 20.8225 (slippage: +0.76)
2026-05-23 18:41:54 IST - BotCore - INFO - WS: Subscribed to ['C-BTC-77600-240526', 'P-BTC-76000-240526']
2026-05-23 18:41:55 IST - BotCore - INFO - Hedge: Scheduling post-entry hedge check in 5s...
2026-05-23 18:41:58 IST - BotCore - INFO - Hedge: DVOL Regime: Low (<45%) | Trigger Level: 0.20 | Action: full | Raw Net Delta: 0.0000
2026-05-23 18:41:58 IST - BotCore - INFO - Hedge: No post-entry hedge needed. Raw Net Delta 0.0000 <= 0.20
2026-05-23 18:41:58 IST - BotCore - INFO - Engine: Exit cycle triggered (Fixed Time Square-off)
2026-05-23 18:41:58 IST - BotCore - INFO - Engine [PAPER]: Winning trade (+$1964.80). New Lot Multiplier: 105.0%. Consecutive Losses reset to 0.
2026-05-23 18:41:58 IST - BotCore - INFO - Risk [PAPER]: Simulated equity is $11964.80 (No live check)
2026-05-24 13:23:12 IST - BotCore - INFO - API: Time synced. Offset: -6s
2026-05-24 13:23:12 IST - BotCore - INFO - Engine: Entry cycle triggered (force=True)
2026-05-24 13:23:12 IST - BotCore - INFO - Engine [PAPER]: Verifying API connection before trade...
2026-05-24 13:23:12 IST - BotCore - INFO - Engine [PAPER]: API Status (REST: OK, WS: DOWN) - Attempt 1/3
2026-05-24 13:23:12 IST - BotCore - WARNING - Engine [PAPER]: Connection down. Attempting reconnect (Attempt 1)...
2026-05-24 13:23:12 IST - BotCore - INFO - API: Time synced. Offset: -6s
2026-05-24 13:23:12 IST - BotCore - INFO - WS Connection Opened
2026-05-24 13:23:14 IST - BotCore - INFO - Engine [PAPER]: API Status (REST: OK, WS: OK) - Attempt 2/3
2026-05-24 13:23:14 IST - BotCore - INFO - Engine [PAPER]: API connection status before trade entry: Connected
2026-05-24 13:23:14 IST - BotCore - INFO - Risk [PAPER]: Simulated equity is $10000.00 (No live check)
2026-05-24 13:23:15 IST - BotCore - INFO - Strategy: Using DVOL-based premium range. DVOL: 36.43%, Target: $140.0–$300.0
2026-05-24 13:23:15 IST - BotCore - INFO - Strategy: Selected balanced strikes (Call: C-BTC-77600-250526 Premium: 179.06, Put: P-BTC-75600-250526 Premium: 190.43, Diff: 11.37)
2026-05-24 13:23:15 IST - BotCore - INFO - Engine: Dynamic sizing applied. Base: 200 lots, Adjusted: 200 lots (Multiplier: 1.00x, Reasons: Paper multiplier (1.00x))
2026-05-24 13:23:16 IST - BotCore - INFO - Execution: Placing PAPER Strangle. Size: 100
2026-05-24 13:23:16 IST - BotCore - INFO - Execution [PAPER]: Simulating execution delay of 301ms...
2026-05-24 13:23:16 IST - BotCore - INFO - Execution [PAPER]: Simulating sell of C-BTC-77600-250526 @ 179.9001 (slippage: +0.84)
2026-05-24 13:23:16 IST - BotCore - INFO - Execution [PAPER]: Simulating sell of P-BTC-75600-250526 @ 190.8090 (slippage: +0.38)
2026-05-24 13:23:16 IST - BotCore - INFO - WS: Subscribed to ['C-BTC-77600-250526', 'P-BTC-75600-250526']
2026-05-24 13:23:17 IST - BotCore - INFO - Hedge: Scheduling post-entry hedge check in 5s...
2026-05-24 13:23:20 IST - BotCore - INFO - Hedge: DVOL Regime: Low (<45%) | Trigger Level: 0.20 | Action: full | Raw Net Delta: 0.0402
2026-05-24 13:23:20 IST - BotCore - INFO - Hedge: No post-entry hedge needed. Raw Net Delta 0.0402 <= 0.20
2026-05-24 13:23:20 IST - BotCore - INFO - Engine: Exit cycle triggered (Fixed Time Square-off)
2026-05-24 13:23:20 IST - BotCore - INFO - Engine [PAPER]: Winning trade (+$184.63). New Lot Multiplier: 105.0%. Consecutive Losses reset to 0.
2026-05-24 13:23:20 IST - BotCore - INFO - Risk [PAPER]: Simulated equity is $10184.63 (No live check)
2026-05-24 13:23:20 IST - BotCore - INFO - Tracker: Logged trade -> EOD Square-off | PnL: $184.63 | Filter: OFF
2026-05-24 13:23:21 IST - BotCore - INFO - Engine: Generating Actual Report for 2026-05-24 (Mode: PAPER)...
2026-05-24 13:23:22 IST - BotCore - INFO - Filters: ForexFactory calendar cache updated.
2026-05-24 13:23:22 IST - BotCore - INFO - Filter: News check passed. No High impact USD news today.
2026-05-24 13:23:22 IST - BotCore - INFO - Engine: Successfully generated automatic daily report post-trade close.
2026-05-24 13:23:22 IST - BotCore - INFO - Hedge: Post-entry metrics check - DVOL: 36.43%, Net Delta BTC: -0.0040
2026-05-24 13:23:22 IST - BotCore - INFO - Hedge: DVOL Regime: Low (<45%) | Trigger Level: 0.20 | Action: full | Raw Net Delta: 0.0402
2026-05-24 13:23:22 IST - BotCore - INFO - Hedge: No post-entry hedge needed. Raw Net Delta 0.0402 <= 0.20
2026-05-24 13:23:23 IST - BotCore - INFO - Execution: Closing all positions due to End of Day Square-off
2026-05-24 13:23:23 IST - BotCore - INFO - Execution [PAPER]: Simulating close of C-BTC-77600-250526
2026-05-24 13:23:23 IST - BotCore - INFO - Execution [PAPER]: Simulating close of P-BTC-75600-250526
2026-05-24 13:23:23 IST - BotCore - INFO - Hedge: Closing all smart hedge positions...
2026-05-24 13:23:23 IST - BotCore - INFO - Hedge: Smart hedge state reset successfully.
2026-05-24 13:23:23 IST - BotCore - INFO - Risk [PAPER]: Simulated equity is $10184.63 (No live check)
2026-05-24 13:23:23 IST - BotCore - INFO - Engine: Daily state reset.
2026-05-24 13:30:31 IST - BotCore - INFO - API: Time synced. Offset: -4s
2026-05-24 13:30:31 IST - BotCore - INFO - Engine: Entry cycle triggered (force=True)
2026-05-24 13:30:31 IST - BotCore - INFO - Engine [PAPER]: Verifying API connection before trade...
2026-05-24 13:30:31 IST - BotCore - INFO - Engine [PAPER]: API Status (REST: OK, WS: DOWN) - Attempt 1/3
2026-05-24 13:30:31 IST - BotCore - WARNING - Engine [PAPER]: Connection down. Attempting reconnect (Attempt 1)...
2026-05-24 13:30:31 IST - BotCore - INFO - API: Time synced. Offset: -4s
2026-05-24 13:30:32 IST - BotCore - INFO - WS Connection Opened
2026-05-24 13:30:33 IST - BotCore - INFO - Engine [PAPER]: API Status (REST: OK, WS: OK) - Attempt 2/3
2026-05-24 13:30:33 IST - BotCore - INFO - Engine [PAPER]: API connection status before trade entry: Connected
2026-05-24 13:30:33 IST - BotCore - INFO - Risk [PAPER]: Simulated equity is $10000.00 (No live check)
2026-05-24 13:30:35 IST - BotCore - INFO - Strategy: Using DVOL-based premium range. DVOL: 36.44%, Target: $140.0–$300.0
2026-05-24 13:30:35 IST - BotCore - INFO - Strategy: Selected balanced strikes (Call: C-BTC-77600-250526 Premium: 175.21, Put: P-BTC-75600-250526 Premium: 176.29, Diff: 1.07)
2026-05-24 13:30:35 IST - BotCore - INFO - Engine: Dynamic sizing applied. Base: 200 lots, Adjusted: 200 lots (Multiplier: 1.00x, Reasons: Paper multiplier (1.00x))
2026-05-24 13:30:36 IST - BotCore - INFO - Execution: Placing PAPER Strangle. Size: 100
2026-05-24 13:30:36 IST - BotCore - INFO - Execution [PAPER]: Simulating execution delay of 349ms...
2026-05-24 13:30:36 IST - BotCore - INFO - Execution [PAPER]: Simulating sell of C-BTC-77600-250526 @ 175.9270 (slippage: +0.71)
2026-05-24 13:30:36 IST - BotCore - INFO - Execution [PAPER]: Simulating sell of P-BTC-75600-250526 @ 176.7755 (slippage: +0.49)
2026-05-24 13:30:36 IST - BotCore - INFO - WS: Subscribed to ['C-BTC-77600-250526', 'P-BTC-75600-250526']
2026-05-24 13:30:37 IST - BotCore - INFO - Hedge: Scheduling post-entry hedge check in 5s...
2026-05-24 13:30:40 IST - BotCore - INFO - Hedge: DVOL Regime: Low (<45%) | Trigger Level: 0.20 | Action: full | Raw Net Delta: 0.0470
2026-05-24 13:30:40 IST - BotCore - INFO - Hedge: No post-entry hedge needed. Raw Net Delta 0.0470 <= 0.20
2026-05-24 13:30:40 IST - BotCore - INFO - Engine: Exit cycle triggered (Fixed Time Square-off)
2026-05-24 13:30:40 IST - BotCore - INFO - Engine [PAPER]: Winning trade (+$0.12). New Lot Multiplier: 105.0%. Consecutive Losses reset to 0.
2026-05-24 13:30:40 IST - BotCore - INFO - Risk [PAPER]: Simulated equity is $10000.12 (No live check)
2026-05-24 13:30:40 IST - BotCore - INFO - Tracker: Logged trade -> EOD Square-off | PnL: $0.12 | Filter: OFF
2026-05-24 13:30:41 IST - BotCore - INFO - Engine: Generating Actual Report for 2026-05-24 (Mode: PAPER)...
2026-05-24 13:30:41 IST - BotCore - INFO - Filters: ForexFactory calendar cache updated.
2026-05-24 13:30:41 IST - BotCore - INFO - Filter: News check passed. No High impact USD news today.
2026-05-24 13:30:41 IST - BotCore - INFO - Engine: Successfully generated automatic daily report post-trade close.
2026-05-24 13:30:42 IST - BotCore - INFO - Hedge: Post-entry metrics check - DVOL: 36.44%, Net Delta BTC: -0.0047
2026-05-24 13:30:42 IST - BotCore - INFO - Hedge: DVOL Regime: Low (<45%) | Trigger Level: 0.20 | Action: full | Raw Net Delta: 0.0470
2026-05-24 13:30:42 IST - BotCore - INFO - Hedge: No post-entry hedge needed. Raw Net Delta 0.0470 <= 0.20
2026-05-24 13:30:42 IST - BotCore - INFO - Execution: Closing all positions due to End of Day Square-off
2026-05-24 13:30:42 IST - BotCore - INFO - Execution [PAPER]: Simulating close of C-BTC-77600-250526
2026-05-24 13:30:42 IST - BotCore - INFO - Execution [PAPER]: Simulating close of P-BTC-75600-250526
2026-05-24 13:30:42 IST - BotCore - INFO - Hedge: Closing all smart hedge positions...
2026-05-24 13:30:42 IST - BotCore - INFO - Hedge: Smart hedge state reset successfully.
2026-05-24 13:30:42 IST - BotCore - INFO - Risk [PAPER]: Simulated equity is $10000.12 (No live check)
2026-05-24 13:30:42 IST - BotCore - INFO - Engine: Daily state reset.
2026-05-24 13:41:14 IST - BotCore - INFO - API: Time synced. Offset: -9s
2026-05-24 13:41:14 IST - BotCore - INFO - Engine: Entry cycle triggered (force=True)
2026-05-24 13:41:14 IST - BotCore - INFO - Engine [PAPER]: Verifying API connection before trade...
2026-05-24 13:41:14 IST - BotCore - INFO - Engine [PAPER]: API Status (REST: OK, WS: DOWN) - Attempt 1/3
2026-05-24 13:41:14 IST - BotCore - WARNING - Engine [PAPER]: Connection down. Attempting reconnect (Attempt 1)...
2026-05-24 13:41:14 IST - BotCore - INFO - API: Time synced. Offset: -8s
2026-05-24 13:41:14 IST - BotCore - INFO - WS Connection Opened
2026-05-24 13:41:16 IST - BotCore - INFO - Engine [PAPER]: API Status (REST: OK, WS: OK) - Attempt 2/3
2026-05-24 13:41:16 IST - BotCore - INFO - Engine [PAPER]: API connection status before trade entry: Connected
2026-05-24 13:41:16 IST - BotCore - INFO - Risk [PAPER]: Simulated equity is $10000.00 (No live check)
2026-05-24 13:41:17 IST - BotCore - INFO - Strategy: Using DVOL-based premium range. DVOL: 36.37%, Target: $140.0–$300.0
2026-05-24 13:41:17 IST - BotCore - INFO - Strategy: Selected balanced strikes (Call: C-BTC-77600-250526 Premium: 193.35, Put: P-BTC-75800-250526 Premium: 199.27, Diff: 5.93)
2026-05-24 13:41:17 IST - BotCore - INFO - Engine: Dynamic sizing applied. Base: 200 lots, Adjusted: 200 lots (Multiplier: 1.00x, Reasons: Paper multiplier (1.00x))
2026-05-24 13:41:17 IST - BotCore - INFO - Execution: Placing PAPER Strangle. Size: 100
2026-05-24 13:41:17 IST - BotCore - INFO - Execution [PAPER]: Simulating execution delay of 293ms...
2026-05-24 13:41:18 IST - BotCore - INFO - Execution [PAPER]: Simulating sell of C-BTC-77600-250526 @ 194.1098 (slippage: +0.76)
2026-05-24 13:41:18 IST - BotCore - INFO - Execution [PAPER]: Simulating sell of P-BTC-75800-250526 @ 199.9406 (slippage: +0.67)
2026-05-24 13:41:18 IST - BotCore - INFO - WS: Subscribed to ['C-BTC-77600-250526', 'P-BTC-75800-250526']
2026-05-24 13:41:19 IST - BotCore - INFO - Hedge: Scheduling post-entry hedge check in 5s...
2026-05-24 13:41:22 IST - BotCore - INFO - Hedge: DVOL Regime: Low (<45%) | Trigger Level: 0.20 | Action: full | Raw Net Delta: 0.0124
2026-05-24 13:41:22 IST - BotCore - INFO - Hedge: No post-entry hedge needed. Raw Net Delta 0.0124 <= 0.20
2026-05-24 13:41:22 IST - BotCore - INFO - Engine: Exit cycle triggered (Fixed Time Square-off)
2026-05-24 13:41:22 IST - BotCore - INFO - Engine [PAPER]: Winning trade (+$0.16). New Lot Multiplier: 105.0%. Consecutive Losses reset to 0.
2026-05-24 13:41:22 IST - BotCore - INFO - Risk [PAPER]: Simulated equity is $10000.16 (No live check)
2026-05-24 13:41:22 IST - BotCore - INFO - Tracker: Logged trade -> EOD Square-off | PnL: $0.16 | Filter: OFF
2026-05-24 13:41:22 IST - BotCore - INFO - Engine: Generating Actual Report for 2026-05-24 (Mode: PAPER)...
2026-05-24 13:41:22 IST - BotCore - INFO - Filters: ForexFactory calendar cache updated.
2026-05-24 13:41:22 IST - BotCore - INFO - Filter: News check passed. No High impact USD news today.
2026-05-24 13:41:22 IST - BotCore - INFO - Engine: Successfully generated automatic daily report post-trade close.
2026-05-24 13:41:23 IST - BotCore - INFO - Execution: Closing all positions due to End of Day Square-off
2026-05-24 13:41:23 IST - BotCore - INFO - Execution [PAPER]: Simulating close of C-BTC-77600-250526
2026-05-24 13:41:23 IST - BotCore - INFO - Execution [PAPER]: Simulating close of P-BTC-75800-250526
2026-05-24 13:41:23 IST - BotCore - INFO - Hedge: Closing all smart hedge positions...
2026-05-24 13:41:23 IST - BotCore - INFO - Hedge: Smart hedge state reset successfully.
2026-05-24 13:41:23 IST - BotCore - INFO - Risk [PAPER]: Simulated equity is $10000.16 (No live check)
2026-05-24 13:41:23 IST - BotCore - INFO - Engine: Daily state reset.
2026-05-24 14:03:24 IST - BotCore - INFO - API: Time synced. Offset: 116036s
2026-05-24 14:03:24 IST - BotCore - INFO - Engine: Entry cycle triggered (force=True)
2026-05-24 14:03:24 IST - BotCore - INFO - Engine [PAPER]: Verifying API connection before trade...
2026-05-24 14:03:24 IST - BotCore - INFO - Engine [PAPER]: API Status (REST: OK, WS: DOWN) - Attempt 1/3
2026-05-24 14:03:24 IST - BotCore - WARNING - Engine [PAPER]: Connection down. Attempting reconnect (Attempt 1)...
2026-05-24 14:03:24 IST - BotCore - INFO - API: Time synced. Offset: 116036s
2026-05-24 14:03:25 IST - BotCore - INFO - WS Connection Opened
2026-05-24 14:03:26 IST - BotCore - INFO - Engine [PAPER]: API Status (REST: OK, WS: OK) - Attempt 2/3
2026-05-24 14:03:26 IST - BotCore - INFO - Engine [PAPER]: API connection status before trade entry: Connected
2026-05-24 14:03:26 IST - BotCore - INFO - Risk [PAPER]: Simulated equity is $10000.00 (No live check)
2026-05-24 14:03:27 IST - BotCore - WARNING - Strategy: No tickers found for expiry 250526
2026-05-24 14:03:27 IST - BotCore - INFO - Engine [FORCE]: Retrying without premium filter...
2026-05-24 14:03:27 IST - BotCore - WARNING - Strategy: No tickers found for expiry 250526
2026-05-24 14:03:27 IST - BotCore - INFO - Engine [FORCE]: Retrying on any available expiry...
2026-05-24 14:03:27 IST - BotCore - INFO - Strategy: Using legacy premium range $100–$250
2026-05-24 14:03:27 IST - BotCore - INFO - Strategy: Soft fallback to delta-based selection (Call: C-BTC-84000-260626 Delta: 0.2194, Put: P-BTC-76000-290526 Delta: -0.2211)
2026-05-24 14:03:27 IST - BotCore - INFO - Engine: Dynamic sizing applied. Base: 200 lots, Adjusted: 200 lots (Multiplier: 1.00x, Reasons: Paper multiplier (1.00x))
2026-05-24 14:03:28 IST - BotCore - INFO - Execution: Placing PAPER Strangle. Size: 100
2026-05-24 14:03:28 IST - BotCore - INFO - Execution [PAPER]: Simulating execution delay of 490ms...
2026-05-24 14:03:28 IST - BotCore - INFO - Execution [PAPER]: Simulating sell of C-BTC-84000-260626 @ 888.8215 (slippage: +0.91)
2026-05-24 14:03:28 IST - BotCore - INFO - Execution [PAPER]: Simulating sell of P-BTC-76000-290526 @ 299.0627 (slippage: +1.09)
2026-05-24 14:03:28 IST - BotCore - INFO - WS: Subscribed to ['C-BTC-84000-260626', 'P-BTC-76000-290526']
2026-05-24 14:03:29 IST - BotCore - INFO - Hedge: Scheduling post-entry hedge check in 5s...
2026-05-24 14:03:32 IST - BotCore - INFO - Hedge: DVOL Regime: Low (<45%) | Trigger Level: 0.20 | Action: full | Raw Net Delta: 0.0000
2026-05-24 14:03:32 IST - BotCore - INFO - Hedge: No post-entry hedge needed. Raw Net Delta 0.0000 <= 0.20
2026-05-24 14:03:32 IST - BotCore - INFO - Engine: Exit cycle triggered (Fixed Time Square-off)
2026-05-24 14:03:32 IST - BotCore - INFO - Engine [PAPER]: Winning trade (+$118.52). New Lot Multiplier: 105.0%. Consecutive Losses reset to 0.
2026-05-24 14:03:32 IST - BotCore - INFO - Risk [PAPER]: Simulated equity is $10118.52 (No live check)
2026-05-24 14:03:32 IST - BotCore - INFO - Tracker: Logged trade -> EOD Square-off | PnL: $118.52 | Filter: OFF
2026-05-24 14:03:33 IST - BotCore - INFO - Engine: Generating Actual Report for 2026-05-24 (Mode: PAPER)...
2026-05-24 14:03:33 IST - BotCore - INFO - Filters: ForexFactory calendar cache updated.
2026-05-24 14:03:33 IST - BotCore - INFO - Filter: News check passed. No High impact USD news today.
2026-05-24 14:03:33 IST - BotCore - INFO - Engine: Successfully generated automatic daily report post-trade close.
2026-05-24 14:03:34 IST - BotCore - INFO - Hedge: Post-entry metrics check - DVOL: 36.22%, Net Delta BTC: 0.0001
2026-05-24 14:03:34 IST - BotCore - INFO - Hedge: DVOL Regime: Low (<45%) | Trigger Level: 0.20 | Action: full | Raw Net Delta: 0.0013
2026-05-24 14:03:34 IST - BotCore - INFO - Hedge: No post-entry hedge needed. Raw Net Delta 0.0013 <= 0.20
2026-05-24 14:03:34 IST - BotCore - INFO - Execution: Closing all positions due to End of Day Square-off
2026-05-24 14:03:34 IST - BotCore - INFO - Execution [PAPER]: Simulating close of C-BTC-84000-260626
2026-05-24 14:03:34 IST - BotCore - INFO - Execution [PAPER]: Simulating close of P-BTC-76000-290526
2026-05-24 14:03:34 IST - BotCore - INFO - Hedge: Closing all smart hedge positions...
2026-05-24 14:03:34 IST - BotCore - INFO - Hedge: Smart hedge state reset successfully.
2026-05-24 14:03:34 IST - BotCore - INFO - Risk [PAPER]: Simulated equity is $10118.52 (No live check)
2026-05-24 14:03:34 IST - BotCore - INFO - Engine: Daily state reset.
2026-05-25 22:28:57 IST - BotCore - INFO - API: Time synced. Offset: -8s
2026-05-25 22:28:58 IST - BotCore - INFO - Engine: Entry cycle triggered (force=True)
2026-05-25 22:28:58 IST - BotCore - INFO - Engine [PAPER]: Verifying API connection before trade...
2026-05-25 22:28:58 IST - BotCore - INFO - Engine [PAPER]: API Status (REST: OK, WS: DOWN) - Attempt 1/3
2026-05-25 22:28:58 IST - BotCore - WARNING - Engine [PAPER]: Connection down. Attempting reconnect (Attempt 1)...
2026-05-25 22:28:58 IST - BotCore - INFO - WS Connection Opened
2026-05-25 22:28:59 IST - BotCore - INFO - API: Time synced. Offset: 0s
2026-05-25 22:29:01 IST - BotCore - INFO - Engine [PAPER]: API Status (REST: OK, WS: OK) - Attempt 2/3
2026-05-25 22:29:01 IST - BotCore - INFO - Engine [PAPER]: API connection status before trade entry: Connected
2026-05-25 22:29:01 IST - BotCore - INFO - Risk [PAPER]: Simulated equity is $10000.00 (No live check)
2026-05-25 22:29:02 IST - BotCore - INFO - Strategy: Using DVOL-based premium range. DVOL: 34.43%, Target: $140.0–$300.0
2026-05-25 22:29:02 IST - BotCore - INFO - Strategy: Soft fallback to delta-based selection (Call: C-BTC-78600-260526 Delta: 0.1760, Put: P-BTC-77000-260526 Delta: -0.1968)
2026-05-25 22:29:02 IST - BotCore - INFO - Strategy: Final selection — Call: C-BTC-78600-260526 (Delta=0.1760, P=$85.54), Put: P-BTC-77000-260526 (Delta=-0.1968, P=$96.81), Net Delta: -0.0208
2026-05-25 22:29:02 IST - BotCore - INFO - Engine: Dynamic sizing applied. Base: 200 lots, Adjusted: 200 lots (Multiplier: 1.00x, Reasons: Paper multiplier (1.00x))
2026-05-25 22:29:03 IST - BotCore - INFO - Execution: Placing PAPER Strangle. Size: 100
2026-05-25 22:29:03 IST - BotCore - INFO - Execution [PAPER]: Simulating execution delay of 411ms...
2026-05-25 22:29:03 IST - BotCore - INFO - Execution [PAPER]: Simulating sell of C-BTC-78600-260526 @ 86.1616 (slippage: +0.62)
2026-05-25 22:29:03 IST - BotCore - INFO - Execution [PAPER]: Simulating sell of P-BTC-77000-260526 @ 97.4352 (slippage: +0.62)
2026-05-25 22:29:03 IST - BotCore - INFO - WS: Subscribed to ['C-BTC-78600-260526', 'P-BTC-77000-260526']
2026-05-25 22:29:04 IST - BotCore - INFO - Hedge: Scheduling post-entry hedge check in 5s...
2026-05-25 22:29:07 IST - BotCore - INFO - Hedge: DVOL Regime: Low (<45%) | Trigger Level: 0.20 | Action: full | Raw Net Delta: 0.0000
2026-05-25 22:29:07 IST - BotCore - INFO - Hedge: No post-entry hedge needed. Raw Net Delta 0.0000 <= 0.20
2026-05-25 22:29:07 IST - BotCore - INFO - Engine: Exit cycle triggered (Fixed Time Square-off)
2026-05-25 22:29:08 IST - BotCore - INFO - Engine [PAPER]: Winning trade (+$18.09). New Lot Multiplier: 105.0%. Consecutive Losses reset to 0.
2026-05-25 22:29:08 IST - BotCore - INFO - Risk [PAPER]: Simulated equity is $10018.09 (No live check)
2026-05-25 22:29:08 IST - BotCore - INFO - Tracker: Logged trade -> EOD Square-off | PnL: $18.09 | Filter: OFF
2026-05-25 22:29:09 IST - BotCore - INFO - Engine: Generating Actual Report for 2026-05-25 (Mode: PAPER)...
2026-05-25 22:29:09 IST - BotCore - INFO - Filters: ForexFactory calendar cache updated.
2026-05-25 22:29:09 IST - BotCore - INFO - Filter: News check passed. No High impact USD news today.
2026-05-25 22:29:09 IST - BotCore - INFO - Engine: Successfully generated automatic daily report post-trade close.
2026-05-25 22:29:09 IST - BotCore - INFO - Hedge: Post-entry metrics check - DVOL: 34.43%, Net Delta BTC: 0.0021
2026-05-25 22:29:09 IST - BotCore - INFO - Hedge: DVOL Regime: Low (<45%) | Trigger Level: 0.20 | Action: full | Raw Net Delta: 0.0211
2026-05-25 22:29:09 IST - BotCore - INFO - Hedge: No post-entry hedge needed. Raw Net Delta 0.0211 <= 0.20
2026-05-25 22:29:10 IST - BotCore - INFO - Execution: Closing all positions due to End of Day Square-off
2026-05-25 22:29:10 IST - BotCore - INFO - Execution [PAPER]: Simulating close of C-BTC-78600-260526
2026-05-25 22:29:10 IST - BotCore - INFO - Execution [PAPER]: Simulating close of P-BTC-77000-260526
2026-05-25 22:29:10 IST - BotCore - INFO - Hedge: Closing all smart hedge positions...
2026-05-25 22:29:10 IST - BotCore - INFO - Hedge: Smart hedge state reset successfully.
2026-05-25 22:29:10 IST - BotCore - INFO - Risk [PAPER]: Simulated equity is $10018.09 (No live check)
2026-05-25 22:29:10 IST - BotCore - INFO - Engine: Daily state reset.
2026-05-25 22:32:37 IST - BotCore - INFO - API: Time synced. Offset: 0s
2026-05-25 22:32:37 IST - BotCore - INFO - Engine: Entry cycle triggered (force=True)
2026-05-25 22:32:37 IST - BotCore - INFO - Engine [PAPER]: Verifying API connection before trade...
2026-05-25 22:32:37 IST - BotCore - INFO - Engine [PAPER]: API Status (REST: OK, WS: DOWN) - Attempt 1/3
2026-05-25 22:32:37 IST - BotCore - WARNING - Engine [PAPER]: Connection down. Attempting reconnect (Attempt 1)...
2026-05-25 22:32:38 IST - BotCore - INFO - API: Time synced. Offset: -1s
2026-05-25 22:32:38 IST - BotCore - INFO - WS Connection Opened
2026-05-25 22:32:40 IST - BotCore - INFO - Engine [PAPER]: API Status (REST: OK, WS: OK) - Attempt 2/3
2026-05-25 22:32:40 IST - BotCore - INFO - Engine [PAPER]: API connection status before trade entry: Connected
2026-05-25 22:32:40 IST - BotCore - INFO - Risk [PAPER]: Simulated equity is $10000.00 (No live check)
2026-05-25 22:32:40 IST - BotCore - INFO - Strategy: Using DVOL-based premium range. DVOL: 34.43%, Target: $140.0–$300.0
2026-05-25 22:32:40 IST - BotCore - INFO - Strategy: Soft fallback to delta-based selection (Call: C-BTC-78600-260526 Delta: 0.1882, Put: P-BTC-77000-260526 Delta: -0.1834)
2026-05-25 22:32:40 IST - BotCore - INFO - Strategy: Final selection — Call: C-BTC-78600-260526 (Delta=0.1882, P=$93.34), Put: P-BTC-77000-260526 (Delta=-0.1834, P=$88.17), Net Delta: 0.0048
2026-05-25 22:32:40 IST - BotCore - INFO - Engine: Dynamic sizing applied. Base: 200 lots, Adjusted: 200 lots (Multiplier: 1.00x, Reasons: Paper multiplier (1.00x))
2026-05-25 22:32:41 IST - BotCore - INFO - Execution: Placing PAPER Strangle. Size: 100
2026-05-25 22:32:41 IST - BotCore - INFO - Execution [PAPER]: Simulating execution delay of 263ms...
2026-05-25 22:32:41 IST - BotCore - INFO - Execution [PAPER]: Simulating sell of C-BTC-78600-260526 @ 93.5851 (slippage: +0.25)
2026-05-25 22:32:41 IST - BotCore - INFO - Execution [PAPER]: Simulating sell of P-BTC-77000-260526 @ 88.4450 (slippage: +0.28)
2026-05-25 22:32:41 IST - BotCore - INFO - WS: Subscribed to ['C-BTC-78600-260526', 'P-BTC-77000-260526']
2026-05-25 22:32:42 IST - BotCore - INFO - Hedge: Scheduling post-entry hedge check in 5s...
2026-05-25 22:32:45 IST - BotCore - INFO - Hedge: DVOL Regime: Low (<45%) | Trigger Level: 0.20 | Action: full | Raw Net Delta: 0.0048
2026-05-25 22:32:45 IST - BotCore - INFO - Hedge: No post-entry hedge needed. Raw Net Delta 0.0048 <= 0.20
2026-05-25 22:32:45 IST - BotCore - INFO - Engine: Exit cycle triggered (Fixed Time Square-off)
2026-05-25 22:32:45 IST - BotCore - INFO - Engine [PAPER]: Winning trade (+$0.03). New Lot Multiplier: 105.0%. Consecutive Losses reset to 0.
2026-05-25 22:32:45 IST - BotCore - INFO - Risk [PAPER]: Simulated equity is $10000.03 (No live check)
2026-05-25 22:32:45 IST - BotCore - INFO - Tracker: Logged trade -> EOD Square-off | PnL: $0.03 | Filter: OFF
2026-05-25 22:32:45 IST - BotCore - INFO - Engine: Generating Actual Report for 2026-05-25 (Mode: PAPER)...
2026-05-25 22:32:45 IST - BotCore - INFO - Filters: ForexFactory calendar cache updated.
2026-05-25 22:32:45 IST - BotCore - INFO - Filter: News check passed. No High impact USD news today.
2026-05-25 22:32:45 IST - BotCore - INFO - Engine: Successfully generated automatic daily report post-trade close.
2026-05-25 22:32:46 IST - BotCore - INFO - Execution: Closing all positions due to End of Day Square-off
2026-05-25 22:32:46 IST - BotCore - INFO - Execution [PAPER]: Simulating close of C-BTC-78600-260526
2026-05-25 22:32:46 IST - BotCore - INFO - Execution [PAPER]: Simulating close of P-BTC-77000-260526
2026-05-25 22:32:46 IST - BotCore - INFO - Hedge: Closing all smart hedge positions...
2026-05-25 22:32:46 IST - BotCore - INFO - Hedge: Smart hedge state reset successfully.
2026-05-25 22:32:46 IST - BotCore - INFO - Risk [PAPER]: Simulated equity is $10000.03 (No live check)
2026-05-25 22:32:46 IST - BotCore - INFO - Engine: Daily state reset.
2026-05-25 22:40:12 IST - BotCore - INFO - API: Time synced. Offset: -6s
2026-05-25 22:40:12 IST - BotCore - INFO - Engine: Entry cycle triggered (force=True)
2026-05-25 22:40:12 IST - BotCore - INFO - Engine [PAPER]: Verifying API connection before trade...
2026-05-25 22:40:13 IST - BotCore - INFO - Engine [PAPER]: API Status (REST: OK, WS: DOWN) - Attempt 1/3
2026-05-25 22:40:13 IST - BotCore - WARNING - Engine [PAPER]: Connection down. Attempting reconnect (Attempt 1)...
2026-05-25 22:40:13 IST - BotCore - INFO - API: Time synced. Offset: -7s
2026-05-25 22:40:13 IST - BotCore - INFO - WS Connection Opened
2026-05-25 22:40:15 IST - BotCore - INFO - Engine [PAPER]: API Status (REST: OK, WS: OK) - Attempt 2/3
2026-05-25 22:40:15 IST - BotCore - INFO - Engine [PAPER]: API connection status before trade entry: Connected
2026-05-25 22:40:15 IST - BotCore - INFO - Risk [PAPER]: Simulated equity is $10000.00 (No live check)
2026-05-25 22:40:16 IST - BotCore - INFO - Strategy: Using DVOL-based premium range. DVOL: 34.41%, Target: $140.0–$300.0
2026-05-25 22:40:16 IST - BotCore - INFO - Strategy: Soft fallback to delta-based selection (Call: C-BTC-78600-260526 Delta: 0.1807, Put: P-BTC-77000-260526 Delta: -0.1912)
2026-05-25 22:40:16 IST - BotCore - INFO - Strategy: Final selection — Call: C-BTC-78600-260526 (Delta=0.1807, P=$88.83), Put: P-BTC-77000-260526 (Delta=-0.1912, P=$94.15), Net Delta: -0.0105
2026-05-25 22:40:16 IST - BotCore - INFO - Engine: Dynamic sizing applied. Base: 200 lots, Adjusted: 200 lots (Multiplier: 1.00x, Reasons: Paper multiplier (1.00x))
2026-05-25 22:40:17 IST - BotCore - INFO - Execution: Placing PAPER Strangle. Size: 100
2026-05-25 22:40:17 IST - BotCore - INFO - Execution [PAPER]: Simulating execution delay of 320ms...
2026-05-25 22:40:17 IST - BotCore - INFO - Execution [PAPER]: Simulating sell of C-BTC-78600-260526 @ 89.1367 (slippage: +0.31)
2026-05-25 22:40:17 IST - BotCore - INFO - Execution [PAPER]: Simulating sell of P-BTC-77000-260526 @ 94.6493 (slippage: +0.50)
2026-05-25 22:40:17 IST - BotCore - INFO - WS: Subscribed to ['C-BTC-78600-260526', 'P-BTC-77000-260526']
2026-05-25 22:40:18 IST - BotCore - INFO - Hedge: Scheduling post-entry hedge check in 5s...
2026-05-25 22:40:21 IST - BotCore - INFO - Hedge: DVOL Regime: Low (<45%) | Trigger Level: 0.20 | Action: full | Raw Net Delta: 0.0000
2026-05-25 22:40:21 IST - BotCore - INFO - Hedge: No post-entry hedge needed. Raw Net Delta 0.0000 <= 0.20
2026-05-25 22:40:21 IST - BotCore - INFO - Engine: Exit cycle triggered (Fixed Time Square-off)
2026-05-25 22:40:21 IST - BotCore - INFO - Engine [PAPER]: Winning trade (+$18.11). New Lot Multiplier: 105.0%. Consecutive Losses reset to 0.
2026-05-25 22:40:21 IST - BotCore - INFO - Risk [PAPER]: Simulated equity is $10018.11 (No live check)
2026-05-25 22:40:21 IST - BotCore - INFO - Tracker: Logged trade -> EOD Square-off | PnL: $18.11 | Filter: OFF
2026-05-25 22:40:22 IST - BotCore - INFO - Engine: Generating Actual Report for 2026-05-25 (Mode: PAPER)...
2026-05-25 22:40:22 IST - BotCore - INFO - Filters: ForexFactory calendar cache updated.
2026-05-25 22:40:22 IST - BotCore - INFO - Filter: News check passed. No High impact USD news today.
2026-05-25 22:40:22 IST - BotCore - INFO - Engine: Successfully generated automatic daily report post-trade close.
2026-05-25 22:40:23 IST - BotCore - INFO - Hedge: Post-entry metrics check - DVOL: 34.41%, Net Delta BTC: 0.0014
2026-05-25 22:40:23 IST - BotCore - INFO - Hedge: DVOL Regime: Low (<45%) | Trigger Level: 0.20 | Action: full | Raw Net Delta: 0.0143
2026-05-25 22:40:23 IST - BotCore - INFO - Hedge: No post-entry hedge needed. Raw Net Delta 0.0143 <= 0.20
2026-05-25 22:40:23 IST - BotCore - INFO - Execution: Closing all positions due to End of Day Square-off
2026-05-25 22:40:23 IST - BotCore - INFO - Execution [PAPER]: Simulating close of C-BTC-78600-260526
2026-05-25 22:40:23 IST - BotCore - INFO - Execution [PAPER]: Simulating close of P-BTC-77000-260526
2026-05-25 22:40:23 IST - BotCore - INFO - Hedge: Closing all smart hedge positions...
2026-05-25 22:40:23 IST - BotCore - INFO - Hedge: Smart hedge state reset successfully.
2026-05-25 22:40:23 IST - BotCore - INFO - Risk [PAPER]: Simulated equity is $10018.11 (No live check)
2026-05-25 22:40:23 IST - BotCore - INFO - Engine: Daily state reset.
2026-05-25 22:54:33 IST - BotCore - INFO - Starting Local Monitor Test
2026-05-25 22:54:33 IST - BotCore - INFO - API: Time synced. Offset: 0s
2026-05-25 22:54:48 IST - BotCore - INFO - Starting Local Monitor Test
2026-05-25 22:54:48 IST - BotCore - INFO - API: Time synced. Offset: -4s
2026-05-25 22:54:48 IST - BotCore - INFO - Triggering Force Strangle Entry
2026-05-25 22:54:48 IST - BotCore - INFO - Engine: Entry cycle triggered (force=True)
2026-05-25 22:54:49 IST - BotCore - INFO - Strategy: Using DVOL-based premium range. DVOL: 34.41%, Target: $140.0–$300.0
2026-05-25 22:54:49 IST - BotCore - INFO - Strategy: Soft fallback to delta-based selection (Call: C-BTC-78400-260526 Delta: 0.1957, Put: P-BTC-76800-260526 Delta: -0.1789)
2026-05-25 22:54:49 IST - BotCore - INFO - Strategy: Final selection — Call: C-BTC-78400-260526 (Delta=0.1957, P=$96.85), Put: P-BTC-76800-260526 (Delta=-0.1789, P=$88.70), Net Delta: 0.0168
2026-05-25 22:54:49 IST - BotCore - INFO - Engine: Dynamic sizing applied. Base: 200 lots, Adjusted: 200 lots (Multiplier: 1.00x, Reasons: Base Sizing)
2026-05-25 22:54:50 IST - BotCore - INFO - Execution: Placing LIVE Strangle. Size: 100
2026-05-25 22:54:50 IST - BotCore - ERROR - Execution: Failed to sell C-BTC-78400-260526: {'error': {'code': 'ip_not_whitelisted_for_api_key', 'context': {'client_ip': '2402:e280:3d6b:59a:8cfe:8ab0:fa3b:ceb0'}}, 'success': False}
2026-05-25 22:54:51 IST - BotCore - ERROR - Execution: Failed to sell P-BTC-76800-260526: {'error': {'code': 'ip_not_whitelisted_for_api_key', 'context': {'client_ip': '2402:e280:3d6b:59a:8cfe:8ab0:fa3b:ceb0'}}, 'success': False}
2026-05-25 22:54:52 IST - BotCore - INFO - Hedge: Scheduling post-entry hedge check in 5s...
2026-05-25 22:54:52 IST - BotCore - INFO - Waiting 20 seconds to see if the trade cuts early...
2026-05-25 22:54:53 IST - BotCore - INFO - TRADE CUT EARLY AT 0 SECONDS!
2026-05-25 22:55:21 IST - BotCore - INFO - Starting Local Monitor Test
2026-05-25 22:55:21 IST - BotCore - INFO - API: Time synced. Offset: -6s
2026-05-25 22:55:21 IST - BotCore - INFO - Triggering Force Strangle Entry
2026-05-25 22:55:21 IST - BotCore - INFO - Engine: Entry cycle triggered (force=True)
2026-05-25 22:55:21 IST - BotCore - INFO - Risk [PAPER]: Simulated equity is $10000.00 (No live check)
2026-05-25 22:55:23 IST - BotCore - INFO - Strategy: Using DVOL-based premium range. DVOL: 34.53%, Target: $140.0–$300.0
2026-05-25 22:55:23 IST - BotCore - INFO - Strategy: Soft fallback to delta-based selection (Call: C-BTC-78400-260526 Delta: 0.1951, Put: P-BTC-76800-260526 Delta: -0.1799)
2026-05-25 22:55:23 IST - BotCore - INFO - Strategy: Final selection — Call: C-BTC-78400-260526 (Delta=0.1951, P=$96.86), Put: P-BTC-76800-260526 (Delta=-0.1799, P=$87.78), Net Delta: 0.0152
2026-05-25 22:55:23 IST - BotCore - INFO - Engine: Dynamic sizing applied. Base: 200 lots, Adjusted: 200 lots (Multiplier: 1.00x, Reasons: Base Sizing)
2026-05-25 22:55:34 IST - BotCore - INFO - Execution: Placing LIVE Strangle. Size: 100
2026-05-25 22:55:34 IST - BotCore - ERROR - Execution: Failed to sell C-BTC-78400-260526: {'error': {'code': 'ip_not_whitelisted_for_api_key', 'context': {'client_ip': '2402:e280:3d6b:59a:8cfe:8ab0:fa3b:ceb0'}}, 'success': False}
2026-05-25 22:55:35 IST - BotCore - ERROR - Execution: Failed to sell P-BTC-76800-260526: {'error': {'code': 'ip_not_whitelisted_for_api_key', 'context': {'client_ip': '2402:e280:3d6b:59a:8cfe:8ab0:fa3b:ceb0'}}, 'success': False}
2026-05-25 22:55:36 IST - BotCore - INFO - Hedge: Scheduling post-entry hedge check in 5s...
2026-05-25 22:55:36 IST - BotCore - INFO - Waiting 20 seconds to see if the trade cuts early...
2026-05-25 22:55:37 IST - BotCore - INFO - TRADE CUT EARLY AT 0 SECONDS!
2026-05-25 22:56:11 IST - BotCore - INFO - Starting Local Monitor Test
2026-05-25 22:56:11 IST - BotCore - INFO - API: Time synced. Offset: -5s
2026-05-25 22:56:11 IST - BotCore - INFO - Triggering Force Strangle Entry
2026-05-25 22:56:11 IST - BotCore - INFO - Engine: Entry cycle triggered (force=True)
2026-05-25 22:56:11 IST - BotCore - INFO - Engine [PAPER]: Verifying API connection before trade...
2026-05-25 22:56:11 IST - BotCore - INFO - Engine [PAPER]: API Status (REST: OK, WS: DOWN) - Attempt 1/3
2026-05-25 22:56:11 IST - BotCore - WARNING - Engine [PAPER]: Connection down. Attempting reconnect (Attempt 1)...
2026-05-25 22:56:11 IST - BotCore - INFO - API: Time synced. Offset: -5s
2026-05-25 22:56:12 IST - BotCore - INFO - WS Connection Opened
2026-05-25 22:56:13 IST - BotCore - INFO - Engine [PAPER]: API Status (REST: OK, WS: OK) - Attempt 2/3
2026-05-25 22:56:13 IST - BotCore - INFO - Engine [PAPER]: API connection status before trade entry: Connected
2026-05-25 22:56:13 IST - BotCore - INFO - Risk [PAPER]: Simulated equity is $10000.00 (No live check)
2026-05-25 22:56:14 IST - BotCore - INFO - Strategy: Using DVOL-based premium range. DVOL: 34.54%, Target: $140.0–$300.0
2026-05-25 22:56:14 IST - BotCore - INFO - Strategy: Soft fallback to delta-based selection (Call: C-BTC-78400-260526 Delta: 0.1955, Put: P-BTC-76800-260526 Delta: -0.1786)
2026-05-25 22:56:14 IST - BotCore - INFO - Strategy: Final selection — Call: C-BTC-78400-260526 (Delta=0.1955, P=$97.54), Put: P-BTC-76800-260526 (Delta=-0.1786, P=$87.47), Net Delta: 0.0169
2026-05-25 22:56:14 IST - BotCore - INFO - Engine: Dynamic sizing applied. Base: 200 lots, Adjusted: 200 lots (Multiplier: 1.00x, Reasons: Paper multiplier (1.00x))
2026-05-25 22:56:15 IST - BotCore - INFO - Execution: Placing PAPER Strangle. Size: 100
2026-05-25 22:56:15 IST - BotCore - INFO - Execution [PAPER]: Simulating execution delay of 269ms...
2026-05-25 22:56:15 IST - BotCore - INFO - Execution [PAPER]: Simulating sell of C-BTC-78400-260526 @ 98.1068 (slippage: +0.56)
2026-05-25 22:56:15 IST - BotCore - INFO - Execution [PAPER]: Simulating sell of P-BTC-76800-260526 @ 87.8670 (slippage: +0.39)
2026-05-25 22:56:15 IST - BotCore - INFO - WS: Subscribed to ['C-BTC-78400-260526', 'P-BTC-76800-260526']
2026-05-25 22:56:15 IST - BotCore - INFO - Engine Monitor Safeguard: Time is 22:56 IST (>= 16:55 IST) with active positions. Triggering EOD Force Square-off.
2026-05-25 22:56:15 IST - BotCore - INFO - Engine: Exit cycle triggered (Fixed Time Square-off)
2026-05-25 22:56:16 IST - BotCore - INFO - Hedge: Scheduling post-entry hedge check in 5s...
2026-05-25 22:56:16 IST - BotCore - INFO - Waiting 20 seconds to see if the trade cuts early...
2026-05-25 22:56:16 IST - BotCore - INFO - Engine [PAPER]: Winning trade (+$9.82). New Lot Multiplier: 105.0%. Consecutive Losses reset to 0.
2026-05-25 22:56:16 IST - BotCore - INFO - Risk [PAPER]: Simulated equity is $10009.82 (No live check)
2026-05-25 22:56:16 IST - BotCore - INFO - Tracker: Logged trade -> EOD Square-off | PnL: $9.82 | Filter: OFF
2026-05-25 22:56:16 IST - BotCore - INFO - Engine: Generating Actual Report for 2026-05-25 (Mode: PAPER)...
2026-05-25 22:56:16 IST - BotCore - INFO - Filters: ForexFactory calendar cache updated.
2026-05-25 22:56:16 IST - BotCore - INFO - Filter: News check passed. No High impact USD news today.
2026-05-25 22:56:16 IST - BotCore - INFO - Engine: Successfully generated automatic daily report post-trade close.
2026-05-25 22:56:17 IST - BotCore - INFO - Execution: Closing all positions due to End of Day Square-off
2026-05-25 22:56:17 IST - BotCore - INFO - Execution [PAPER]: Simulating close of C-BTC-78400-260526
2026-05-25 22:56:17 IST - BotCore - INFO - Execution [PAPER]: Simulating close of P-BTC-76800-260526
2026-05-25 22:56:17 IST - BotCore - INFO - Hedge: Closing all smart hedge positions...
2026-05-25 22:56:17 IST - BotCore - INFO - Hedge: Smart hedge state reset successfully.
2026-05-25 22:56:17 IST - BotCore - INFO - Risk [PAPER]: Simulated equity is $10009.82 (No live check)
2026-05-25 22:56:17 IST - BotCore - INFO - Engine: Daily state reset.
2026-05-25 22:56:18 IST - BotCore - INFO - TRADE CUT EARLY AT 1 SECONDS!
2026-05-25 22:56:47 IST - BotCore - INFO - Starting Local Monitor Test
2026-05-25 22:56:47 IST - BotCore - INFO - API: Time synced. Offset: -8s
2026-05-25 22:56:47 IST - BotCore - INFO - Triggering Force Strangle Entry
2026-05-25 22:56:47 IST - BotCore - INFO - Engine: Entry cycle triggered (force=True)
2026-05-25 22:56:47 IST - BotCore - INFO - Engine [PAPER]: Verifying API connection before trade...
2026-05-25 22:56:47 IST - BotCore - INFO - Engine [PAPER]: API Status (REST: OK, WS: DOWN) - Attempt 1/3
2026-05-25 22:56:47 IST - BotCore - WARNING - Engine [PAPER]: Connection down. Attempting reconnect (Attempt 1)...
2026-05-25 22:56:47 IST - BotCore - INFO - API: Time synced. Offset: -8s
2026-05-25 22:56:48 IST - BotCore - INFO - WS Connection Opened
2026-05-25 22:56:49 IST - BotCore - INFO - Engine [PAPER]: API Status (REST: OK, WS: OK) - Attempt 2/3
2026-05-25 22:56:49 IST - BotCore - INFO - Engine [PAPER]: API connection status before trade entry: Connected
2026-05-25 22:56:49 IST - BotCore - INFO - Risk [PAPER]: Simulated equity is $10000.00 (No live check)
2026-05-25 22:56:50 IST - BotCore - INFO - Strategy: Using DVOL-based premium range. DVOL: 34.55%, Target: $140.0–$300.0
2026-05-25 22:56:50 IST - BotCore - INFO - Strategy: Soft fallback to delta-based selection (Call: C-BTC-78400-260526 Delta: 0.2009, Put: P-BTC-76800-260526 Delta: -0.1756)
2026-05-25 22:56:50 IST - BotCore - INFO - Strategy: Final selection — Call: C-BTC-78400-260526 (Delta=0.2009, P=$101.19), Put: P-BTC-76800-260526 (Delta=-0.1756, P=$83.96), Net Delta: 0.0254
2026-05-25 22:56:50 IST - BotCore - INFO - Engine: Dynamic sizing applied. Base: 200 lots, Adjusted: 200 lots (Multiplier: 1.00x, Reasons: Paper multiplier (1.00x))
2026-05-25 22:56:51 IST - BotCore - INFO - Execution: Placing PAPER Strangle. Size: 100
2026-05-25 22:56:51 IST - BotCore - INFO - Execution [PAPER]: Simulating execution delay of 390ms...
2026-05-25 22:56:51 IST - BotCore - INFO - Execution [PAPER]: Simulating sell of C-BTC-78400-260526 @ 101.6021 (slippage: +0.41)
2026-05-25 22:56:51 IST - BotCore - INFO - Execution [PAPER]: Simulating sell of P-BTC-76800-260526 @ 84.4779 (slippage: +0.52)
2026-05-25 22:56:51 IST - BotCore - INFO - WS: Subscribed to ['C-BTC-78400-260526', 'P-BTC-76800-260526']
2026-05-25 22:56:52 IST - BotCore - INFO - Hedge: Scheduling post-entry hedge check in 5s...
2026-05-25 22:56:52 IST - BotCore - INFO - Waiting 20 seconds to see if the trade cuts early...
2026-05-25 22:56:57 IST - BotCore - INFO - Hedge: Post-entry metrics check - DVOL: 34.55%, Net Delta BTC: -0.0029
2026-05-25 22:56:57 IST - BotCore - INFO - Hedge: DVOL Regime: Low (<45%) | Trigger Level: 0.20 | Action: full | Raw Net Delta: 0.0294
2026-05-25 22:56:57 IST - BotCore - INFO - Hedge: No post-entry hedge needed. Raw Net Delta 0.0294 <= 0.20
2026-05-25 22:57:12 IST - BotCore - INFO - Test passed: Trade did NOT cut early.
2026-05-25 22:57:36 IST - BotCore - INFO - Starting Local Monitor Test
2026-05-25 22:57:37 IST - BotCore - INFO - API: Time synced. Offset: -6s
2026-05-25 22:57:37 IST - BotCore - INFO - Triggering Force Strangle Entry
2026-05-25 22:57:37 IST - BotCore - INFO - Engine: Entry cycle triggered (force=True)
2026-05-25 22:57:37 IST - BotCore - INFO - Engine [PAPER]: Verifying API connection before trade...
2026-05-25 22:57:37 IST - BotCore - INFO - Engine [PAPER]: API Status (REST: OK, WS: DOWN) - Attempt 1/3
2026-05-25 22:57:37 IST - BotCore - WARNING - Engine [PAPER]: Connection down. Attempting reconnect (Attempt 1)...
2026-05-25 22:57:37 IST - BotCore - INFO - API: Time synced. Offset: -6s
2026-05-25 22:57:37 IST - BotCore - INFO - WS Connection Opened
2026-05-25 22:57:39 IST - BotCore - INFO - Engine [PAPER]: API Status (REST: OK, WS: OK) - Attempt 2/3
2026-05-25 22:57:39 IST - BotCore - INFO - Engine [PAPER]: API connection status before trade entry: Connected
2026-05-25 22:57:39 IST - BotCore - INFO - Risk [PAPER]: Simulated equity is $10000.00 (No live check)
2026-05-25 22:57:40 IST - BotCore - INFO - Strategy: Using DVOL-based premium range. DVOL: 34.56%, Target: $140.0–$300.0
2026-05-25 22:57:40 IST - BotCore - INFO - Strategy: Soft fallback to delta-based selection (Call: C-BTC-78400-260526 Delta: 0.1987, Put: P-BTC-76800-260526 Delta: -0.1754)
2026-05-25 22:57:40 IST - BotCore - INFO - Strategy: Final selection — Call: C-BTC-78400-260526 (Delta=0.1987, P=$98.47), Put: P-BTC-76800-260526 (Delta=-0.1754, P=$86.14), Net Delta: 0.0233
2026-05-25 22:57:40 IST - BotCore - INFO - Engine: Dynamic sizing applied. Base: 200 lots, Adjusted: 200 lots (Multiplier: 1.00x, Reasons: Paper multiplier (1.00x))
2026-05-25 22:57:41 IST - BotCore - INFO - Execution: Placing PAPER Strangle. Size: 100
2026-05-25 22:57:41 IST - BotCore - INFO - Execution [PAPER]: Simulating execution delay of 493ms...
2026-05-25 22:57:41 IST - BotCore - INFO - Execution [PAPER]: Simulating sell of C-BTC-78400-260526 @ 99.1069 (slippage: +0.63)
2026-05-25 22:57:41 IST - BotCore - INFO - Execution [PAPER]: Simulating sell of P-BTC-76800-260526 @ 86.5947 (slippage: +0.46)
2026-05-25 22:57:41 IST - BotCore - INFO - WS: Subscribed to ['C-BTC-78400-260526', 'P-BTC-76800-260526']
2026-05-25 22:57:43 IST - BotCore - INFO - Engine [DEBUG] Profit Check: entry_total=18.5702 | current_total=0.2708 | pnl_pct=98.54% | target=70.00% | time_in_trade=1.8s
2026-05-25 22:57:43 IST - BotCore - INFO - Engine [DEBUG] Suppressing TAKE_PROFIT_ALL because time_in_trade (1.8s) < 30s
2026-05-25 22:57:43 IST - BotCore - INFO - Hedge: DVOL Regime: Low (<45%) | Trigger Level: 0.20 | Action: full | Raw Net Delta: 0.0000
2026-05-25 22:57:43 IST - BotCore - INFO - Hedge: No post-entry hedge needed. Raw Net Delta 0.0000 <= 0.20
2026-05-25 22:57:44 IST - BotCore - INFO - Engine [DEBUG] Profit Check: entry_total=18.5702 | current_total=0.2708 | pnl_pct=98.54% | target=70.00% | time_in_trade=2.3s
2026-05-25 22:57:44 IST - BotCore - INFO - Engine [DEBUG] Suppressing TAKE_PROFIT_ALL because time_in_trade (2.3s) < 30s
2026-05-25 22:57:44 IST - BotCore - INFO - Engine [DEBUG] Profit Check: entry_total=18.5702 | current_total=0.2708 | pnl_pct=98.54% | target=70.00% | time_in_trade=2.8s
2026-05-25 22:57:44 IST - BotCore - INFO - Engine [DEBUG] Suppressing TAKE_PROFIT_ALL because time_in_trade (2.8s) < 30s
2026-05-25 22:57:45 IST - BotCore - INFO - Engine [DEBUG] Profit Check: entry_total=18.5702 | current_total=0.2708 | pnl_pct=98.54% | target=70.00% | time_in_trade=3.3s
2026-05-25 22:57:45 IST - BotCore - INFO - Engine [DEBUG] Suppressing TAKE_PROFIT_ALL because time_in_trade (3.3s) < 30s
2026-05-25 22:57:45 IST - BotCore - INFO - Engine [DEBUG] Profit Check: entry_total=18.5702 | current_total=0.2708 | pnl_pct=98.54% | target=70.00% | time_in_trade=3.9s
2026-05-25 22:57:45 IST - BotCore - INFO - Engine [DEBUG] Suppressing TAKE_PROFIT_ALL because time_in_trade (3.9s) < 30s
2026-05-25 22:57:46 IST - BotCore - INFO - Engine [DEBUG] Profit Check: entry_total=18.5702 | current_total=0.2708 | pnl_pct=98.54% | target=70.00% | time_in_trade=4.4s
2026-05-25 22:57:46 IST - BotCore - INFO - Engine [DEBUG] Suppressing TAKE_PROFIT_ALL because time_in_trade (4.4s) < 30s
2026-05-25 22:57:46 IST - BotCore - INFO - Engine [DEBUG] Profit Check: entry_total=18.5702 | current_total=8.7262 | pnl_pct=53.01% | target=70.00% | time_in_trade=4.9s
2026-05-25 22:57:46 IST - BotCore - INFO - Engine [DEBUG] Suppressing PARTIAL_PROFIT because time_in_trade (4.9s) < 30s
2026-05-25 22:57:47 IST - BotCore - INFO - Engine [DEBUG] Profit Check: entry_total=18.5702 | current_total=18.4633 | pnl_pct=0.58% | target=70.00% | time_in_trade=5.4s
2026-05-25 22:57:47 IST - BotCore - INFO - Engine [DEBUG] Profit Check: entry_total=18.5702 | current_total=0.2708 | pnl_pct=98.54% | target=70.00% | time_in_trade=6.0s
2026-05-25 22:57:47 IST - BotCore - INFO - Engine [DEBUG] Suppressing TAKE_PROFIT_ALL because time_in_trade (6.0s) < 30s
2026-05-25 22:57:48 IST - BotCore - INFO - Engine [DEBUG] Profit Check: entry_total=18.5702 | current_total=0.2708 | pnl_pct=98.54% | target=70.00% | time_in_trade=6.5s
2026-05-25 22:57:48 IST - BotCore - INFO - Engine [DEBUG] Suppressing TAKE_PROFIT_ALL because time_in_trade (6.5s) < 30s
2026-05-25 22:57:48 IST - BotCore - INFO - Engine [DEBUG] Profit Check: entry_total=18.5702 | current_total=0.2708 | pnl_pct=98.54% | target=70.00% | time_in_trade=7.0s
2026-05-25 22:57:48 IST - BotCore - INFO - Engine [DEBUG] Suppressing TAKE_PROFIT_ALL because time_in_trade (7.0s) < 30s
2026-05-25 22:57:49 IST - BotCore - INFO - Engine [DEBUG] Profit Check: entry_total=18.5702 | current_total=0.2708 | pnl_pct=98.54% | target=70.00% | time_in_trade=7.5s
2026-05-25 22:57:49 IST - BotCore - INFO - Engine [DEBUG] Suppressing TAKE_PROFIT_ALL because time_in_trade (7.5s) < 30s
2026-05-25 22:57:49 IST - BotCore - INFO - Engine [DEBUG] Profit Check: entry_total=18.5702 | current_total=0.2708 | pnl_pct=98.54% | target=70.00% | time_in_trade=8.0s
2026-05-25 22:57:49 IST - BotCore - INFO - Engine [DEBUG] Suppressing TAKE_PROFIT_ALL because time_in_trade (8.0s) < 30s
2026-05-25 22:57:50 IST - BotCore - INFO - Engine [DEBUG] Profit Check: entry_total=18.5702 | current_total=0.2708 | pnl_pct=98.54% | target=70.00% | time_in_trade=8.5s
2026-05-25 22:57:50 IST - BotCore - INFO - Engine [DEBUG] Suppressing TAKE_PROFIT_ALL because time_in_trade (8.5s) < 30s
2026-05-25 22:57:50 IST - BotCore - INFO - Engine [DEBUG] Profit Check: entry_total=18.5702 | current_total=0.2708 | pnl_pct=98.54% | target=70.00% | time_in_trade=9.0s
2026-05-25 22:57:50 IST - BotCore - INFO - Engine [DEBUG] Suppressing TAKE_PROFIT_ALL because time_in_trade (9.0s) < 30s
2026-05-25 22:57:51 IST - BotCore - INFO - Engine [DEBUG] Profit Check: entry_total=18.5702 | current_total=0.2708 | pnl_pct=98.54% | target=70.00% | time_in_trade=9.5s
2026-05-25 22:57:51 IST - BotCore - INFO - Engine [DEBUG] Suppressing TAKE_PROFIT_ALL because time_in_trade (9.5s) < 30s
2026-05-25 22:57:51 IST - BotCore - INFO - Engine [DEBUG] Profit Check: entry_total=18.5702 | current_total=0.2708 | pnl_pct=98.54% | target=70.00% | time_in_trade=10.1s
2026-05-25 22:57:51 IST - BotCore - INFO - Engine [DEBUG] Suppressing TAKE_PROFIT_ALL because time_in_trade (10.1s) < 30s
2026-05-25 22:57:52 IST - BotCore - INFO - Engine [DEBUG] Profit Check: entry_total=18.5702 | current_total=0.2708 | pnl_pct=98.54% | target=70.00% | time_in_trade=10.6s
2026-05-25 22:57:52 IST - BotCore - INFO - Engine [DEBUG] Suppressing TAKE_PROFIT_ALL because time_in_trade (10.6s) < 30s
2026-05-25 22:57:52 IST - BotCore - INFO - Hedge: Scheduling post-entry hedge check in 5s...
2026-05-25 22:57:52 IST - BotCore - INFO - Waiting 20 seconds to see if the trade cuts early...
2026-05-25 22:57:52 IST - BotCore - INFO - Engine [DEBUG] Profit Check: entry_total=18.5702 | current_total=0.2708 | pnl_pct=98.54% | target=70.00% | time_in_trade=11.1s
2026-05-25 22:57:52 IST - BotCore - INFO - Engine [DEBUG] Suppressing TAKE_PROFIT_ALL because time_in_trade (11.1s) < 30s
2026-05-25 22:57:53 IST - BotCore - INFO - Engine [DEBUG] Profit Check: entry_total=18.5702 | current_total=0.2708 | pnl_pct=98.54% | target=70.00% | time_in_trade=11.6s
2026-05-25 22:57:53 IST - BotCore - INFO - Engine [DEBUG] Suppressing TAKE_PROFIT_ALL because time_in_trade (11.6s) < 30s
2026-05-25 22:57:55 IST - BotCore - INFO - Engine [DEBUG] Profit Check: entry_total=18.5702 | current_total=0.2707 | pnl_pct=98.54% | target=70.00% | time_in_trade=13.2s
2026-05-25 22:57:55 IST - BotCore - INFO - Engine [DEBUG] Suppressing TAKE_PROFIT_ALL because time_in_trade (13.2s) < 30s
2026-05-25 22:57:55 IST - BotCore - INFO - Engine [DEBUG] Profit Check: entry_total=18.5702 | current_total=0.2707 | pnl_pct=98.54% | target=70.00% | time_in_trade=13.7s
2026-05-25 22:57:55 IST - BotCore - INFO - Engine [DEBUG] Suppressing TAKE_PROFIT_ALL because time_in_trade (13.7s) < 30s
2026-05-25 22:57:56 IST - BotCore - INFO - Engine [DEBUG] Profit Check: entry_total=18.5702 | current_total=0.2707 | pnl_pct=98.54% | target=70.00% | time_in_trade=14.2s
2026-05-25 22:57:56 IST - BotCore - INFO - Engine [DEBUG] Suppressing TAKE_PROFIT_ALL because time_in_trade (14.2s) < 30s
2026-05-25 22:57:56 IST - BotCore - INFO - Engine [DEBUG] Profit Check: entry_total=18.5702 | current_total=0.2707 | pnl_pct=98.54% | target=70.00% | time_in_trade=14.7s
2026-05-25 22:57:56 IST - BotCore - INFO - Engine [DEBUG] Suppressing TAKE_PROFIT_ALL because time_in_trade (14.7s) < 30s
2026-05-25 22:57:57 IST - BotCore - INFO - Engine [DEBUG] Profit Check: entry_total=18.5702 | current_total=0.2707 | pnl_pct=98.54% | target=70.00% | time_in_trade=15.3s
2026-05-25 22:57:57 IST - BotCore - INFO - Engine [DEBUG] Suppressing TAKE_PROFIT_ALL because time_in_trade (15.3s) < 30s
2026-05-25 22:57:57 IST - BotCore - INFO - Hedge: Post-entry metrics check - DVOL: 34.56%, Net Delta BTC: 0.0000
2026-05-25 22:57:57 IST - BotCore - INFO - Hedge: DVOL Regime: Low (<45%) | Trigger Level: 0.20 | Action: full | Raw Net Delta: 0.0000
2026-05-25 22:57:57 IST - BotCore - INFO - Hedge: No post-entry hedge needed. Raw Net Delta 0.0000 <= 0.20
2026-05-25 22:57:57 IST - BotCore - INFO - Engine [DEBUG] Profit Check: entry_total=18.5702 | current_total=0.2707 | pnl_pct=98.54% | target=70.00% | time_in_trade=15.8s
2026-05-25 22:57:57 IST - BotCore - INFO - Engine [DEBUG] Suppressing TAKE_PROFIT_ALL because time_in_trade (15.8s) < 30s
2026-05-25 22:57:58 IST - BotCore - INFO - Engine [DEBUG] Profit Check: entry_total=18.5702 | current_total=0.2707 | pnl_pct=98.54% | target=70.00% | time_in_trade=16.3s
2026-05-25 22:57:58 IST - BotCore - INFO - Engine [DEBUG] Suppressing TAKE_PROFIT_ALL because time_in_trade (16.3s) < 30s
2026-05-25 22:57:58 IST - BotCore - INFO - Engine [DEBUG] Profit Check: entry_total=18.5702 | current_total=0.2707 | pnl_pct=98.54% | target=70.00% | time_in_trade=16.8s
2026-05-25 22:57:58 IST - BotCore - INFO - Engine [DEBUG] Suppressing TAKE_PROFIT_ALL because time_in_trade (16.8s) < 30s
2026-05-25 22:57:59 IST - BotCore - INFO - Engine [DEBUG] Profit Check: entry_total=18.5702 | current_total=0.2707 | pnl_pct=98.54% | target=70.00% | time_in_trade=17.4s
2026-05-25 22:57:59 IST - BotCore - INFO - Engine [DEBUG] Suppressing TAKE_PROFIT_ALL because time_in_trade (17.4s) < 30s
2026-05-25 22:57:59 IST - BotCore - INFO - Engine [DEBUG] Profit Check: entry_total=18.5702 | current_total=0.2707 | pnl_pct=98.54% | target=70.00% | time_in_trade=17.9s
2026-05-25 22:57:59 IST - BotCore - INFO - Engine [DEBUG] Suppressing TAKE_PROFIT_ALL because time_in_trade (17.9s) < 30s
2026-05-25 22:58:00 IST - BotCore - INFO - Engine [DEBUG] Profit Check: entry_total=18.5702 | current_total=0.2707 | pnl_pct=98.54% | target=70.00% | time_in_trade=18.4s
2026-05-25 22:58:00 IST - BotCore - INFO - Engine [DEBUG] Suppressing TAKE_PROFIT_ALL because time_in_trade (18.4s) < 30s
2026-05-25 22:58:00 IST - BotCore - INFO - Engine [DEBUG] Profit Check: entry_total=18.5702 | current_total=0.2707 | pnl_pct=98.54% | target=70.00% | time_in_trade=18.9s
2026-05-25 22:58:00 IST - BotCore - INFO - Engine [DEBUG] Suppressing TAKE_PROFIT_ALL because time_in_trade (18.9s) < 30s
2026-05-25 22:58:01 IST - BotCore - INFO - Engine [DEBUG] Profit Check: entry_total=18.5702 | current_total=0.2707 | pnl_pct=98.54% | target=70.00% | time_in_trade=19.4s
2026-05-25 22:58:01 IST - BotCore - INFO - Engine [DEBUG] Suppressing TAKE_PROFIT_ALL because time_in_trade (19.4s) < 30s
2026-05-25 22:58:01 IST - BotCore - INFO - Engine [DEBUG] Profit Check: entry_total=18.5702 | current_total=0.2707 | pnl_pct=98.54% | target=70.00% | time_in_trade=19.9s
2026-05-25 22:58:01 IST - BotCore - INFO - Engine [DEBUG] Suppressing TAKE_PROFIT_ALL because time_in_trade (19.9s) < 30s
2026-05-25 22:58:02 IST - BotCore - INFO - Engine [DEBUG] Profit Check: entry_total=18.5702 | current_total=18.4383 | pnl_pct=0.71% | target=70.00% | time_in_trade=20.4s
2026-05-25 22:58:02 IST - BotCore - INFO - Engine [DEBUG] Profit Check: entry_total=18.5702 | current_total=18.4383 | pnl_pct=0.71% | target=70.00% | time_in_trade=20.9s
2026-05-25 22:58:03 IST - BotCore - INFO - Engine [DEBUG] Profit Check: entry_total=18.5702 | current_total=0.2707 | pnl_pct=98.54% | target=70.00% | time_in_trade=21.5s
2026-05-25 22:58:03 IST - BotCore - INFO - Engine [DEBUG] Suppressing TAKE_PROFIT_ALL because time_in_trade (21.5s) < 30s
2026-05-25 22:58:03 IST - BotCore - INFO - Engine [DEBUG] Profit Check: entry_total=18.5702 | current_total=0.2707 | pnl_pct=98.54% | target=70.00% | time_in_trade=22.0s
2026-05-25 22:58:03 IST - BotCore - INFO - Engine [DEBUG] Suppressing TAKE_PROFIT_ALL because time_in_trade (22.0s) < 30s
2026-05-25 22:58:04 IST - BotCore - INFO - Engine [DEBUG] Profit Check: entry_total=18.5702 | current_total=0.2707 | pnl_pct=98.54% | target=70.00% | time_in_trade=22.5s
2026-05-25 22:58:04 IST - BotCore - INFO - Engine [DEBUG] Suppressing TAKE_PROFIT_ALL because time_in_trade (22.5s) < 30s
2026-05-25 22:58:04 IST - BotCore - INFO - Engine [DEBUG] Profit Check: entry_total=18.5702 | current_total=0.2707 | pnl_pct=98.54% | target=70.00% | time_in_trade=23.0s
2026-05-25 22:58:04 IST - BotCore - INFO - Engine [DEBUG] Suppressing TAKE_PROFIT_ALL because time_in_trade (23.0s) < 30s
2026-05-25 22:58:06 IST - BotCore - INFO - Engine [DEBUG] Profit Check: entry_total=18.5702 | current_total=0.2707 | pnl_pct=98.54% | target=70.00% | time_in_trade=24.8s
2026-05-25 22:58:06 IST - BotCore - INFO - Engine [DEBUG] Suppressing TAKE_PROFIT_ALL because time_in_trade (24.8s) < 30s
2026-05-25 22:58:07 IST - BotCore - INFO - Engine [DEBUG] Profit Check: entry_total=18.5702 | current_total=18.4274 | pnl_pct=0.77% | target=70.00% | time_in_trade=25.3s
2026-05-25 22:58:07 IST - BotCore - INFO - Engine [DEBUG] Profit Check: entry_total=18.5702 | current_total=18.4274 | pnl_pct=0.77% | target=70.00% | time_in_trade=25.8s
2026-05-25 22:58:08 IST - BotCore - INFO - Engine [DEBUG] Profit Check: entry_total=18.5702 | current_total=18.4274 | pnl_pct=0.77% | target=70.00% | time_in_trade=26.3s
2026-05-25 22:58:08 IST - BotCore - INFO - Engine [DEBUG] Profit Check: entry_total=18.5702 | current_total=0.2707 | pnl_pct=98.54% | target=70.00% | time_in_trade=26.8s
2026-05-25 22:58:08 IST - BotCore - INFO - Engine [DEBUG] Suppressing TAKE_PROFIT_ALL because time_in_trade (26.8s) < 30s
2026-05-25 22:58:09 IST - BotCore - INFO - Engine [DEBUG] Profit Check: entry_total=18.5702 | current_total=0.2707 | pnl_pct=98.54% | target=70.00% | time_in_trade=27.3s
2026-05-25 22:58:09 IST - BotCore - INFO - Engine [DEBUG] Suppressing TAKE_PROFIT_ALL because time_in_trade (27.3s) < 30s
2026-05-25 22:58:09 IST - BotCore - INFO - Engine [DEBUG] Profit Check: entry_total=18.5702 | current_total=0.2707 | pnl_pct=98.54% | target=70.00% | time_in_trade=27.8s
2026-05-25 22:58:09 IST - BotCore - INFO - Engine [DEBUG] Suppressing TAKE_PROFIT_ALL because time_in_trade (27.8s) < 30s
2026-05-25 22:58:10 IST - BotCore - INFO - Engine [DEBUG] Profit Check: entry_total=18.5702 | current_total=0.2707 | pnl_pct=98.54% | target=70.00% | time_in_trade=28.3s
2026-05-25 22:58:10 IST - BotCore - INFO - Engine [DEBUG] Suppressing TAKE_PROFIT_ALL because time_in_trade (28.3s) < 30s
2026-05-25 22:58:10 IST - BotCore - INFO - Engine [DEBUG] Profit Check: entry_total=18.5702 | current_total=0.2707 | pnl_pct=98.54% | target=70.00% | time_in_trade=28.9s
2026-05-25 22:58:10 IST - BotCore - INFO - Engine [DEBUG] Suppressing TAKE_PROFIT_ALL because time_in_trade (28.9s) < 30s
2026-05-25 22:58:11 IST - BotCore - INFO - Engine [DEBUG] Profit Check: entry_total=18.5702 | current_total=0.2707 | pnl_pct=98.54% | target=70.00% | time_in_trade=29.4s
2026-05-25 22:58:11 IST - BotCore - INFO - Engine [DEBUG] Suppressing TAKE_PROFIT_ALL because time_in_trade (29.4s) < 30s
2026-05-25 22:58:11 IST - BotCore - INFO - Engine [DEBUG] Profit Check: entry_total=18.5702 | current_total=0.2707 | pnl_pct=98.54% | target=70.00% | time_in_trade=29.9s
2026-05-25 22:58:11 IST - BotCore - INFO - Engine [DEBUG] Suppressing TAKE_PROFIT_ALL because time_in_trade (29.9s) < 30s
2026-05-25 22:58:12 IST - BotCore - INFO - Engine [DEBUG] Profit Check: entry_total=18.5702 | current_total=18.4213 | pnl_pct=0.80% | target=70.00% | time_in_trade=30.4s
2026-05-25 22:58:12 IST - BotCore - INFO - Test passed: Trade did NOT cut early.
2026-05-27 22:15:39 IST - BotCore - INFO - API: Time synced. Offset: -2s
2026-05-27 22:20:01 IST - BotCore - INFO - Starting Local Monitor Test
2026-05-27 22:20:02 IST - BotCore - INFO - API: Time synced. Offset: -2s
2026-05-27 22:20:02 IST - BotCore - INFO - Triggering Force Strangle Entry
2026-05-27 22:20:02 IST - BotCore - INFO - Engine: Entry cycle triggered (force=True)
2026-05-27 22:20:02 IST - BotCore - INFO - Engine [PAPER]: Verifying API connection before trade...
2026-05-27 22:20:02 IST - BotCore - INFO - Engine [PAPER]: API Status (REST: OK, WS: DOWN) - Attempt 1/3
2026-05-27 22:20:02 IST - BotCore - WARNING - Engine [PAPER]: Connection down. Attempting reconnect (Attempt 1)...
2026-05-27 22:20:02 IST - BotCore - INFO - API: Time synced. Offset: -2s
2026-05-27 22:20:02 IST - BotCore - INFO - WS Connection Opened
2026-05-27 22:20:02 IST - BotCore - INFO - WS: Subscribed to ['BTCUSD']
2026-05-27 22:20:04 IST - BotCore - INFO - Engine [PAPER]: API Status (REST: OK, WS: OK) - Attempt 2/3
2026-05-27 22:20:04 IST - BotCore - INFO - Engine [PAPER]: API connection status before trade entry: Connected
2026-05-27 22:20:04 IST - BotCore - INFO - Risk [PAPER]: Simulated equity is $10000.00 (No live check)
2026-05-27 22:20:04 IST - BotCore - INFO - Strategy: Using DVOL-based premium range. DVOL: 36.04%, Target: $140.0–$300.0
2026-05-27 22:20:04 IST - BotCore - INFO - Strategy: Soft fallback to delta-based selection (Call: C-BTC-76000-280526 Delta: 0.2216, Put: P-BTC-74400-280526 Delta: -0.2234)
2026-05-27 22:20:04 IST - BotCore - INFO - Strategy: Final selection — Call: C-BTC-76000-280526 (Delta=0.2216, P=$130.47), Put: P-BTC-74400-280526 (Delta=-0.2234, P=$137.39), Net Delta: -0.0019
2026-05-27 22:20:04 IST - BotCore - INFO - Engine: Dynamic sizing applied. Base: 200 lots, Adjusted: 200 lots (Multiplier: 1.00x, Reasons: Paper multiplier (1.00x))
2026-05-27 22:20:05 IST - BotCore - INFO - Execution: Placing PAPER Strangle. Size: 100
2026-05-27 22:20:05 IST - BotCore - INFO - Execution [PAPER]: Simulating execution delay of 282ms...
2026-05-27 22:20:06 IST - BotCore - INFO - Execution [PAPER]: Simulating sell of C-BTC-76000-280526 @ 130.8108 (slippage: +0.34)
2026-05-27 22:20:06 IST - BotCore - INFO - Execution [PAPER]: Simulating sell of P-BTC-74400-280526 @ 138.0221 (slippage: +0.63)
2026-05-27 22:20:06 IST - BotCore - INFO - WS: Subscribed to ['C-BTC-76000-280526', 'P-BTC-74400-280526']
2026-05-27 22:20:06 IST - BotCore - INFO - Engine [DEBUG] Profit Check: entry_total=26.8833 | current_total=26.7866 | pnl_pct=0.36% | target=70.00% | time_in_trade=0.6s
2026-05-27 22:20:06 IST - BotCore - INFO - Hedge: Running manage_hedge | interval=30s | unrealized_loss=0.00% | volatile=NO
2026-05-27 22:20:06 IST - BotCore - INFO - Hedge: Standard delta check — raw_net_delta=0.0019 | dvol=36.0% | hedge_active=False
2026-05-27 22:20:06 IST - BotCore - INFO - Hedge: DVOL Regime: Low (<45%) | Trigger Level: 0.20 | Action: full | Raw Net Delta: 0.0019
2026-05-27 22:20:06 IST - BotCore - INFO - Hedge: No post-entry hedge needed. Raw Net Delta 0.0019 <= 0.20
2026-05-27 22:20:06 IST - BotCore - INFO - Hedge: Scheduling post-entry hedge check in 5s...
2026-05-27 22:20:06 IST - BotCore - INFO - Waiting 20 seconds to see if the trade cuts early...
2026-05-27 22:20:07 IST - BotCore - INFO - Engine [DEBUG] Profit Check: entry_total=26.8833 | current_total=26.7866 | pnl_pct=0.36% | target=70.00% | time_in_trade=1.1s
2026-05-27 22:20:07 IST - BotCore - INFO - Engine [DEBUG] Profit Check: entry_total=26.8833 | current_total=26.7866 | pnl_pct=0.36% | target=70.00% | time_in_trade=1.6s
2026-05-27 22:20:08 IST - BotCore - INFO - Engine [DEBUG] Profit Check: entry_total=26.8833 | current_total=26.7866 | pnl_pct=0.36% | target=70.00% | time_in_trade=2.1s
2026-05-27 22:20:08 IST - BotCore - INFO - Engine [DEBUG] Profit Check: entry_total=26.8833 | current_total=26.7866 | pnl_pct=0.36% | target=70.00% | time_in_trade=2.6s
2026-05-27 22:20:09 IST - BotCore - INFO - Engine [DEBUG] Profit Check: entry_total=26.8833 | current_total=26.7866 | pnl_pct=0.36% | target=70.00% | time_in_trade=3.1s
2026-05-27 22:20:09 IST - BotCore - INFO - Engine [DEBUG] Profit Check: entry_total=26.8833 | current_total=26.7866 | pnl_pct=0.36% | target=70.00% | time_in_trade=3.6s
2026-05-27 22:20:10 IST - BotCore - INFO - Engine [DEBUG] Profit Check: entry_total=26.8833 | current_total=26.7866 | pnl_pct=0.36% | target=70.00% | time_in_trade=4.1s
2026-05-27 22:20:10 IST - BotCore - INFO - Engine [DEBUG] Profit Check: entry_total=26.8833 | current_total=26.7866 | pnl_pct=0.36% | target=70.00% | time_in_trade=4.6s
2026-05-27 22:20:11 IST - BotCore - INFO - Engine [DEBUG] Profit Check: entry_total=26.8833 | current_total=26.7844 | pnl_pct=0.37% | target=70.00% | time_in_trade=5.1s
2026-05-27 22:20:11 IST - BotCore - INFO - Engine [DEBUG] Profit Check: entry_total=26.8833 | current_total=26.7844 | pnl_pct=0.37% | target=70.00% | time_in_trade=5.6s
2026-05-27 22:20:11 IST - BotCore - INFO - Hedge: Post-entry metrics check - DVOL: 36.04%, Net Delta BTC: -0.0012
2026-05-27 22:20:11 IST - BotCore - INFO - Hedge: DVOL Regime: Low (<45%) | Trigger Level: 0.20 | Action: full | Raw Net Delta: 0.0118
2026-05-27 22:20:11 IST - BotCore - INFO - Hedge: No post-entry hedge needed. Raw Net Delta 0.0118 <= 0.20
2026-05-27 22:20:12 IST - BotCore - INFO - Engine [DEBUG] Profit Check: entry_total=26.8833 | current_total=26.7844 | pnl_pct=0.37% | target=70.00% | time_in_trade=6.1s
2026-05-27 22:20:12 IST - BotCore - INFO - Engine [DEBUG] Profit Check: entry_total=26.8833 | current_total=26.7844 | pnl_pct=0.37% | target=70.00% | time_in_trade=6.7s
2026-05-27 22:20:13 IST - BotCore - INFO - Engine [DEBUG] Profit Check: entry_total=26.8833 | current_total=26.7844 | pnl_pct=0.37% | target=70.00% | time_in_trade=7.2s
2026-05-27 22:20:13 IST - BotCore - INFO - Engine [DEBUG] Profit Check: entry_total=26.8833 | current_total=26.7844 | pnl_pct=0.37% | target=70.00% | time_in_trade=7.7s
2026-05-27 22:20:14 IST - BotCore - INFO - Engine [DEBUG] Profit Check: entry_total=26.8833 | current_total=26.7844 | pnl_pct=0.37% | target=70.00% | time_in_trade=8.2s
2026-05-27 22:20:14 IST - BotCore - INFO - Engine [DEBUG] Profit Check: entry_total=26.8833 | current_total=26.7844 | pnl_pct=0.37% | target=70.00% | time_in_trade=8.7s
2026-05-27 22:20:15 IST - BotCore - INFO - Engine [DEBUG] Profit Check: entry_total=26.8833 | current_total=26.7844 | pnl_pct=0.37% | target=70.00% | time_in_trade=9.2s
2026-05-27 22:20:15 IST - BotCore - INFO - Engine [DEBUG] Profit Check: entry_total=26.8833 | current_total=26.7844 | pnl_pct=0.37% | target=70.00% | time_in_trade=9.7s
2026-05-27 22:20:16 IST - BotCore - INFO - Engine [DEBUG] Profit Check: entry_total=26.8833 | current_total=26.7782 | pnl_pct=0.39% | target=70.00% | time_in_trade=10.2s
2026-05-27 22:20:16 IST - BotCore - INFO - Engine [DEBUG] Profit Check: entry_total=26.8833 | current_total=26.7844 | pnl_pct=0.37% | target=70.00% | time_in_trade=10.7s
2026-05-27 22:20:17 IST - BotCore - INFO - Engine [DEBUG] Profit Check: entry_total=26.8833 | current_total=26.7844 | pnl_pct=0.37% | target=70.00% | time_in_trade=11.2s
2026-05-27 22:20:17 IST - BotCore - INFO - Engine [DEBUG] Profit Check: entry_total=26.8833 | current_total=26.7844 | pnl_pct=0.37% | target=70.00% | time_in_trade=11.7s
2026-05-27 22:20:18 IST - BotCore - INFO - Engine [DEBUG] Profit Check: entry_total=26.8833 | current_total=26.7844 | pnl_pct=0.37% | target=70.00% | time_in_trade=12.2s
2026-05-27 22:20:18 IST - BotCore - INFO - Engine [DEBUG] Profit Check: entry_total=26.8833 | current_total=26.7844 | pnl_pct=0.37% | target=70.00% | time_in_trade=12.7s
2026-05-27 22:20:19 IST - BotCore - INFO - Engine [DEBUG] Profit Check: entry_total=26.8833 | current_total=26.7844 | pnl_pct=0.37% | target=70.00% | time_in_trade=13.2s
2026-05-27 22:20:19 IST - BotCore - INFO - Engine [DEBUG] Profit Check: entry_total=26.8833 | current_total=26.7844 | pnl_pct=0.37% | target=70.00% | time_in_trade=13.7s
2026-05-27 22:20:20 IST - BotCore - INFO - Engine [DEBUG] Profit Check: entry_total=26.8833 | current_total=26.7844 | pnl_pct=0.37% | target=70.00% | time_in_trade=14.2s
2026-05-27 22:20:20 IST - BotCore - INFO - Engine [DEBUG] Profit Check: entry_total=26.8833 | current_total=26.7844 | pnl_pct=0.37% | target=70.00% | time_in_trade=14.8s
2026-05-27 22:20:21 IST - BotCore - INFO - Engine [DEBUG] Profit Check: entry_total=26.8833 | current_total=26.7610 | pnl_pct=0.45% | target=70.00% | time_in_trade=15.3s
2026-05-27 22:20:21 IST - BotCore - INFO - Engine [DEBUG] Profit Check: entry_total=26.8833 | current_total=26.7610 | pnl_pct=0.45% | target=70.00% | time_in_trade=15.8s
2026-05-27 22:20:22 IST - BotCore - INFO - Engine [DEBUG] Profit Check: entry_total=26.8833 | current_total=26.7610 | pnl_pct=0.45% | target=70.00% | time_in_trade=16.3s
2026-05-27 22:20:23 IST - BotCore - INFO - Engine [DEBUG] Profit Check: entry_total=26.8833 | current_total=26.7610 | pnl_pct=0.45% | target=70.00% | time_in_trade=17.3s
2026-05-27 22:20:23 IST - BotCore - INFO - Engine [DEBUG] Profit Check: entry_total=26.8833 | current_total=26.7610 | pnl_pct=0.45% | target=70.00% | time_in_trade=17.8s
2026-05-27 22:20:24 IST - BotCore - INFO - Engine [DEBUG] Profit Check: entry_total=26.8833 | current_total=26.7610 | pnl_pct=0.45% | target=70.00% | time_in_trade=18.3s
2026-05-27 22:20:24 IST - BotCore - INFO - Engine [DEBUG] Profit Check: entry_total=26.8833 | current_total=26.7610 | pnl_pct=0.45% | target=70.00% | time_in_trade=18.8s
2026-05-27 22:20:25 IST - BotCore - INFO - Engine [DEBUG] Profit Check: entry_total=26.8833 | current_total=26.7610 | pnl_pct=0.45% | target=70.00% | time_in_trade=19.3s
2026-05-27 22:20:25 IST - BotCore - INFO - Engine [DEBUG] Profit Check: entry_total=26.8833 | current_total=26.7610 | pnl_pct=0.45% | target=70.00% | time_in_trade=19.8s
2026-05-27 22:20:26 IST - BotCore - INFO - Engine [DEBUG] Profit Check: entry_total=26.8833 | current_total=26.7542 | pnl_pct=0.48% | target=70.00% | time_in_trade=20.3s
2026-05-27 22:20:26 IST - BotCore - INFO - Engine [DEBUG] Profit Check: entry_total=26.8833 | current_total=26.7542 | pnl_pct=0.48% | target=70.00% | time_in_trade=20.8s
2026-05-27 22:20:26 IST - BotCore - INFO - Test passed: Trade did NOT cut early.
2026-05-27 23:43:59 IST - BotCore - INFO - API: Time synced. Offset: -7s
2026-05-27 23:43:59 IST - BotCore - INFO - Engine: Starting Delta BTC Options Bot in LIVE mode with Capital: $10000.0
2026-05-27 23:43:59 IST - BotCore - INFO - Starting Web Dashboard on port 5000
2026-05-27 23:44:01 IST - BotCore - INFO - Engine: Scheduled daily morning entry 08:30 IST (Asia/Kolkata timezone)
2026-05-27 23:44:01 IST - BotCore - INFO - Engine: Scheduled daily morning entry 09:00 IST (Asia/Kolkata timezone)
2026-05-27 23:44:01 IST - BotCore - INFO - Engine: Scheduled daily morning entry 09:30 IST (Asia/Kolkata timezone)
2026-05-27 23:44:01 IST - BotCore - INFO - Engine: Scheduled daily EOD hard exit 17:00 IST (Asia/Kolkata timezone)
2026-05-27 23:44:01 IST - BotCore - INFO - Engine: Scheduled verification at 09:30/18:00 IST (Asia/Kolkata timezone)
2026-05-27 23:44:01 IST - BotCore - INFO - Engine: Scheduled daily report at 17:30 IST (Asia/Kolkata timezone)
2026-05-27 23:44:01 IST - BotCore - INFO - Rule Compliance: 100% (11/11)
Rule 1: Entry Times - [PASS]
   Expected: 8:30, 9:00, 9:30 AM IST
Rule 2: Strike Selection (IV-Based + 4 OTM) - [PASS]
   Expected: DVOL-based premium ranges, Min 4 strikes OTM, Put <= 1.35xCall, Net Delta <= 0.15
Rule 3: Lot Size (Manual + Dynamic) - [PASS]
   Expected: Manual from dashboard + DVOL/loss-based dynamic sizing
Rule 4: Stop Loss & Target - [PASS]
   Expected: 150% SL, 30% Full Target
Rule 5: Partial Profit - [PASS]
   Expected: 50% Size at 20% Profit
Rule 6: Trailing Stop Loss - [PASS]
   Expected: Breakeven after 15% Profit
Rule 7: DVOL Percentile Filter - [PASS]
   Expected: Trade only if DVOL Percentile 10%-90%
Rule 8: Smart Hedging - [PASS]
   Expected: IV-based thresholds: <45% delta>0.20, 45-55% delta>0.17, >55% delta>0.12
Rule 9: Dynamic Position Sizing - [PASS]
   Expected: DVOL 40-55% +20%, 2 losses -20%, Daily >2% -30%
Rule 10: Money Management - [PASS]
   Expected: 1.5% risk/trade, 3% daily limit, 3 consecutive losses stop, 2.5% pause next day
Rule 11: Exit Time - [PASS]
   Expected: Prepare 16:55 IST, Hard Exit 17:00 IST
2026-05-27 23:44:01 IST - BotCore - INFO - Engine: Starting 24/7 background Option Chain Monitor...
2026-05-27 23:44:01 IST - BotCore - INFO - WS Connection Opened
2026-05-27 23:44:01 IST - BotCore - INFO - WS: Subscribed to ['BTCUSD']
2026-05-28 00:05:17 IST - BotCore - INFO - Hedge [RECOVERY]: Upping hedge size to 0.5000 BTC to recover $150.00 loss in $300 move.
2026-05-28 00:05:17 IST - BotCore - INFO - Hedge: Placing FULL hedge order of size 0.5000 BTC in direction: sell
2026-05-28 00:05:29 IST - BotCore - INFO - Hedge [RECOVERY]: Upping hedge size to 0.5000 BTC to recover $150.00 loss in $300 move.
2026-05-28 00:05:29 IST - BotCore - INFO - Hedge: Placing FULL hedge order of size 0.5000 BTC in direction: sell
2026-05-28 00:05:30 IST - BotCore - INFO - Hedge: Placing FULL hedge order of size 0.2000 BTC in direction: sell
2026-05-28 00:05:31 IST - BotCore - INFO - Hedge [RECOVERY]: Upping hedge size to 0.5000 BTC to recover $600.00 loss in $300 move.
2026-05-28 00:05:31 IST - BotCore - INFO - Hedge: Placing FULL hedge order of size 0.5000 BTC in direction: sell
2026-05-28 00:05:31 IST - BotCore - INFO - Hedge: Placing FULL hedge order of size 0.2500 BTC in direction: sell
2026-06-01 20:27:53 IST - BotCore - INFO - Hedge: Standard delta check — raw_net_delta=0.1320 | dvol=38.3% | hedge_active=False | loss=14.8%
2026-06-01 20:27:53 IST - BotCore - INFO - Hedge: DVOL Regime: Low (<45%) | Trigger Level: 0.15 | Action: full | Raw Net Delta: 0.1320
2026-06-01 20:27:53 IST - BotCore - INFO - Hedge: No post-entry hedge needed. Raw Net Delta 0.1320 <= 0.15
2026-06-01 20:27:53 IST - BotCore - INFO - Hedge: Standard delta check — raw_net_delta=0.1320 | dvol=38.3% | hedge_active=False | loss=18.6%
2026-06-01 20:27:53 IST - BotCore - INFO - Hedge: DVOL Regime: Low (<45%) | Trigger Level: 0.15 | Action: full | Raw Net Delta: 0.1320
2026-06-01 20:27:53 IST - BotCore - INFO - Hedge: No post-entry hedge needed. Raw Net Delta 0.1320 <= 0.15
2026-06-01 20:27:53 IST - BotCore - WARNING - Hedge: EMERGENCY loss-based trigger — unrealized_loss=33.2% >= 30% and no hedge active. Triggering emergency full hedge NOW.
2026-06-01 20:27:53 IST - BotCore - INFO - Hedge [EMERGENCY]: Hedging 0.0660 BTC in direction sell (net_delta=0.0660, exposure=1.0000)
2026-06-01 20:27:54 IST - BotCore - WARNING - Hedge: Critical unrealized loss detected (45.0%). Escalating to 2.5x FULL hedge immediately.
2026-06-01 20:27:54 IST - BotCore - INFO - Hedge: Placing emergency escalation order of size 0.3090 BTC
2026-06-01 20:27:55 IST - BotCore - INFO - Hedge: Delta reversed (0.1500, raw: 0.3000) while hedge active. Re-adjusting hedge position.
2026-06-01 20:27:55 IST - BotCore - INFO - Hedge: Closing all smart hedge positions...
2026-06-01 20:27:55 IST - BotCore - INFO - Hedge: Smart hedge state reset successfully.
2026-06-01 20:27:55 IST - BotCore - INFO - Hedge: DVOL Regime: Low (<45%) | Trigger Level: 0.15 | Action: full | Raw Net Delta: 0.3000
2026-06-01 20:27:55 IST - BotCore - INFO - Hedge: Triggering FULL hedge since raw net delta 0.3000 > 0.15
2026-06-01 20:27:55 IST - BotCore - INFO - Hedge [RECOVERY]: Upping hedge size to 0.3167 BTC to recover $95.00 loss in $300 move.
2026-06-01 20:27:55 IST - BotCore - INFO - Hedge: Placing FULL hedge order of size 0.3167 BTC in direction: sell
2026-06-12 22:46:16 IST - BotCore - INFO - Hedge: Cached entry premiums: {'C-BTC-72200-080626': 178.3, 'P-BTC-69600-080626': 176.53}
2026-06-12 22:46:16 IST - BotCore - WARNING - Hedge: EMERGENCY trigger — loss=35.0% >= 30%. No hedge active.
2026-06-12 22:46:16 IST - BotCore - INFO - Hedge: Delta calc: net_delta=-0.0930 BTC | reliable_legs=2 | zero_delta_legs=0
2026-06-12 22:46:16 IST - BotCore - INFO - Hedge [EMERGENCY]: BUY 0.0930 BTC @ $69,500.00 | Avg entry: $69,500.00 | ID: TEST-001
2026-06-12 22:46:16 IST - BotCore - INFO - Hedge: Cached entry premiums: {'C-BTC-72200-080626': 178.3, 'P-BTC-69600-080626': 176.53}
2026-06-12 22:46:16 IST - BotCore - WARNING - Hedge: EMERGENCY trigger — loss=35.0% >= 30%. No hedge active.
2026-06-12 22:46:16 IST - BotCore - INFO - Hedge: Delta calc: net_delta=-0.0930 BTC | reliable_legs=2 | zero_delta_legs=0
2026-06-12 22:46:16 IST - BotCore - INFO - Hedge [EMERGENCY]: BUY 0.0930 BTC @ $69,500.00 | Avg entry: $69,500.00 | ID: TEST-001
2026-06-12 22:46:16 IST - BotCore - INFO - Hedge [INITIAL]: SELL 0.2000 BTC @ $70,000.00 | Avg entry: $70,000.00 | ID: TEST-001
2026-06-12 22:46:16 IST - BotCore - INFO - Hedge [REBALANCE]: SELL 0.1000 BTC @ $69,000.00 | Avg entry: $69,666.67 | ID: TEST-001
2026-06-12 22:46:16 IST - BotCore - INFO - Hedge: Delta calc: net_delta=-0.1200 BTC | reliable_legs=2 | zero_delta_legs=0
2026-06-12 22:46:16 IST - BotCore - INFO - Hedge: Market direction reversed (delta=-0.1200, hedge=-0.2000). Closing and re-hedging.
2026-06-12 22:46:16 IST - BotCore - INFO - Hedge: Closing all smart hedge positions...
2026-06-12 22:46:16 IST - BotCore - INFO - Hedge: Smart hedge state fully reset.
2026-06-12 22:46:16 IST - BotCore - INFO - Hedge [INITIAL]: BUY 0.1200 BTC @ $70,200.00 | Avg entry: $70,200.00 | ID: TEST-001
2026-06-12 22:47:44 IST - BotCore - INFO - Hedge: Cached entry premiums: {'C-BTC-72200-080626': 178.3, 'P-BTC-69600-080626': 176.53}
2026-06-12 22:47:44 IST - BotCore - WARNING - Hedge: EMERGENCY trigger -- loss=35.0% >= 30%. No hedge active.
2026-06-12 22:47:44 IST - BotCore - INFO - Hedge: Delta calc: net_delta=-0.0930 BTC | reliable_legs=2 | zero_delta_legs=0
2026-06-12 22:47:44 IST - BotCore - INFO - Hedge: Premium direction fallback: call_excess=-227.67, put_excess=0.00
2026-06-12 22:47:44 IST - BotCore - INFO - Hedge: Cannot determine direction from premium (balanced or no data)
2026-06-12 22:47:44 IST - BotCore - INFO - Hedge [EMERGENCY]: Delta and premium agree on direction: buy 0.0930 BTC
2026-06-12 22:47:44 IST - BotCore - INFO - Hedge [EMERGENCY]: BUY 0.0930 BTC @ $69,500.00 | Avg entry: $69,500.00 | ID: TEST-001
2026-06-12 22:47:44 IST - BotCore - INFO - Hedge: Cached entry premiums: {'C-BTC-72200-080626': 178.3, 'P-BTC-69600-080626': 176.53}
2026-06-12 22:47:44 IST - BotCore - WARNING - Hedge: EMERGENCY trigger -- loss=35.0% >= 30%. No hedge active.
2026-06-12 22:47:44 IST - BotCore - INFO - Hedge: Delta calc: net_delta=-0.0930 BTC | reliable_legs=2 | zero_delta_legs=0
2026-06-12 22:47:44 IST - BotCore - INFO - Hedge: Premium direction fallback: call_excess=-227.67, put_excess=0.00
2026-06-12 22:47:44 IST - BotCore - INFO - Hedge: Cannot determine direction from premium (balanced or no data)
2026-06-12 22:47:44 IST - BotCore - INFO - Hedge [EMERGENCY]: Delta and premium agree on direction: buy 0.0930 BTC
2026-06-12 22:47:44 IST - BotCore - INFO - Hedge [EMERGENCY]: BUY 0.0930 BTC @ $69,500.00 | Avg entry: $69,500.00 | ID: TEST-001
2026-06-12 22:47:44 IST - BotCore - INFO - Hedge [INITIAL]: SELL 0.2000 BTC @ $70,000.00 | Avg entry: $70,000.00 | ID: TEST-001
2026-06-12 22:47:44 IST - BotCore - INFO - Hedge [REBALANCE]: SELL 0.1000 BTC @ $69,000.00 | Avg entry: $69,666.67 | ID: TEST-001
2026-06-12 22:47:44 IST - BotCore - INFO - Hedge: Delta calc: net_delta=-0.1200 BTC | reliable_legs=2 | zero_delta_legs=0
2026-06-12 22:47:44 IST - BotCore - INFO - Hedge: Market direction reversed (net_delta=-0.1200, hedge=-0.2000). Closing and re-hedging.
2026-06-12 22:47:44 IST - BotCore - INFO - Hedge: Closing all smart hedge positions...
2026-06-12 22:47:44 IST - BotCore - INFO - Hedge: Smart hedge state fully reset.
2026-06-12 22:47:44 IST - BotCore - INFO - Hedge [INITIAL]: BUY 0.1200 BTC @ $70,200.00 | Avg entry: $70,200.00 | ID: TEST-001
2026-06-12 22:47:53 IST - BotCore - INFO - Hedge: Cached entry premiums: {'C-BTC-72200-080626': 178.3, 'P-BTC-69600-080626': 176.53}
2026-06-12 22:47:53 IST - BotCore - WARNING - Hedge: EMERGENCY trigger -- loss=35.0% >= 30%. No hedge active.
2026-06-12 22:47:53 IST - BotCore - INFO - Hedge: Delta calc: net_delta=-0.0930 BTC | reliable_legs=2 | zero_delta_legs=0
2026-06-12 22:47:53 IST - BotCore - INFO - Hedge: Premium direction fallback: call_excess=-227.67, put_excess=0.00
2026-06-12 22:47:53 IST - BotCore - INFO - Hedge: Cannot determine direction from premium (balanced or no data)
2026-06-12 22:47:53 IST - BotCore - INFO - Hedge [EMERGENCY]: Delta and premium agree on direction: buy 0.0930 BTC
2026-06-12 22:47:53 IST - BotCore - INFO - Hedge [EMERGENCY]: BUY 0.0930 BTC @ $69,500.00 | Avg entry: $69,500.00 | ID: TEST-001
2026-06-12 22:47:53 IST - BotCore - INFO - Hedge: Cached entry premiums: {'C-BTC-72200-080626': 178.3, 'P-BTC-69600-080626': 176.53}
2026-06-12 22:47:53 IST - BotCore - WARNING - Hedge: EMERGENCY trigger -- loss=35.0% >= 30%. No hedge active.
2026-06-12 22:47:53 IST - BotCore - INFO - Hedge: Delta calc: net_delta=-0.0930 BTC | reliable_legs=2 | zero_delta_legs=0
2026-06-12 22:47:53 IST - BotCore - INFO - Hedge: Premium direction fallback: call_excess=-227.67, put_excess=0.00
2026-06-12 22:47:53 IST - BotCore - INFO - Hedge: Cannot determine direction from premium (balanced or no data)
2026-06-12 22:47:53 IST - BotCore - INFO - Hedge [EMERGENCY]: Delta and premium agree on direction: buy 0.0930 BTC
2026-06-12 22:47:53 IST - BotCore - INFO - Hedge [EMERGENCY]: BUY 0.0930 BTC @ $69,500.00 | Avg entry: $69,500.00 | ID: TEST-001
2026-06-12 22:47:53 IST - BotCore - INFO - Hedge [INITIAL]: SELL 0.2000 BTC @ $70,000.00 | Avg entry: $70,000.00 | ID: TEST-001
2026-06-12 22:47:53 IST - BotCore - INFO - Hedge [REBALANCE]: SELL 0.1000 BTC @ $69,000.00 | Avg entry: $69,666.67 | ID: TEST-001
2026-06-12 22:47:53 IST - BotCore - INFO - Hedge: Delta calc: net_delta=-0.1200 BTC | reliable_legs=2 | zero_delta_legs=0
2026-06-12 22:47:53 IST - BotCore - INFO - Hedge: Market direction reversed (net_delta=-0.1200, hedge=-0.2000). Closing and re-hedging.
2026-06-12 22:47:53 IST - BotCore - INFO - Hedge: Closing all smart hedge positions...
2026-06-12 22:47:53 IST - BotCore - INFO - Hedge: Smart hedge state fully reset.
2026-06-12 22:47:53 IST - BotCore - INFO - Hedge [INITIAL]: BUY 0.1200 BTC @ $70,200.00 | Avg entry: $70,200.00 | ID: TEST-001
2026-06-12 22:48:32 IST - BotCore - INFO - Hedge: Cached entry premiums: {'C-BTC-72200-080626': 178.3, 'P-BTC-69600-080626': 176.53}
2026-06-12 22:48:32 IST - BotCore - WARNING - Hedge: EMERGENCY trigger -- loss=35.0% >= 30%. No hedge active.
2026-06-12 22:48:32 IST - BotCore - INFO - Hedge: Delta calc: net_delta=-0.0930 BTC | reliable_legs=2 | zero_delta_legs=0
2026-06-12 22:48:32 IST - BotCore - INFO - Hedge: Premium direction fallback: call_excess=-114.72, put_excess=-112.95
2026-06-12 22:48:32 IST - BotCore - INFO - Hedge: Cannot determine direction from premium (balanced or no data)
2026-06-12 22:48:32 IST - BotCore - INFO - Hedge [EMERGENCY]: Delta and premium agree on direction: buy 0.0930 BTC
2026-06-12 22:48:32 IST - BotCore - INFO - Hedge [EMERGENCY]: BUY 0.0930 BTC @ $69,500.00 | Avg entry: $69,500.00 | ID: TEST-001
2026-06-12 22:48:32 IST - BotCore - INFO - Hedge: Cached entry premiums: {'C-BTC-72200-080626': 178.3, 'P-BTC-69600-080626': 176.53}
2026-06-12 22:48:32 IST - BotCore - WARNING - Hedge: EMERGENCY trigger -- loss=35.0% >= 30%. No hedge active.
2026-06-12 22:48:32 IST - BotCore - INFO - Hedge: Delta calc: net_delta=-0.0930 BTC | reliable_legs=2 | zero_delta_legs=0
2026-06-12 22:48:32 IST - BotCore - INFO - Hedge: Premium direction fallback: call_excess=-114.72, put_excess=-112.95
2026-06-12 22:48:32 IST - BotCore - INFO - Hedge: Cannot determine direction from premium (balanced or no data)
2026-06-12 22:48:32 IST - BotCore - INFO - Hedge [EMERGENCY]: Delta and premium agree on direction: buy 0.0930 BTC
2026-06-12 22:48:32 IST - BotCore - INFO - Hedge [EMERGENCY]: BUY 0.0930 BTC @ $69,500.00 | Avg entry: $69,500.00 | ID: TEST-001
2026-06-12 22:48:32 IST - BotCore - INFO - Hedge [INITIAL]: SELL 0.2000 BTC @ $70,000.00 | Avg entry: $70,000.00 | ID: TEST-001
2026-06-12 22:48:32 IST - BotCore - INFO - Hedge [REBALANCE]: SELL 0.1000 BTC @ $69,000.00 | Avg entry: $69,666.67 | ID: TEST-001
2026-06-12 22:48:32 IST - BotCore - INFO - Hedge: Delta calc: net_delta=-0.1200 BTC | reliable_legs=2 | zero_delta_legs=0
2026-06-12 22:48:32 IST - BotCore - INFO - Hedge: Market direction reversed (net_delta=-0.1200, hedge=-0.2000). Closing and re-hedging.
2026-06-12 22:48:32 IST - BotCore - INFO - Hedge: Closing all smart hedge positions...
2026-06-12 22:48:32 IST - BotCore - INFO - Hedge: Smart hedge state fully reset.
2026-06-12 22:48:32 IST - BotCore - INFO - Hedge [INITIAL]: BUY 0.1200 BTC @ $70,200.00 | Avg entry: $70,200.00 | ID: TEST-001
2026-06-12 22:48:55 IST - BotCore - INFO - Hedge: Cached entry premiums: {'C-BTC-72200-080626': 178.3, 'P-BTC-69600-080626': 176.53}
2026-06-12 22:48:55 IST - BotCore - WARNING - Hedge: EMERGENCY trigger -- loss=35.0% >= 30%. No hedge active.
2026-06-12 22:48:55 IST - BotCore - WARNING - Hedge: Delta=0 from API for P-BTC-69600-080626 and no cache. Delta contribution ignored.
2026-06-12 22:48:55 IST - BotCore - INFO - Hedge: Delta calc: net_delta=-0.0465 BTC | reliable_legs=1 | zero_delta_legs=1
2026-06-12 22:48:55 IST - BotCore - INFO - Hedge: Premium direction fallback: call_excess=-114.72, put_excess=172.77
2026-06-12 22:48:55 IST - BotCore - WARNING - Hedge [EMERGENCY]: Delta says buy but premium says sell. Using PREMIUM direction (more reliable during volatile moves).
2026-06-12 22:48:55 IST - BotCore - INFO - Hedge [EMERGENCY]: SELL 0.0465 BTC @ $69,500.00 | Avg entry: $69,500.00 | ID: TEST-001
2026-06-12 22:48:55 IST - BotCore - INFO - Hedge: Cached entry premiums: {'C-BTC-72200-080626': 178.3, 'P-BTC-69600-080626': 176.53}
2026-06-12 22:48:55 IST - BotCore - WARNING - Hedge: EMERGENCY trigger -- loss=35.0% >= 30%. No hedge active.
2026-06-12 22:48:55 IST - BotCore - INFO - Hedge: Delta calc: net_delta=+0.1785 BTC | reliable_legs=2 | zero_delta_legs=0
2026-06-12 22:48:55 IST - BotCore - INFO - Hedge: Premium direction fallback: call_excess=-114.72, put_excess=172.77
2026-06-12 22:48:55 IST - BotCore - INFO - Hedge [EMERGENCY]: Delta and premium agree on direction: sell 0.1785 BTC
2026-06-12 22:48:55 IST - BotCore - INFO - Hedge [EMERGENCY]: SELL 0.1785 BTC @ $69,500.00 | Avg entry: $69,500.00 | ID: TEST-001
2026-06-12 22:48:55 IST - BotCore - INFO - Hedge [INITIAL]: SELL 0.2000 BTC @ $70,000.00 | Avg entry: $70,000.00 | ID: TEST-001
2026-06-12 22:48:55 IST - BotCore - INFO - Hedge [REBALANCE]: SELL 0.1000 BTC @ $69,000.00 | Avg entry: $69,666.67 | ID: TEST-001
2026-06-12 22:48:55 IST - BotCore - INFO - Hedge: Delta calc: net_delta=-0.0100 BTC | reliable_legs=2 | zero_delta_legs=0
2026-06-12 22:48:55 IST - BotCore - INFO - Hedge: Delta neutralized (raw=0.0200 < 0.08). Unwinding hedge to restore naked strangle.
2026-06-12 22:48:55 IST - BotCore - INFO - Hedge: Closing all smart hedge positions...
2026-06-12 22:48:55 IST - BotCore - INFO - Hedge: Smart hedge state fully reset.
2026-06-12 22:53:30 IST - BotCore - INFO - Hedge: Cached entry premiums: {'C-BTC-72200-080626': 178.3, 'P-BTC-69600-080626': 176.53}
2026-06-12 22:53:30 IST - BotCore - WARNING - Hedge: EMERGENCY trigger -- loss=35.0% >= 30%. No hedge active.
2026-06-12 22:53:30 IST - BotCore - WARNING - Hedge: Delta=0 from API for P-BTC-69600-080626 and no cache. Delta contribution ignored.
2026-06-12 22:53:30 IST - BotCore - INFO - Hedge: Delta calc: net_delta=-0.0465 BTC | reliable_legs=1 | zero_delta_legs=1
2026-06-12 22:53:30 IST - BotCore - INFO - Hedge: Premium direction fallback: call_excess=-114.72, put_excess=172.77
2026-06-12 22:53:30 IST - BotCore - WARNING - Hedge [EMERGENCY]: Delta says buy but premium says sell. Using PREMIUM direction (more reliable during volatile moves).
2026-06-12 22:53:30 IST - BotCore - INFO - Hedge [EMERGENCY]: SELL 0.0465 BTC @ $69,500.00 | Avg entry: $69,500.00 | ID: TEST-001
2026-06-12 22:53:30 IST - BotCore - INFO - Hedge: Cached entry premiums: {'C-BTC-72200-080626': 178.3, 'P-BTC-69600-080626': 176.53}
2026-06-12 22:53:30 IST - BotCore - WARNING - Hedge: EMERGENCY trigger -- loss=35.0% >= 30%. No hedge active.
2026-06-12 22:53:30 IST - BotCore - INFO - Hedge: Delta calc: net_delta=+0.1785 BTC | reliable_legs=2 | zero_delta_legs=0
2026-06-12 22:53:30 IST - BotCore - INFO - Hedge: Premium direction fallback: call_excess=-114.72, put_excess=172.77
2026-06-12 22:53:30 IST - BotCore - INFO - Hedge [EMERGENCY]: Delta and premium agree on direction: sell 0.1785 BTC
2026-06-12 22:53:30 IST - BotCore - INFO - Hedge [EMERGENCY]: SELL 0.1785 BTC @ $69,500.00 | Avg entry: $69,500.00 | ID: TEST-001
2026-06-12 22:53:30 IST - BotCore - INFO - Hedge [INITIAL]: SELL 0.2000 BTC @ $70,000.00 | Avg entry: $70,000.00 | ID: TEST-001
2026-06-12 22:53:30 IST - BotCore - INFO - Hedge [REBALANCE]: SELL 0.1000 BTC @ $69,000.00 | Avg entry: $69,666.67 | ID: TEST-001
2026-06-12 22:53:30 IST - BotCore - INFO - Hedge: Delta calc: net_delta=-0.0100 BTC | reliable_legs=2 | zero_delta_legs=0
2026-06-12 22:53:30 IST - BotCore - INFO - Hedge: Delta neutralized (raw=0.0200 < 0.08). Unwinding hedge to restore naked strangle.
2026-06-12 22:53:30 IST - BotCore - INFO - Hedge: Closing all smart hedge positions...
2026-06-12 22:53:30 IST - BotCore - INFO - Hedge: Smart hedge state fully reset.
2026-06-12 23:33:39 IST - BotCore - INFO - DB: Loaded 10 trades from Cloud DB.
2026-06-12 23:33:40 IST - BotCore - INFO - DB: Successfully synced to Cloud DB.
2026-06-12 23:35:44 IST - BotCore - INFO - DB: Loaded 10 trades from Cloud DB.
2026-06-12 23:39:28 IST - BotCore - INFO - DB: Successfully synced to Cloud DB.
2026-06-13 16:21:49 IST - BotCore - INFO - DB: Loaded 1 trades from Cloud DB.
2026-06-14 15:09:25 IST - BotCore - ERROR - DB: Failed to load from Cloud (HTTP 404)
2026-06-14 15:10:53 IST - BotCore - INFO - DB: Loaded 1 trades from Cloud DB.
2026-06-14 15:53:12 IST - BotCore - INFO - API: Time synced. Offset: -7s
2026-06-14 15:53:15 IST - BotCore - INFO - DB: Loaded 1 trades from Cloud DB.
2026-06-14 15:56:21 IST - BotCore - INFO - API: Time synced. Offset: -5s
2026-06-14 15:56:24 IST - BotCore - INFO - DB: Loaded 1 trades from Cloud DB.
2026-06-14 15:56:24 IST - BotCore - INFO - Rule Compliance: 100% (11/11)
Rule 1: Entry Times - [PASS]
   Expected: 9:00, 9:30 AM IST
Rule 2: Strike Selection (IV-Based + 5 OTM) - [PASS]
   Expected: DVOL-based premium ranges, Min 5 strikes OTM, Put <= 1.30xCall, Net Delta <= 0.10
Rule 3: Lot Size (Manual + Dynamic) - [PASS]
   Expected: Manual from dashboard + DVOL/loss-based dynamic sizing
Rule 4: Stop Loss & Target - [PASS]
   Expected: 130% SL, 30% Full Target
Rule 5: Partial Profit - [PASS]
   Expected: 50% Size at 20% Profit
Rule 6: Trailing Stop Loss - [PASS]
   Expected: Breakeven after 15% Profit
Rule 7: DVOL Percentile Filter - [PASS]
   Expected: Trade only if DVOL Percentile 10%-90%
Rule 8: Smart Hedging - [PASS]
   Expected: IV-based thresholds: <45% delta>0.15, 45-55% delta>0.12, >55% delta>0.08
Rule 9: Dynamic Position Sizing - [PASS]
   Expected: DVOL 40-55% +20%, 2 losses -20%, Daily >2% -30%
Rule 10: Money Management - [PASS]
   Expected: 1.0% risk/trade, 2% daily limit, 3 consecutive losses stop, 2.5% pause next day
Rule 11: Exit Time - [PASS]
   Expected: Prepare 16:55 IST, Hard Exit 17:00 IST
2026-06-14 15:56:24 IST - BotCore - INFO - Engine: Starting Delta BTC Options Bot in LIVE mode with Capital: $10000.0
2026-06-14 15:56:24 IST - BotCore - INFO - Telegram polling loop started.
2026-06-14 15:56:24 IST - BotCore - INFO - Telegram interactive bot thread started.
2026-06-14 15:56:24 IST - BotCore - INFO - Starting Web Dashboard on port 5000
2026-06-14 15:56:25 IST - BotCore - INFO - Filters: ForexFactory calendar cache updated.
2026-06-14 20:43:07 IST - BotCore - INFO - API: Time synced. Offset: 440427s
2026-06-14 20:43:08 IST - BotCore - ERROR - DB: Exception loading from Cloud: HTTPSConnectionPool(host='jsonblob.com', port=443): Max retries exceeded with url: /api/jsonBlob/019ec581-1de4-776b-b981-94101800b171 (Caused by SSLError(SSLCertVerificationError(1, '[SSL: CERTIFICATE_VERIFY_FAILED] certificate verify failed: certificate is not yet valid (_ssl.c:1028)')))
2026-06-14 20:43:08 IST - BotCore - INFO - Tracker: Syncing local JSON up to Cloud DB...
2026-06-14 20:43:08 IST - BotCore - ERROR - DB: Exception saving to Cloud: HTTPSConnectionPool(host='jsonblob.com', port=443): Max retries exceeded with url: /api/jsonBlob/019ec581-1de4-776b-b981-94101800b171 (Caused by SSLError(SSLCertVerificationError(1, '[SSL: CERTIFICATE_VERIFY_FAILED] certificate verify failed: certificate is not yet valid (_ssl.c:1028)')))
2026-06-14 20:43:08 IST - BotCore - INFO - Rule Compliance: 100% (11/11)
Rule 1: Entry Times - [PASS]
   Expected: 9:00, 9:30 AM IST
Rule 2: Strike Selection (IV-Based + 5 OTM) - [PASS]
   Expected: DVOL-based premium ranges, Min 5 strikes OTM, Put <= 1.30xCall, Net Delta <= 0.10
Rule 3: Lot Size (Manual + Dynamic) - [PASS]
   Expected: Manual from dashboard + DVOL/loss-based dynamic sizing
Rule 4: Stop Loss & Target - [PASS]
   Expected: 130% SL, 30% Full Target
Rule 5: Partial Profit - [PASS]
   Expected: 50% Size at 20% Profit
Rule 6: Trailing Stop Loss - [PASS]
   Expected: Breakeven after 15% Profit
Rule 7: DVOL Percentile Filter - [PASS]
   Expected: Trade only if DVOL Percentile 10%-90%
Rule 8: Smart Hedging - [PASS]
   Expected: IV-based thresholds: <45% delta>0.15, 45-55% delta>0.12, >55% delta>0.08
Rule 9: Dynamic Position Sizing - [PASS]
   Expected: DVOL 40-55% +20%, 2 losses -20%, Daily >2% -30%
Rule 10: Money Management - [PASS]
   Expected: 1.0% risk/trade, 2% daily limit, 3 consecutive losses stop, 2.5% pause next day
Rule 11: Exit Time - [PASS]
   Expected: Prepare 16:55 IST, Hard Exit 17:00 IST
2026-06-14 20:43:08 IST - BotCore - INFO - Engine: Starting Delta BTC Options Bot in LIVE mode with Capital: $10000.0
2026-06-14 20:43:08 IST - BotCore - INFO - Telegram polling loop started.
2026-06-14 20:43:08 IST - BotCore - INFO - Telegram interactive bot thread started.
2026-06-14 20:43:08 IST - BotCore - INFO - Starting Web Dashboard on port 5000
2026-06-14 20:43:09 IST - BotCore - INFO - Filters: ForexFactory calendar cache updated.
2026-06-14 20:43:09 IST - BotCore - INFO - Web: Smart Hedging DISABLED
2026-06-19 23:08:12 IST - BotCore - ERROR - DB: Failed to load from Cloud (HTTP 404)
2026-06-19 23:09:09 IST - BotCore - INFO - DB: Successfully synced to Cloud DB.
2026-06-19 23:09:20 IST - BotCore - INFO - API: Time synced. Offset: -6s
2026-06-19 23:09:21 IST - BotCore - INFO - DB: Loaded 11 trades from Cloud DB.
2026-06-19 23:09:21 IST - BotCore - INFO - Rule Compliance: 100% (11/11)
Rule 1: Entry Times - [PASS]
   Expected: 9:00, 9:30 AM IST
Rule 2: Strike Selection (IV-Based + 5 OTM) - [PASS]
   Expected: DVOL-based premium ranges, Min 5 strikes OTM, Put <= 1.30xCall, Net Delta <= 0.10
Rule 3: Lot Size (Manual + Dynamic) - [PASS]
   Expected: Manual from dashboard + DVOL/loss-based dynamic sizing
Rule 4: Stop Loss & Target - [PASS]
   Expected: 130% SL, 30% Full Target
Rule 5: Partial Profit - [PASS]
   Expected: 50% Size at 20% Profit
Rule 6: Trailing Stop Loss - [PASS]
   Expected: Breakeven after 15% Profit
Rule 7: DVOL Percentile Filter - [PASS]
   Expected: Trade only if DVOL Percentile 10%-90%
Rule 8: Smart Hedging - [PASS]
   Expected: IV-based thresholds: <45% delta>0.15, 45-55% delta>0.12, >55% delta>0.08
Rule 9: Dynamic Position Sizing - [PASS]
   Expected: DVOL 40-55% +20%, 2 losses -20%, Daily >2% -30%
Rule 10: Money Management - [PASS]
   Expected: 1.0% risk/trade, 2% daily limit, 3 consecutive losses stop, 2.5% pause next day
Rule 11: Exit Time - [PASS]
   Expected: Prepare 16:55 IST, Hard Exit 17:00 IST
2026-06-19 23:09:21 IST - BotCore - INFO - Engine: Starting Delta BTC Options Bot in LIVE mode with Capital: $10000.0
2026-06-19 23:09:21 IST - BotCore - INFO - Telegram polling loop started.
2026-06-19 23:09:21 IST - BotCore - INFO - Telegram interactive bot thread started.
2026-06-19 23:09:21 IST - BotCore - INFO - Starting Web Dashboard on port 5000
2026-06-19 23:09:23 IST - BotCore - INFO - Filters: ForexFactory calendar cache updated.
2026-06-19 23:18:03 IST - BotCore - WARNING - Backtester: No records fit the date criteria.
2026-06-19 23:27:45 IST - BotCore - INFO - ChartGen: Saved trade close chart to C:\Users\AnkushR\Downloads\Delta_BTC_Options_Bot\Delta_BTC_Options_Bot\charts\trade_close_2026-06-19_2327.png
2026-06-19 23:28:09 IST - BotCore - INFO - ChartGen: Saved trade close chart to C:\Users\AnkushR\Downloads\Delta_BTC_Options_Bot\Delta_BTC_Options_Bot\charts\trade_close_2026-06-19_2328.png
2026-06-20 00:05:54 IST - BotCore - INFO - Hedge: Cached entry premiums: {'C-BTC-65000-210626': 45.0, 'P-BTC-61000-210626': 40.0}
2026-06-20 00:05:54 IST - BotCore - WARNING - Hedge: Delta=0 from API for C-BTC-65000-210626 and no cache. Delta contribution ignored.
2026-06-20 00:05:54 IST - BotCore - WARNING - Hedge: Delta=0 from API for P-BTC-61000-210626 and no cache. Delta contribution ignored.
2026-06-20 00:05:54 IST - BotCore - INFO - Hedge: Delta calc: net_delta=+0.0000 BTC | reliable_legs=0 | zero_delta_legs=2
2026-06-20 00:05:54 IST - BotCore - INFO - Hedge: Standard check — raw_delta=0.0000 | trigger=0.15 | dvol_tier=Low (<45%) | greeks_reliable=False
2026-06-20 00:05:54 IST - BotCore - INFO - Hedge: No hedge needed. raw_delta 0.0000 <= 0.15
2026-06-20 00:05:54 IST - BotCore - WARNING - Hedge: Delta=0 from API for C-BTC-65000-210626 and no cache. Delta contribution ignored.
2026-06-20 00:05:54 IST - BotCore - WARNING - Hedge: Delta=0 from API for P-BTC-61000-210626 and no cache. Delta contribution ignored.
2026-06-20 00:05:54 IST - BotCore - INFO - Hedge: Delta calc: net_delta=+0.0000 BTC | reliable_legs=0 | zero_delta_legs=2
2026-06-20 00:05:54 IST - BotCore - INFO - Hedge: Standard check — raw_delta=0.0000 | trigger=0.15 | dvol_tier=Low (<45%) | greeks_reliable=False
2026-06-20 00:05:54 IST - BotCore - INFO - Hedge: No hedge needed. raw_delta 0.0000 <= 0.15
2026-06-20 00:05:54 IST - BotCore - WARNING - Hedge: Delta=0 from API for C-BTC-65000-210626 and no cache. Delta contribution ignored.
2026-06-20 00:05:54 IST - BotCore - WARNING - Hedge: Delta=0 from API for P-BTC-61000-210626 and no cache. Delta contribution ignored.
2026-06-20 00:05:54 IST - BotCore - INFO - Hedge: Delta calc: net_delta=+0.0000 BTC | reliable_legs=0 | zero_delta_legs=2
2026-06-20 00:05:54 IST - BotCore - INFO - Hedge: Standard check — raw_delta=0.0000 | trigger=0.15 | dvol_tier=Low (<45%) | greeks_reliable=False
2026-06-20 00:05:54 IST - BotCore - INFO - Hedge: No hedge needed. raw_delta 0.0000 <= 0.15
2026-06-20 00:05:54 IST - BotCore - WARNING - Hedge: Delta=0 from API for C-BTC-65000-210626 and no cache. Delta contribution ignored.
2026-06-20 00:05:54 IST - BotCore - WARNING - Hedge: Delta=0 from API for P-BTC-61000-210626 and no cache. Delta contribution ignored.
2026-06-20 00:05:54 IST - BotCore - INFO - Hedge: Delta calc: net_delta=+0.0000 BTC | reliable_legs=0 | zero_delta_legs=2
2026-06-20 00:05:54 IST - BotCore - INFO - Hedge: Standard check — raw_delta=0.0000 | trigger=0.15 | dvol_tier=Low (<45%) | greeks_reliable=False
2026-06-20 00:05:54 IST - BotCore - INFO - Hedge: No hedge needed. raw_delta 0.0000 <= 0.15
2026-06-20 00:05:54 IST - BotCore - WARNING - Hedge: Delta=0 from API for C-BTC-65000-210626 and no cache. Delta contribution ignored.
2026-06-20 00:05:54 IST - BotCore - WARNING - Hedge: Delta=0 from API for P-BTC-61000-210626 and no cache. Delta contribution ignored.
2026-06-20 00:05:54 IST - BotCore - INFO - Hedge: Delta calc: net_delta=+0.0000 BTC | reliable_legs=0 | zero_delta_legs=2
2026-06-20 00:05:54 IST - BotCore - INFO - Hedge: Standard check — raw_delta=0.0000 | trigger=0.15 | dvol_tier=Low (<45%) | greeks_reliable=False
2026-06-20 00:05:54 IST - BotCore - INFO - Hedge: No hedge needed. raw_delta 0.0000 <= 0.15
2026-06-20 00:05:54 IST - BotCore - WARNING - Hedge: EMERGENCY trigger -- loss=34.1% >= 30%. No hedge active.
2026-06-20 00:05:54 IST - BotCore - WARNING - Hedge: Delta=0 from API for C-BTC-65000-210626 and no cache. Delta contribution ignored.
2026-06-20 00:05:54 IST - BotCore - WARNING - Hedge: Delta=0 from API for P-BTC-61000-210626 and no cache. Delta contribution ignored.
2026-06-20 00:05:54 IST - BotCore - INFO - Hedge: Delta calc: net_delta=+0.0000 BTC | reliable_legs=0 | zero_delta_legs=2
2026-06-20 00:05:54 IST - BotCore - INFO - Hedge: Premium direction fallback: call_excess=53.00, put_excess=-24.00
2026-06-20 00:05:54 IST - BotCore - WARNING - Hedge [EMERGENCY]: Greeks unreliable. Using premium fallback: dir=buy, size=0.0100 BTC
2026-06-20 00:05:54 IST - BotCore - INFO - Hedge [EMERGENCY]: BUY 0.0100 BTC @ $65,500.00 | Avg entry: $65,500.00 | ID: PAPER-HEDGE-79160
2026-06-20 00:06:14 IST - BotCore - WARNING - Hedge: Delta=0 from API for C-BTC-65000-210626 and no cache. Delta contribution ignored.
2026-06-20 00:06:14 IST - BotCore - WARNING - Hedge: Delta=0 from API for P-BTC-61000-210626 and no cache. Delta contribution ignored.
2026-06-20 00:06:14 IST - BotCore - INFO - Hedge: Delta calc: net_delta=+0.0000 BTC | reliable_legs=0 | zero_delta_legs=2
2026-06-20 00:06:14 IST - BotCore - INFO - Hedge: Active and balanced. Drift=-0.0100 < 0.02. No action.
2026-06-20 00:06:14 IST - BotCore - INFO - Hedge: Closing all smart hedge positions...
2026-06-20 00:06:14 IST - BotCore - INFO - Hedge: Smart hedge state fully reset.
2026-06-20 00:06:14 IST - BotCore - INFO - Hedge: Cached entry premiums: {'C-BTC-65000-210626': 45.0, 'P-BTC-61000-210626': 40.0}
2026-06-20 00:06:14 IST - BotCore - WARNING - Hedge: Delta=0 from API for C-BTC-65000-210626 and no cache. Delta contribution ignored.
2026-06-20 00:06:14 IST - BotCore - WARNING - Hedge: Delta=0 from API for P-BTC-61000-210626 and no cache. Delta contribution ignored.
2026-06-20 00:06:14 IST - BotCore - INFO - Hedge: Delta calc: net_delta=+0.0000 BTC | reliable_legs=0 | zero_delta_legs=2
2026-06-20 00:06:14 IST - BotCore - INFO - Hedge: Standard check — raw_delta=0.0000 | trigger=0.15 | dvol_tier=Low (<45%) | greeks_reliable=False
2026-06-20 00:06:14 IST - BotCore - INFO - Hedge: No hedge needed. raw_delta 0.0000 <= 0.15
2026-06-20 00:06:14 IST - BotCore - WARNING - Hedge: Delta=0 from API for C-BTC-65000-210626 and no cache. Delta contribution ignored.
2026-06-20 00:06:14 IST - BotCore - WARNING - Hedge: Delta=0 from API for P-BTC-61000-210626 and no cache. Delta contribution ignored.
2026-06-20 00:06:14 IST - BotCore - INFO - Hedge: Delta calc: net_delta=+0.0000 BTC | reliable_legs=0 | zero_delta_legs=2
2026-06-20 00:06:14 IST - BotCore - INFO - Hedge: Standard check — raw_delta=0.0000 | trigger=0.15 | dvol_tier=Low (<45%) | greeks_reliable=False
2026-06-20 00:06:14 IST - BotCore - INFO - Hedge: No hedge needed. raw_delta 0.0000 <= 0.15
2026-06-20 00:06:14 IST - BotCore - WARNING - Hedge: Delta=0 from API for C-BTC-65000-210626 and no cache. Delta contribution ignored.
2026-06-20 00:06:14 IST - BotCore - WARNING - Hedge: Delta=0 from API for P-BTC-61000-210626 and no cache. Delta contribution ignored.
2026-06-20 00:06:14 IST - BotCore - INFO - Hedge: Delta calc: net_delta=+0.0000 BTC | reliable_legs=0 | zero_delta_legs=2
2026-06-20 00:06:14 IST - BotCore - INFO - Hedge: Standard check — raw_delta=0.0000 | trigger=0.15 | dvol_tier=Low (<45%) | greeks_reliable=False
2026-06-20 00:06:14 IST - BotCore - INFO - Hedge: No hedge needed. raw_delta 0.0000 <= 0.15
2026-06-20 00:06:14 IST - BotCore - WARNING - Hedge: Delta=0 from API for C-BTC-65000-210626 and no cache. Delta contribution ignored.
2026-06-20 00:06:14 IST - BotCore - WARNING - Hedge: Delta=0 from API for P-BTC-61000-210626 and no cache. Delta contribution ignored.
2026-06-20 00:06:14 IST - BotCore - INFO - Hedge: Delta calc: net_delta=+0.0000 BTC | reliable_legs=0 | zero_delta_legs=2
2026-06-20 00:06:14 IST - BotCore - INFO - Hedge: Standard check — raw_delta=0.0000 | trigger=0.15 | dvol_tier=Low (<45%) | greeks_reliable=False
2026-06-20 00:06:14 IST - BotCore - INFO - Hedge: No hedge needed. raw_delta 0.0000 <= 0.15
2026-06-20 00:06:14 IST - BotCore - WARNING - Hedge: Delta=0 from API for C-BTC-65000-210626 and no cache. Delta contribution ignored.
2026-06-20 00:06:14 IST - BotCore - WARNING - Hedge: Delta=0 from API for P-BTC-61000-210626 and no cache. Delta contribution ignored.
2026-06-20 00:06:14 IST - BotCore - INFO - Hedge: Delta calc: net_delta=+0.0000 BTC | reliable_legs=0 | zero_delta_legs=2
2026-06-20 00:06:14 IST - BotCore - INFO - Hedge: Standard check — raw_delta=0.0000 | trigger=0.15 | dvol_tier=Low (<45%) | greeks_reliable=False
2026-06-20 00:06:14 IST - BotCore - INFO - Hedge: No hedge needed. raw_delta 0.0000 <= 0.15
2026-06-20 00:06:14 IST - BotCore - WARNING - Hedge: EMERGENCY trigger -- loss=31.8% >= 30%. No hedge active.
2026-06-20 00:06:14 IST - BotCore - WARNING - Hedge: Delta=0 from API for C-BTC-65000-210626 and no cache. Delta contribution ignored.
2026-06-20 00:06:14 IST - BotCore - WARNING - Hedge: Delta=0 from API for P-BTC-61000-210626 and no cache. Delta contribution ignored.
2026-06-20 00:06:14 IST - BotCore - INFO - Hedge: Delta calc: net_delta=+0.0000 BTC | reliable_legs=0 | zero_delta_legs=2
2026-06-20 00:06:14 IST - BotCore - INFO - Hedge: Premium direction fallback: call_excess=-25.00, put_excess=52.00
2026-06-20 00:06:14 IST - BotCore - WARNING - Hedge [EMERGENCY]: Greeks unreliable. Using premium fallback: dir=sell, size=0.0100 BTC
2026-06-20 00:06:14 IST - BotCore - INFO - Hedge [EMERGENCY]: SELL 0.0100 BTC @ $60,500.00 | Avg entry: $60,500.00 | ID: PAPER-HEDGE-43193
2026-06-20 00:06:34 IST - BotCore - WARNING - Hedge: Delta=0 from API for C-BTC-65000-210626 and no cache. Delta contribution ignored.
2026-06-20 00:06:34 IST - BotCore - WARNING - Hedge: Delta=0 from API for P-BTC-61000-210626 and no cache. Delta contribution ignored.
2026-06-20 00:06:34 IST - BotCore - INFO - Hedge: Delta calc: net_delta=+0.0000 BTC | reliable_legs=0 | zero_delta_legs=2
2026-06-20 00:06:34 IST - BotCore - INFO - Hedge: Active and balanced. Drift=+0.0100 < 0.02. No action.
2026-06-20 00:06:34 IST - BotCore - INFO - Hedge: Closing all smart hedge positions...
2026-06-20 00:06:34 IST - BotCore - INFO - Hedge: Smart hedge state fully reset.
2026-06-20 00:06:34 IST - BotCore - INFO - Hedge: Cached entry premiums: {'C-BTC-65000-210626': 45.0, 'P-BTC-61000-210626': 40.0}
2026-06-20 00:06:34 IST - BotCore - WARNING - Hedge: Delta=0 from API for C-BTC-65000-210626 and no cache. Delta contribution ignored.
2026-06-20 00:06:34 IST - BotCore - WARNING - Hedge: Delta=0 from API for P-BTC-61000-210626 and no cache. Delta contribution ignored.
2026-06-20 00:06:34 IST - BotCore - INFO - Hedge: Delta calc: net_delta=+0.0000 BTC | reliable_legs=0 | zero_delta_legs=2
2026-06-20 00:06:34 IST - BotCore - INFO - Hedge: Standard check — raw_delta=0.0000 | trigger=0.15 | dvol_tier=Low (<45%) | greeks_reliable=False
2026-06-20 00:06:34 IST - BotCore - INFO - Hedge: No hedge needed. raw_delta 0.0000 <= 0.15
2026-06-20 00:06:34 IST - BotCore - WARNING - Hedge: Delta=0 from API for C-BTC-65000-210626 and no cache. Delta contribution ignored.
2026-06-20 00:06:34 IST - BotCore - WARNING - Hedge: Delta=0 from API for P-BTC-61000-210626 and no cache. Delta contribution ignored.
2026-06-20 00:06:34 IST - BotCore - INFO - Hedge: Delta calc: net_delta=+0.0000 BTC | reliable_legs=0 | zero_delta_legs=2
2026-06-20 00:06:34 IST - BotCore - INFO - Hedge: Standard check — raw_delta=0.0000 | trigger=0.15 | dvol_tier=Low (<45%) | greeks_reliable=False
2026-06-20 00:06:34 IST - BotCore - INFO - Hedge: No hedge needed. raw_delta 0.0000 <= 0.15
2026-06-20 00:06:34 IST - BotCore - WARNING - Hedge: Delta=0 from API for C-BTC-65000-210626 and no cache. Delta contribution ignored.
2026-06-20 00:06:34 IST - BotCore - WARNING - Hedge: Delta=0 from API for P-BTC-61000-210626 and no cache. Delta contribution ignored.
2026-06-20 00:06:34 IST - BotCore - INFO - Hedge: Delta calc: net_delta=+0.0000 BTC | reliable_legs=0 | zero_delta_legs=2
2026-06-20 00:06:34 IST - BotCore - INFO - Hedge: Standard check — raw_delta=0.0000 | trigger=0.15 | dvol_tier=Low (<45%) | greeks_reliable=False
2026-06-20 00:06:34 IST - BotCore - INFO - Hedge: No hedge needed. raw_delta 0.0000 <= 0.15
2026-06-20 00:06:34 IST - BotCore - WARNING - Hedge: Delta=0 from API for C-BTC-65000-210626 and no cache. Delta contribution ignored.
2026-06-20 00:06:34 IST - BotCore - WARNING - Hedge: Delta=0 from API for P-BTC-61000-210626 and no cache. Delta contribution ignored.
2026-06-20 00:06:34 IST - BotCore - INFO - Hedge: Delta calc: net_delta=+0.0000 BTC | reliable_legs=0 | zero_delta_legs=2
2026-06-20 00:06:34 IST - BotCore - INFO - Hedge: Standard check — raw_delta=0.0000 | trigger=0.15 | dvol_tier=Low (<45%) | greeks_reliable=False
2026-06-20 00:06:34 IST - BotCore - INFO - Hedge: No hedge needed. raw_delta 0.0000 <= 0.15
2026-06-20 00:06:34 IST - BotCore - WARNING - Hedge: Delta=0 from API for C-BTC-65000-210626 and no cache. Delta contribution ignored.
2026-06-20 00:06:34 IST - BotCore - WARNING - Hedge: Delta=0 from API for P-BTC-61000-210626 and no cache. Delta contribution ignored.
2026-06-20 00:06:34 IST - BotCore - INFO - Hedge: Delta calc: net_delta=+0.0000 BTC | reliable_legs=0 | zero_delta_legs=2
2026-06-20 00:06:34 IST - BotCore - INFO - Hedge: Standard check — raw_delta=0.0000 | trigger=0.15 | dvol_tier=Low (<45%) | greeks_reliable=False
2026-06-20 00:06:34 IST - BotCore - INFO - Hedge: No hedge needed. raw_delta 0.0000 <= 0.15
2026-06-20 00:06:34 IST - BotCore - WARNING - Hedge: Delta=0 from API for C-BTC-65000-210626 and no cache. Delta contribution ignored.
2026-06-20 00:06:34 IST - BotCore - WARNING - Hedge: Delta=0 from API for P-BTC-61000-210626 and no cache. Delta contribution ignored.
2026-06-20 00:06:34 IST - BotCore - INFO - Hedge: Delta calc: net_delta=+0.0000 BTC | reliable_legs=0 | zero_delta_legs=2
2026-06-20 00:06:34 IST - BotCore - INFO - Hedge: Standard check — raw_delta=0.0000 | trigger=0.15 | dvol_tier=Low (<45%) | greeks_reliable=False
2026-06-20 00:06:34 IST - BotCore - INFO - Hedge: No hedge needed. raw_delta 0.0000 <= 0.15
2026-06-20 00:06:34 IST - BotCore - WARNING - Hedge: Delta=0 from API for C-BTC-65000-210626 and no cache. Delta contribution ignored.
2026-06-20 00:06:34 IST - BotCore - WARNING - Hedge: Delta=0 from API for P-BTC-61000-210626 and no cache. Delta contribution ignored.
2026-06-20 00:06:34 IST - BotCore - INFO - Hedge: Delta calc: net_delta=+0.0000 BTC | reliable_legs=0 | zero_delta_legs=2
2026-06-20 00:06:34 IST - BotCore - INFO - Hedge: Standard check — raw_delta=0.0000 | trigger=0.15 | dvol_tier=Low (<45%) | greeks_reliable=False
2026-06-20 00:06:34 IST - BotCore - INFO - Hedge: No hedge needed. raw_delta 0.0000 <= 0.15
2026-06-20 00:06:34 IST - BotCore - WARNING - Hedge: Critical loss (25.9%). Tightening SL.
2026-06-20 00:06:34 IST - BotCore - WARNING - Hedge: Delta=0 from API for C-BTC-65000-210626 and no cache. Delta contribution ignored.
2026-06-20 00:06:34 IST - BotCore - WARNING - Hedge: Delta=0 from API for P-BTC-61000-210626 and no cache. Delta contribution ignored.
2026-06-20 00:06:34 IST - BotCore - INFO - Hedge: Delta calc: net_delta=+0.0000 BTC | reliable_legs=0 | zero_delta_legs=2
2026-06-20 00:06:34 IST - BotCore - INFO - Hedge: Standard check — raw_delta=0.0000 | trigger=0.15 | dvol_tier=Low (<45%) | greeks_reliable=False
2026-06-20 00:06:34 IST - BotCore - INFO - Hedge: No hedge needed. raw_delta 0.0000 <= 0.15
2026-06-20 00:06:34 IST - BotCore - INFO - Hedge: Closing all smart hedge positions...
2026-06-20 00:06:34 IST - BotCore - INFO - Hedge: Smart hedge state fully reset.
2026-06-20 00:06:34 IST - BotCore - INFO - Hedge: Cached entry premiums: {'C-BTC-65000-210626': 45.0, 'P-BTC-61000-210626': 40.0}
2026-06-20 00:06:34 IST - BotCore - WARNING - Hedge: Delta=0 from API for C-BTC-65000-210626 and no cache. Delta contribution ignored.
2026-06-20 00:06:34 IST - BotCore - WARNING - Hedge: Delta=0 from API for P-BTC-61000-210626 and no cache. Delta contribution ignored.
2026-06-20 00:06:34 IST - BotCore - INFO - Hedge: Delta calc: net_delta=+0.0000 BTC | reliable_legs=0 | zero_delta_legs=2
2026-06-20 00:06:34 IST - BotCore - INFO - Hedge: Standard check — raw_delta=0.0000 | trigger=0.15 | dvol_tier=Low (<45%) | greeks_reliable=False
2026-06-20 00:06:34 IST - BotCore - INFO - Hedge: No hedge needed. raw_delta 0.0000 <= 0.15
2026-06-20 00:06:34 IST - BotCore - WARNING - Hedge: Delta=0 from API for C-BTC-65000-210626 and no cache. Delta contribution ignored.
2026-06-20 00:06:34 IST - BotCore - WARNING - Hedge: Delta=0 from API for P-BTC-61000-210626 and no cache. Delta contribution ignored.
2026-06-20 00:06:34 IST - BotCore - INFO - Hedge: Delta calc: net_delta=+0.0000 BTC | reliable_legs=0 | zero_delta_legs=2
2026-06-20 00:06:34 IST - BotCore - INFO - Hedge: Standard check — raw_delta=0.0000 | trigger=0.15 | dvol_tier=Low (<45%) | greeks_reliable=False
2026-06-20 00:06:34 IST - BotCore - INFO - Hedge: No hedge needed. raw_delta 0.0000 <= 0.15
2026-06-20 00:06:34 IST - BotCore - WARNING - Hedge: Delta=0 from API for C-BTC-65000-210626 and no cache. Delta contribution ignored.
2026-06-20 00:06:34 IST - BotCore - WARNING - Hedge: Delta=0 from API for P-BTC-61000-210626 and no cache. Delta contribution ignored.
2026-06-20 00:06:34 IST - BotCore - INFO - Hedge: Delta calc: net_delta=+0.0000 BTC | reliable_legs=0 | zero_delta_legs=2
2026-06-20 00:06:34 IST - BotCore - INFO - Hedge: Standard check — raw_delta=0.0000 | trigger=0.15 | dvol_tier=Low (<45%) | greeks_reliable=False
2026-06-20 00:06:34 IST - BotCore - INFO - Hedge: No hedge needed. raw_delta 0.0000 <= 0.15
2026-06-20 00:06:34 IST - BotCore - WARNING - Hedge: Delta=0 from API for C-BTC-65000-210626 and no cache. Delta contribution ignored.
2026-06-20 00:06:34 IST - BotCore - WARNING - Hedge: Delta=0 from API for P-BTC-61000-210626 and no cache. Delta contribution ignored.
2026-06-20 00:06:34 IST - BotCore - INFO - Hedge: Delta calc: net_delta=+0.0000 BTC | reliable_legs=0 | zero_delta_legs=2
2026-06-20 00:06:34 IST - BotCore - INFO - Hedge: Standard check — raw_delta=0.0000 | trigger=0.15 | dvol_tier=Low (<45%) | greeks_reliable=False
2026-06-20 00:06:34 IST - BotCore - INFO - Hedge: No hedge needed. raw_delta 0.0000 <= 0.15
2026-06-20 00:06:34 IST - BotCore - WARNING - Hedge: Delta=0 from API for C-BTC-65000-210626 and no cache. Delta contribution ignored.
2026-06-20 00:06:34 IST - BotCore - WARNING - Hedge: Delta=0 from API for P-BTC-61000-210626 and no cache. Delta contribution ignored.
2026-06-20 00:06:34 IST - BotCore - INFO - Hedge: Delta calc: net_delta=+0.0000 BTC | reliable_legs=0 | zero_delta_legs=2
2026-06-20 00:06:34 IST - BotCore - INFO - Hedge: Standard check — raw_delta=0.0000 | trigger=0.15 | dvol_tier=Low (<45%) | greeks_reliable=False
2026-06-20 00:06:34 IST - BotCore - INFO - Hedge: No hedge needed. raw_delta 0.0000 <= 0.15
2026-06-20 00:06:34 IST - BotCore - WARNING - Hedge: Delta=0 from API for C-BTC-65000-210626 and no cache. Delta contribution ignored.
2026-06-20 00:06:34 IST - BotCore - WARNING - Hedge: Delta=0 from API for P-BTC-61000-210626 and no cache. Delta contribution ignored.
2026-06-20 00:06:34 IST - BotCore - INFO - Hedge: Delta calc: net_delta=+0.0000 BTC | reliable_legs=0 | zero_delta_legs=2
2026-06-20 00:06:34 IST - BotCore - INFO - Hedge: Standard check — raw_delta=0.0000 | trigger=0.15 | dvol_tier=Low (<45%) | greeks_reliable=False
2026-06-20 00:06:34 IST - BotCore - INFO - Hedge: No hedge needed. raw_delta 0.0000 <= 0.15
2026-06-20 00:06:34 IST - BotCore - WARNING - Hedge: Delta=0 from API for C-BTC-65000-210626 and no cache. Delta contribution ignored.
2026-06-20 00:06:34 IST - BotCore - WARNING - Hedge: Delta=0 from API for P-BTC-61000-210626 and no cache. Delta contribution ignored.
2026-06-20 00:06:34 IST - BotCore - INFO - Hedge: Delta calc: net_delta=+0.0000 BTC | reliable_legs=0 | zero_delta_legs=2
2026-06-20 00:06:34 IST - BotCore - INFO - Hedge: Standard check — raw_delta=0.0000 | trigger=0.15 | dvol_tier=Low (<45%) | greeks_reliable=False
2026-06-20 00:06:34 IST - BotCore - INFO - Hedge: No hedge needed. raw_delta 0.0000 <= 0.15
2026-06-20 00:06:34 IST - BotCore - INFO - Hedge: Closing all smart hedge positions...
2026-06-20 00:06:34 IST - BotCore - INFO - Hedge: Smart hedge state fully reset.
2026-06-20 00:06:34 IST - BotCore - INFO - Hedge: Cached entry premiums: {'C-BTC-65000-210626': 45.0, 'P-BTC-61000-210626': 40.0}
2026-06-20 00:06:34 IST - BotCore - WARNING - Hedge: Delta=0 from API for C-BTC-65000-210626 and no cache. Delta contribution ignored.
2026-06-20 00:06:34 IST - BotCore - WARNING - Hedge: Delta=0 from API for P-BTC-61000-210626 and no cache. Delta contribution ignored.
2026-06-20 00:06:34 IST - BotCore - INFO - Hedge: Delta calc: net_delta=+0.0000 BTC | reliable_legs=0 | zero_delta_legs=2
2026-06-20 00:06:34 IST - BotCore - INFO - Hedge: Standard check — raw_delta=0.0000 | trigger=0.15 | dvol_tier=Low (<45%) | greeks_reliable=False
2026-06-20 00:06:34 IST - BotCore - INFO - Hedge: No hedge needed. raw_delta 0.0000 <= 0.15
2026-06-20 00:06:34 IST - BotCore - WARNING - Hedge: Delta=0 from API for C-BTC-65000-210626 and no cache. Delta contribution ignored.
2026-06-20 00:06:34 IST - BotCore - WARNING - Hedge: Delta=0 from API for P-BTC-61000-210626 and no cache. Delta contribution ignored.
2026-06-20 00:06:34 IST - BotCore - INFO - Hedge: Delta calc: net_delta=+0.0000 BTC | reliable_legs=0 | zero_delta_legs=2
2026-06-20 00:06:34 IST - BotCore - INFO - Hedge: Standard check — raw_delta=0.0000 | trigger=0.15 | dvol_tier=Low (<45%) | greeks_reliable=False
2026-06-20 00:06:34 IST - BotCore - INFO - Hedge: No hedge needed. raw_delta 0.0000 <= 0.15
2026-06-20 00:06:34 IST - BotCore - WARNING - Hedge: Delta=0 from API for C-BTC-65000-210626 and no cache. Delta contribution ignored.
2026-06-20 00:06:34 IST - BotCore - WARNING - Hedge: Delta=0 from API for P-BTC-61000-210626 and no cache. Delta contribution ignored.
2026-06-20 00:06:34 IST - BotCore - INFO - Hedge: Delta calc: net_delta=+0.0000 BTC | reliable_legs=0 | zero_delta_legs=2
2026-06-20 00:06:34 IST - BotCore - INFO - Hedge: Standard check — raw_delta=0.0000 | trigger=0.15 | dvol_tier=Low (<45%) | greeks_reliable=False
2026-06-20 00:06:34 IST - BotCore - INFO - Hedge: No hedge needed. raw_delta 0.0000 <= 0.15
2026-06-20 00:06:34 IST - BotCore - WARNING - Hedge: Delta=0 from API for C-BTC-65000-210626 and no cache. Delta contribution ignored.
2026-06-20 00:06:34 IST - BotCore - WARNING - Hedge: Delta=0 from API for P-BTC-61000-210626 and no cache. Delta contribution ignored.
2026-06-20 00:06:34 IST - BotCore - INFO - Hedge: Delta calc: net_delta=+0.0000 BTC | reliable_legs=0 | zero_delta_legs=2
2026-06-20 00:06:34 IST - BotCore - INFO - Hedge: Standard check — raw_delta=0.0000 | trigger=0.15 | dvol_tier=Low (<45%) | greeks_reliable=False
2026-06-20 00:06:34 IST - BotCore - INFO - Hedge: No hedge needed. raw_delta 0.0000 <= 0.15
2026-06-20 00:06:34 IST - BotCore - WARNING - Hedge: Delta=0 from API for C-BTC-65000-210626 and no cache. Delta contribution ignored.
2026-06-20 00:06:34 IST - BotCore - WARNING - Hedge: Delta=0 from API for P-BTC-61000-210626 and no cache. Delta contribution ignored.
2026-06-20 00:06:34 IST - BotCore - INFO - Hedge: Delta calc: net_delta=+0.0000 BTC | reliable_legs=0 | zero_delta_legs=2
2026-06-20 00:06:34 IST - BotCore - INFO - Hedge: Standard check — raw_delta=0.0000 | trigger=0.15 | dvol_tier=Low (<45%) | greeks_reliable=False
2026-06-20 00:06:34 IST - BotCore - INFO - Hedge: No hedge needed. raw_delta 0.0000 <= 0.15
2026-06-20 00:06:34 IST - BotCore - WARNING - Hedge: Delta=0 from API for C-BTC-65000-210626 and no cache. Delta contribution ignored.
2026-06-20 00:06:34 IST - BotCore - WARNING - Hedge: Delta=0 from API for P-BTC-61000-210626 and no cache. Delta contribution ignored.
2026-06-20 00:06:34 IST - BotCore - INFO - Hedge: Delta calc: net_delta=+0.0000 BTC | reliable_legs=0 | zero_delta_legs=2
2026-06-20 00:06:34 IST - BotCore - INFO - Hedge: Standard check — raw_delta=0.0000 | trigger=0.15 | dvol_tier=Low (<45%) | greeks_reliable=False
2026-06-20 00:06:34 IST - BotCore - INFO - Hedge: No hedge needed. raw_delta 0.0000 <= 0.15
2026-06-20 00:06:34 IST - BotCore - WARNING - Hedge: Delta=0 from API for C-BTC-65000-210626 and no cache. Delta contribution ignored.
2026-06-20 00:06:34 IST - BotCore - WARNING - Hedge: Delta=0 from API for P-BTC-61000-210626 and no cache. Delta contribution ignored.
2026-06-20 00:06:34 IST - BotCore - INFO - Hedge: Delta calc: net_delta=+0.0000 BTC | reliable_legs=0 | zero_delta_legs=2
2026-06-20 00:06:34 IST - BotCore - INFO - Hedge: Standard check — raw_delta=0.0000 | trigger=0.15 | dvol_tier=Low (<45%) | greeks_reliable=False
2026-06-20 00:06:34 IST - BotCore - INFO - Hedge: No hedge needed. raw_delta 0.0000 <= 0.15
2026-06-20 00:06:34 IST - BotCore - WARNING - Hedge: Delta=0 from API for C-BTC-65000-210626 and no cache. Delta contribution ignored.
2026-06-20 00:06:34 IST - BotCore - WARNING - Hedge: Delta=0 from API for P-BTC-61000-210626 and no cache. Delta contribution ignored.
2026-06-20 00:06:34 IST - BotCore - INFO - Hedge: Delta calc: net_delta=+0.0000 BTC | reliable_legs=0 | zero_delta_legs=2
2026-06-20 00:06:34 IST - BotCore - INFO - Hedge: Standard check — raw_delta=0.0000 | trigger=0.15 | dvol_tier=Low (<45%) | greeks_reliable=False
2026-06-20 00:06:34 IST - BotCore - INFO - Hedge: No hedge needed. raw_delta 0.0000 <= 0.15
2026-06-20 00:06:34 IST - BotCore - WARNING - Hedge: Delta=0 from API for C-BTC-65000-210626 and no cache. Delta contribution ignored.
2026-06-20 00:06:34 IST - BotCore - WARNING - Hedge: Delta=0 from API for P-BTC-61000-210626 and no cache. Delta contribution ignored.
2026-06-20 00:06:34 IST - BotCore - INFO - Hedge: Delta calc: net_delta=+0.0000 BTC | reliable_legs=0 | zero_delta_legs=2
2026-06-20 00:06:34 IST - BotCore - INFO - Hedge: Standard check — raw_delta=0.0000 | trigger=0.15 | dvol_tier=Low (<45%) | greeks_reliable=False
2026-06-20 00:06:34 IST - BotCore - INFO - Hedge: No hedge needed. raw_delta 0.0000 <= 0.15
2026-06-20 00:06:34 IST - BotCore - WARNING - Hedge: Delta=0 from API for C-BTC-65000-210626 and no cache. Delta contribution ignored.
2026-06-20 00:06:34 IST - BotCore - WARNING - Hedge: Delta=0 from API for P-BTC-61000-210626 and no cache. Delta contribution ignored.
2026-06-20 00:06:34 IST - BotCore - INFO - Hedge: Delta calc: net_delta=+0.0000 BTC | reliable_legs=0 | zero_delta_legs=2
2026-06-20 00:06:34 IST - BotCore - INFO - Hedge: Standard check — raw_delta=0.0000 | trigger=0.15 | dvol_tier=Low (<45%) | greeks_reliable=False
2026-06-20 00:06:34 IST - BotCore - INFO - Hedge: No hedge needed. raw_delta 0.0000 <= 0.15
2026-06-20 00:06:34 IST - BotCore - INFO - Hedge: Closing all smart hedge positions...
2026-06-20 00:06:34 IST - BotCore - INFO - Hedge: Smart hedge state fully reset.
2026-06-20 00:13:47 IST - BotCore - INFO - Hedge: Cached entry premiums: {'C-BTC-65000-210626': 45.0, 'P-BTC-61000-210626': 40.0}
2026-06-20 00:13:47 IST - BotCore - INFO - Hedge: CALL bleeding 6.7% ($0.03 loss) | Put bleed: 0.0%
2026-06-20 00:13:47 IST - BotCore - INFO - Hedge: call bleeding 6.7% — below trigger (12%). Monitoring...
2026-06-20 00:13:47 IST - BotCore - INFO - Hedge: CALL bleeding 17.8% ($0.08 loss) | Put bleed: 0.0%
2026-06-20 00:13:47 IST - BotCore - INFO - Hedge: TRIGGER! CALL bleeding 17.8% >= 12% threshold. Loss: $0.08. Opening hedge...
2026-06-20 00:13:47 IST - BotCore - INFO - Hedge: Sizing — exposure=0.0200 BTC | factor=50% | hedge_size=0.0100 BTC
2026-06-20 00:13:47 IST - BotCore - INFO - Hedge [INITIAL]: BUY 0.0100 BTC @ $63,500.00 | Avg entry: $63,500.00 | ID: PAPER-HEDGE-22475
2026-06-20 00:14:07 IST - BotCore - INFO - Hedge: CALL bleeding 37.8% ($0.17 loss) | Put bleed: 0.0%
2026-06-20 00:14:07 IST - BotCore - INFO - Hedge: New peak P&L: $5.00
2026-06-20 00:14:07 IST - BotCore - INFO - Hedge: Sizing — exposure=0.0200 BTC | factor=50% | hedge_size=0.0100 BTC
2026-06-20 00:14:07 IST - BotCore - INFO - Hedge [ESCALATE]: BUY 0.0100 BTC @ $64,000.00 | Avg entry: $63,750.00 | ID: PAPER-HEDGE-49168
2026-06-20 00:14:07 IST - BotCore - INFO - Hedge: ESCALATED from 50% to 100%. Total size: 0.0200 BTC
2026-06-20 00:15:02 IST - BotCore - INFO - Hedge: Cached entry premiums: {'C-BTC-65000-210626': 45.0, 'P-BTC-61000-210626': 40.0}
2026-06-20 00:15:02 IST - BotCore - INFO - Hedge: CALL bleeding 6.7% ($0.03 loss) | Put bleed: 0.0%
2026-06-20 00:15:02 IST - BotCore - INFO - Hedge: call bleeding 6.7% — below trigger (12%). Monitoring...
2026-06-20 00:15:02 IST - BotCore - INFO - Hedge: CALL bleeding 17.8% ($0.08 loss) | Put bleed: 0.0%
2026-06-20 00:15:02 IST - BotCore - INFO - Hedge: TRIGGER! CALL bleeding 17.8% >= 12% threshold. Loss: $0.08. Opening hedge...
2026-06-20 00:15:02 IST - BotCore - INFO - Hedge: Sizing — exposure=0.0200 BTC | factor=50% | hedge_size=0.0100 BTC
2026-06-20 00:15:02 IST - BotCore - INFO - Hedge [INITIAL]: BUY 0.0100 BTC @ $63,500.00 | Avg entry: $63,500.00 | ID: PAPER-HEDGE-49649
2026-06-20 00:15:02 IST - BotCore - INFO - Hedge: CALL bleeding 37.8% ($0.17 loss) | Put bleed: 0.0%
2026-06-20 00:15:02 IST - BotCore - INFO - Hedge: New peak P&L: $5.00
2026-06-20 00:15:02 IST - BotCore - INFO - Hedge: Sizing — exposure=0.0200 BTC | factor=50% | hedge_size=0.0100 BTC
2026-06-20 00:15:02 IST - BotCore - INFO - Hedge [ESCALATE]: BUY 0.0100 BTC @ $64,000.00 | Avg entry: $63,750.00 | ID: PAPER-HEDGE-47467
2026-06-20 00:15:02 IST - BotCore - INFO - Hedge: ESCALATED from 50% to 100%. Total size: 0.0200 BTC
2026-06-20 00:15:02 IST - BotCore - INFO - Hedge: CALL bleeding 60.0% ($0.27 loss) | Put bleed: 0.0%
2026-06-20 00:15:02 IST - BotCore - INFO - Hedge: New peak P&L: $15.00
2026-06-20 00:15:02 IST - BotCore - INFO - Hedge: Active (call hedge). P&L: $+15.00 | Peak: $15.00 | Size: 0.0200 BTC | Bleed: call=60.0%
2026-06-20 00:15:02 IST - BotCore - INFO - Hedge: CALL bleeding 88.9% ($0.40 loss) | Put bleed: 0.0%
2026-06-20 00:15:02 IST - BotCore - INFO - Hedge: New peak P&L: $25.00
2026-06-20 00:15:02 IST - BotCore - INFO - Hedge: Active (call hedge). P&L: $+25.00 | Peak: $25.00 | Size: 0.0200 BTC | Bleed: call=88.9%
2026-06-20 00:15:02 IST - BotCore - INFO - Hedge: CALL bleeding 117.8% ($0.53 loss) | Put bleed: 0.0%
2026-06-20 00:15:02 IST - BotCore - INFO - Hedge: New peak P&L: $35.00
2026-06-20 00:15:02 IST - BotCore - INFO - Hedge: Active (call hedge). P&L: $+35.00 | Peak: $35.00 | Size: 0.0200 BTC | Bleed: call=117.8%
2026-06-20 00:15:02 IST - BotCore - INFO - Hedge: CALL bleeding 148.9% ($0.67 loss) | Put bleed: 0.0%
2026-06-20 00:15:02 IST - BotCore - INFO - Hedge: New peak P&L: $45.00
2026-06-20 00:15:02 IST - BotCore - INFO - Hedge: Active (call hedge). P&L: $+45.00 | Peak: $45.00 | Size: 0.0200 BTC | Bleed: call=148.9%
2026-06-20 00:15:02 IST - BotCore - INFO - Hedge: Closing hedge. Final P&L: $+45.00
2026-06-20 00:15:02 IST - BotCore - INFO - Hedge: Smart hedge state fully reset.
2026-06-20 00:15:02 IST - BotCore - INFO - Hedge: Cached entry premiums: {'C-BTC-65000-210626': 45.0, 'P-BTC-61000-210626': 40.0}
2026-06-20 00:15:02 IST - BotCore - INFO - Hedge: PUT bleeding 5.0% ($0.02 loss) | Call bleed: 0.0%
2026-06-20 00:15:02 IST - BotCore - INFO - Hedge: put bleeding 5.0% — below trigger (12%). Monitoring...
2026-06-20 00:15:02 IST - BotCore - INFO - Hedge: PUT bleeding 17.5% ($0.07 loss) | Call bleed: 0.0%
2026-06-20 00:15:02 IST - BotCore - INFO - Hedge: TRIGGER! PUT bleeding 17.5% >= 12% threshold. Loss: $0.07. Opening hedge...
2026-06-20 00:15:02 IST - BotCore - INFO - Hedge: Sizing — exposure=0.0200 BTC | factor=50% | hedge_size=0.0100 BTC
2026-06-20 00:15:02 IST - BotCore - INFO - Hedge [INITIAL]: SELL 0.0100 BTC @ $62,500.00 | Avg entry: $62,500.00 | ID: PAPER-HEDGE-97933
2026-06-20 00:15:02 IST - BotCore - INFO - Hedge: PUT bleeding 37.5% ($0.15 loss) | Call bleed: 0.0%
2026-06-20 00:15:02 IST - BotCore - INFO - Hedge: New peak P&L: $5.00
2026-06-20 00:15:02 IST - BotCore - INFO - Hedge: Sizing — exposure=0.0200 BTC | factor=50% | hedge_size=0.0100 BTC
2026-06-20 00:15:02 IST - BotCore - INFO - Hedge [ESCALATE]: SELL 0.0100 BTC @ $62,000.00 | Avg entry: $62,250.00 | ID: PAPER-HEDGE-14300
2026-06-20 00:15:02 IST - BotCore - INFO - Hedge: ESCALATED from 50% to 100%. Total size: 0.0200 BTC
2026-06-20 00:15:02 IST - BotCore - INFO - Hedge: PUT bleeding 62.5% ($0.25 loss) | Call bleed: 0.0%
2026-06-20 00:15:02 IST - BotCore - INFO - Hedge: New peak P&L: $15.00
2026-06-20 00:15:02 IST - BotCore - INFO - Hedge: Active (put hedge). P&L: $+15.00 | Peak: $15.00 | Size: 0.0200 BTC | Bleed: put=62.5%
2026-06-20 00:15:02 IST - BotCore - INFO - Hedge: PUT bleeding 95.0% ($0.38 loss) | Call bleed: 0.0%
2026-06-20 00:15:02 IST - BotCore - INFO - Hedge: New peak P&L: $25.00
2026-06-20 00:15:02 IST - BotCore - INFO - Hedge: Active (put hedge). P&L: $+25.00 | Peak: $25.00 | Size: 0.0200 BTC | Bleed: put=95.0%
2026-06-20 00:15:02 IST - BotCore - INFO - Hedge: PUT bleeding 130.0% ($0.52 loss) | Call bleed: 0.0%
2026-06-20 00:15:02 IST - BotCore - INFO - Hedge: New peak P&L: $35.00
2026-06-20 00:15:02 IST - BotCore - INFO - Hedge: Active (put hedge). P&L: $+35.00 | Peak: $35.00 | Size: 0.0200 BTC | Bleed: put=130.0%
2026-06-20 00:15:02 IST - BotCore - INFO - Hedge: PUT bleeding 170.0% ($0.68 loss) | Call bleed: 0.0%
2026-06-20 00:15:02 IST - BotCore - INFO - Hedge: New peak P&L: $45.00
2026-06-20 00:15:02 IST - BotCore - INFO - Hedge: Active (put hedge). P&L: $+45.00 | Peak: $45.00 | Size: 0.0200 BTC | Bleed: put=170.0%
2026-06-20 00:15:02 IST - BotCore - INFO - Hedge: Closing hedge. Final P&L: $+45.00
2026-06-20 00:15:02 IST - BotCore - INFO - Hedge: Smart hedge state fully reset.
2026-06-20 00:15:02 IST - BotCore - INFO - Hedge: Cached entry premiums: {'C-BTC-65000-210626': 45.0, 'P-BTC-61000-210626': 40.0}
2026-06-20 00:15:02 IST - BotCore - INFO - Hedge: CALL bleeding 11.1% ($0.05 loss) | Put bleed: 0.0%
2026-06-20 00:15:02 IST - BotCore - INFO - Hedge: call bleeding 11.1% — below trigger (12%). Monitoring...
2026-06-20 00:15:02 IST - BotCore - INFO - Hedge: CALL bleeding 28.9% ($0.13 loss) | Put bleed: 0.0%
2026-06-20 00:15:02 IST - BotCore - INFO - Hedge: TRIGGER! CALL bleeding 28.9% >= 12% threshold. Loss: $0.13. Opening hedge...
2026-06-20 00:15:02 IST - BotCore - INFO - Hedge: Sizing — exposure=0.0200 BTC | factor=100% | hedge_size=0.0200 BTC
2026-06-20 00:15:02 IST - BotCore - INFO - Hedge [FULL]: BUY 0.0200 BTC @ $63,800.00 | Avg entry: $63,800.00 | ID: PAPER-HEDGE-59267
2026-06-20 00:15:02 IST - BotCore - INFO - Hedge: CALL bleeding 55.6% ($0.25 loss) | Put bleed: 0.0%
2026-06-20 00:15:02 IST - BotCore - INFO - Hedge: New peak P&L: $14.00
2026-06-20 00:15:02 IST - BotCore - INFO - Hedge: Active (call hedge). P&L: $+14.00 | Peak: $14.00 | Size: 0.0200 BTC | Bleed: call=55.6%
2026-06-20 00:15:02 IST - BotCore - INFO - Hedge: CALL bleeding 82.2% ($0.37 loss) | Put bleed: 0.0%
2026-06-20 00:15:02 IST - BotCore - INFO - Hedge: New peak P&L: $24.00
2026-06-20 00:15:02 IST - BotCore - INFO - Hedge: Active (call hedge). P&L: $+24.00 | Peak: $24.00 | Size: 0.0200 BTC | Bleed: call=82.2%
2026-06-20 00:15:02 IST - BotCore - INFO - Hedge: CALL bleeding 60.0% ($0.27 loss) | Put bleed: 0.0%
2026-06-20 00:15:02 IST - BotCore - INFO - Hedge: Active (call hedge). P&L: $+14.00 | Peak: $24.00 | Size: 0.0200 BTC | Bleed: call=60.0%
2026-06-20 00:15:02 IST - BotCore - INFO - Hedge: CALL bleeding 33.3% ($0.15 loss) | Put bleed: 0.0%
2026-06-20 00:15:02 IST - BotCore - INFO - Hedge: TRAILING BREAKEVEN triggered! Peak was $24.00, now $0.00 <= $0.30. Closing at breakeven.
2026-06-20 00:15:02 IST - BotCore - INFO - Hedge: Closing hedge. Final P&L: $+0.00
2026-06-20 00:15:02 IST - BotCore - INFO - Hedge: Smart hedge state fully reset.
2026-06-20 00:15:02 IST - BotCore - INFO - Hedge: PUT bleeding 30.0% ($0.12 loss) | Call bleed: 6.7%
2026-06-20 00:15:02 IST - BotCore - INFO - Hedge: TRIGGER! PUT bleeding 30.0% >= 12% threshold. Loss: $0.12. Opening hedge...
2026-06-20 00:15:02 IST - BotCore - INFO - Hedge: Sizing — exposure=0.0200 BTC | factor=100% | hedge_size=0.0200 BTC
2026-06-20 00:15:02 IST - BotCore - INFO - Hedge [FULL]: SELL 0.0200 BTC @ $63,000.00 | Avg entry: $63,000.00 | ID: PAPER-HEDGE-24490
2026-06-20 00:15:02 IST - BotCore - INFO - Hedge: PUT bleeding 62.5% ($0.25 loss) | Call bleed: 0.0%
2026-06-20 00:15:02 IST - BotCore - INFO - Hedge: New peak P&L: $10.00
2026-06-20 00:15:02 IST - BotCore - INFO - Hedge: Active (put hedge). P&L: $+10.00 | Peak: $10.00 | Size: 0.0200 BTC | Bleed: put=62.5%
2026-06-20 00:15:02 IST - BotCore - INFO - Hedge: Closing hedge. Final P&L: $+10.00
2026-06-20 00:15:02 IST - BotCore - INFO - Hedge: Smart hedge state fully reset.
2026-06-20 00:15:02 IST - BotCore - INFO - Hedge: Cached entry premiums: {'C-BTC-65000-210626': 45.0, 'P-BTC-61000-210626': 40.0}
2026-06-20 00:15:02 IST - BotCore - INFO - Hedge: CALL bleeding 1.1% ($0.01 loss) | Put bleed: 0.0%
2026-06-20 00:15:02 IST - BotCore - INFO - Hedge: call bleeding 1.1% — below trigger (12%). Monitoring...
2026-06-20 00:15:02 IST - BotCore - INFO - Hedge: CALL bleeding 0.4% ($0.00 loss) | Put bleed: 0.0%
2026-06-20 00:15:02 IST - BotCore - INFO - Hedge: call bleeding 0.4% — below trigger (12%). Monitoring...
2026-06-20 00:15:02 IST - BotCore - INFO - Hedge: CALL bleeding 1.8% ($0.01 loss) | Put bleed: 0.0%
2026-06-20 00:15:02 IST - BotCore - INFO - Hedge: call bleeding 1.8% — below trigger (12%). Monitoring...
2026-06-20 00:15:02 IST - BotCore - INFO - Hedge: PUT bleeding 0.5% ($0.00 loss) | Call bleed: 0.0%
2026-06-20 00:15:02 IST - BotCore - INFO - Hedge: put bleeding 0.5% — below trigger (12%). Monitoring...
2026-06-20 00:15:02 IST - BotCore - INFO - Hedge: CALL bleeding 0.2% ($0.00 loss) | Put bleed: 0.0%
2026-06-20 00:15:02 IST - BotCore - INFO - Hedge: call bleeding 0.2% — below trigger (12%). Monitoring...
2026-06-20 00:15:02 IST - BotCore - INFO - Hedge: PUT bleeding 0.3% ($0.00 loss) | Call bleed: 0.0%
2026-06-20 00:15:02 IST - BotCore - INFO - Hedge: put bleeding 0.3% — below trigger (12%). Monitoring...
2026-06-20 00:15:02 IST - BotCore - INFO - Hedge: No bleeding detected. Market stable.
2026-06-20 00:15:02 IST - BotCore - INFO - Hedge: Closing all smart hedge positions...
2026-06-20 00:15:02 IST - BotCore - INFO - Hedge: Smart hedge state fully reset.
2026-06-20 00:15:02 IST - BotCore - INFO - Hedge: Cached entry premiums: {'C-BTC-65000-210626': 45.0, 'P-BTC-61000-210626': 40.0}
2026-06-20 00:15:02 IST - BotCore - INFO - Hedge: CALL bleeding 2.2% ($0.01 loss) | Put bleed: 0.0%
2026-06-20 00:15:02 IST - BotCore - INFO - Hedge: call bleeding 2.2% — below trigger (12%). Monitoring...
2026-06-20 00:15:02 IST - BotCore - INFO - Hedge: CALL bleeding 4.4% ($0.02 loss) | Put bleed: 0.0%
2026-06-20 00:15:02 IST - BotCore - INFO - Hedge: call bleeding 4.4% — below trigger (12%). Monitoring...
2026-06-20 00:15:02 IST - BotCore - INFO - Hedge: CALL bleeding 7.8% ($0.04 loss) | Put bleed: 0.0%
2026-06-20 00:15:02 IST - BotCore - INFO - Hedge: call bleeding 7.8% — below trigger (12%). Monitoring...
2026-06-20 00:15:02 IST - BotCore - INFO - Hedge: CALL bleeding 11.1% ($0.05 loss) | Put bleed: 0.0%
2026-06-20 00:15:02 IST - BotCore - INFO - Hedge: call bleeding 11.1% — below trigger (12%). Monitoring...
2026-06-20 00:15:02 IST - BotCore - INFO - Hedge: CALL bleeding 14.4% ($0.07 loss) | Put bleed: 0.0%
2026-06-20 00:15:02 IST - BotCore - INFO - Hedge: TRIGGER! CALL bleeding 14.4% >= 12% threshold. Loss: $0.07. Opening hedge...
2026-06-20 00:15:02 IST - BotCore - INFO - Hedge: Sizing — exposure=0.0200 BTC | factor=50% | hedge_size=0.0100 BTC
2026-06-20 00:15:02 IST - BotCore - INFO - Hedge [INITIAL]: BUY 0.0100 BTC @ $63,500.00 | Avg entry: $63,500.00 | ID: PAPER-HEDGE-37133
2026-06-20 00:15:02 IST - BotCore - INFO - Hedge: CALL bleeding 17.8% ($0.08 loss) | Put bleed: 0.0%
2026-06-20 00:15:02 IST - BotCore - INFO - Hedge: New peak P&L: $1.00
2026-06-20 00:15:02 IST - BotCore - INFO - Hedge: Active (call hedge). P&L: $+1.00 | Peak: $1.00 | Size: 0.0100 BTC | Bleed: call=17.8%
2026-06-20 00:15:02 IST - BotCore - INFO - Hedge: CALL bleeding 22.2% ($0.10 loss) | Put bleed: 0.0%
2026-06-20 00:15:02 IST - BotCore - INFO - Hedge: New peak P&L: $2.00
2026-06-20 00:15:02 IST - BotCore - INFO - Hedge: Active (call hedge). P&L: $+2.00 | Peak: $2.00 | Size: 0.0100 BTC | Bleed: call=22.2%
2026-06-20 00:15:02 IST - BotCore - INFO - Hedge: CALL bleeding 26.7% ($0.12 loss) | Put bleed: 0.0%
2026-06-20 00:15:02 IST - BotCore - INFO - Hedge: New peak P&L: $3.00
2026-06-20 00:15:02 IST - BotCore - INFO - Hedge: Sizing — exposure=0.0200 BTC | factor=50% | hedge_size=0.0100 BTC
2026-06-20 00:15:02 IST - BotCore - INFO - Hedge [ESCALATE]: BUY 0.0100 BTC @ $63,800.00 | Avg entry: $63,650.00 | ID: PAPER-HEDGE-17621
2026-06-20 00:15:02 IST - BotCore - INFO - Hedge: ESCALATED from 50% to 100%. Total size: 0.0200 BTC
2026-06-20 00:15:02 IST - BotCore - INFO - Hedge: CALL bleeding 31.1% ($0.14 loss) | Put bleed: 0.0%
2026-06-20 00:15:02 IST - BotCore - INFO - Hedge: New peak P&L: $5.00
2026-06-20 00:15:02 IST - BotCore - INFO - Hedge: Active (call hedge). P&L: $+5.00 | Peak: $5.00 | Size: 0.0200 BTC | Bleed: call=31.1%
2026-06-20 00:15:02 IST - BotCore - INFO - Hedge: CALL bleeding 35.6% ($0.16 loss) | Put bleed: 0.0%
2026-06-20 00:15:02 IST - BotCore - INFO - Hedge: New peak P&L: $7.00
2026-06-20 00:15:02 IST - BotCore - INFO - Hedge: Active (call hedge). P&L: $+7.00 | Peak: $7.00 | Size: 0.0200 BTC | Bleed: call=35.6%
2026-06-20 00:15:02 IST - BotCore - INFO - Hedge: Closing hedge. Final P&L: $+7.00
2026-06-20 00:15:02 IST - BotCore - INFO - Hedge: Smart hedge state fully reset.
2026-06-20 00:20:01 IST - BotCore - INFO - Hedge: Cached entry premiums: {'C-BTC-65000-210626': 45.0, 'P-BTC-61000-210626': 40.0}
2026-06-20 00:20:01 IST - BotCore - INFO - Hedge: PUT bleeding 10.0% ($0.04 loss) | Call bleed: 0.0%
2026-06-20 00:20:01 IST - BotCore - INFO - Hedge: put bleeding 10.0% — below trigger (12%). Monitoring...
2026-06-20 00:20:01 IST - BotCore - INFO - Hedge: PUT bleeding 20.0% ($0.08 loss) | Call bleed: 0.0%
2026-06-20 00:20:01 IST - BotCore - INFO - Hedge: TRIGGER! PUT bleeding 20.0% >= 12% threshold. Loss: $0.08. Opening hedge...
2026-06-20 00:20:01 IST - BotCore - INFO - Hedge: Sizing — exposure=0.0200 BTC | factor=50% | hedge_size=0.0100 BTC
2026-06-20 00:20:01 IST - BotCore - INFO - Hedge [INITIAL]: SELL 0.0100 BTC @ $62,500.00 | Avg entry: $62,500.00 | ID: PAPER-HEDGE-83411
2026-06-20 00:20:01 IST - BotCore - INFO - Hedge: PUT bleeding 40.0% ($0.16 loss) | Call bleed: 0.0%
2026-06-20 00:20:01 IST - BotCore - INFO - Hedge: New peak P&L: $5.00
2026-06-20 00:20:01 IST - BotCore - INFO - Hedge: Sizing — exposure=0.0200 BTC | factor=50% | hedge_size=0.0100 BTC
2026-06-20 00:20:01 IST - BotCore - INFO - Hedge [ESCALATE]: SELL 0.0100 BTC @ $62,000.00 | Avg entry: $62,250.00 | ID: PAPER-HEDGE-69716
2026-06-20 00:20:01 IST - BotCore - INFO - Hedge: ESCALATED from 50% to 100%. Total size: 0.0200 BTC
2026-06-20 00:20:01 IST - BotCore - INFO - Hedge: PUT bleeding 60.0% ($0.24 loss) | Call bleed: 0.0%
2026-06-20 00:20:01 IST - BotCore - INFO - Hedge: New peak P&L: $13.00
2026-06-20 00:20:01 IST - BotCore - INFO - Hedge: Active (put hedge). P&L: $+13.00 | Peak: $13.00 | Size: 0.0200 BTC | Bleed: put=60.0%
2026-06-20 00:20:01 IST - BotCore - INFO - Hedge: PUT bleeding 80.0% ($0.32 loss) | Call bleed: 0.0%
2026-06-20 00:20:01 IST - BotCore - INFO - Hedge: New peak P&L: $19.00
2026-06-20 00:20:01 IST - BotCore - INFO - Hedge: Active (put hedge). P&L: $+19.00 | Peak: $19.00 | Size: 0.0200 BTC | Bleed: put=80.0%
2026-06-20 00:20:01 IST - BotCore - INFO - Hedge: PUT bleeding 90.0% ($0.36 loss) | Call bleed: 0.0%
2026-06-20 00:20:01 IST - BotCore - INFO - Hedge: New peak P&L: $21.00
2026-06-20 00:20:01 IST - BotCore - INFO - Hedge: Active (put hedge). P&L: $+21.00 | Peak: $21.00 | Size: 0.0200 BTC | Bleed: put=90.0%
2026-06-20 00:20:01 IST - BotCore - INFO - Hedge: PUT bleeding 70.0% ($0.28 loss) | Call bleed: 0.0%
2026-06-20 00:20:01 IST - BotCore - INFO - Hedge: Active (put hedge). P&L: $+15.00 | Peak: $21.00 | Size: 0.0200 BTC | Bleed: put=70.0%
2026-06-20 00:20:01 IST - BotCore - INFO - Hedge: PUT bleeding 45.0% ($0.18 loss) | Call bleed: 0.0%
2026-06-20 00:20:01 IST - BotCore - INFO - Hedge: Active (put hedge). P&L: $+5.00 | Peak: $21.00 | Size: 0.0200 BTC | Bleed: put=45.0%
2026-06-20 00:20:01 IST - BotCore - INFO - Hedge: PUT bleeding 20.0% ($0.08 loss) | Call bleed: 0.0%
2026-06-20 00:20:01 IST - BotCore - WARNING - Hedge: HARD STOP! P&L $-7.00 <= $-1.00. Closing to prevent further bleed.
2026-06-20 00:20:01 IST - BotCore - INFO - Hedge: Closing hedge. Final P&L: $-7.00
2026-06-20 00:20:01 IST - BotCore - INFO - Hedge: Smart hedge state fully reset.
2026-06-20 00:20:01 IST - BotCore - INFO - Hedge: Stopped out — skipping management for this trade.
2026-06-20 00:20:01 IST - BotCore - INFO - Hedge: Stopped out — skipping management for this trade.
2026-06-20 00:20:01 IST - BotCore - INFO - Hedge: Stopped out — skipping management for this trade.
2026-06-20 00:20:01 IST - BotCore - INFO - Hedge: Closing all smart hedge positions...
2026-06-20 00:20:01 IST - BotCore - INFO - Hedge: Smart hedge state fully reset.
2026-06-20 12:31:21 IST - BotCore - INFO - API: Time synced. Offset: -7s
2026-06-20 12:31:21 IST - BotCore - INFO - DB: Loaded 13 trades from Cloud DB.
2026-06-20 12:31:21 IST - BotCore - INFO - Rule Compliance: 100% (11/11)
Rule 1: Entry Times - [PASS]
   Expected: 9:00, 9:30 AM IST
Rule 2: Strike Selection (IV-Based + 5 OTM) - [PASS]
   Expected: DVOL-based premium ranges, Min 5 strikes OTM, Put <= 1.30xCall, Net Delta <= 0.10
Rule 3: Lot Size (Manual + Dynamic) - [PASS]
   Expected: Manual from dashboard + DVOL/loss-based dynamic sizing
Rule 4: Stop Loss & Target - [PASS]
   Expected: 130% SL, 30% Full Target
Rule 5: Partial Profit - [PASS]
   Expected: 50% Size at 20% Profit
Rule 6: Trailing Stop Loss - [PASS]
   Expected: Breakeven after 15% Profit
Rule 7: DVOL Percentile Filter - [PASS]
   Expected: Trade only if DVOL Percentile 10%-90%
Rule 8: Smart Hedging - [PASS]
   Expected: IV-based thresholds: <45% delta>0.15, 45-55% delta>0.12, >55% delta>0.08
Rule 9: Dynamic Position Sizing - [PASS]
   Expected: DVOL 40-55% +20%, 2 losses -20%, Daily >2% -30%
Rule 10: Money Management - [PASS]
   Expected: 1.0% risk/trade, 2% daily limit, 3 consecutive losses stop, 2.5% pause next day
Rule 11: Exit Time - [PASS]
   Expected: Prepare 16:55 IST, Hard Exit 17:00 IST
2026-06-20 12:31:23 IST - BotCore - INFO - API: Time synced. Offset: -1s
2026-06-20 12:31:24 IST - BotCore - INFO - DB: Loaded 13 trades from Cloud DB.
2026-06-20 12:31:24 IST - BotCore - INFO - Rule Compliance: 100% (11/11)
Rule 1: Entry Times - [PASS]
   Expected: 9:00, 9:30 AM IST
Rule 2: Strike Selection (IV-Based + 5 OTM) - [PASS]
   Expected: DVOL-based premium ranges, Min 5 strikes OTM, Put <= 1.30xCall, Net Delta <= 0.10
Rule 3: Lot Size (Manual + Dynamic) - [PASS]
   Expected: Manual from dashboard + DVOL/loss-based dynamic sizing
Rule 4: Stop Loss & Target - [PASS]
   Expected: 130% SL, 30% Full Target
Rule 5: Partial Profit - [PASS]
   Expected: 50% Size at 20% Profit
Rule 6: Trailing Stop Loss - [PASS]
   Expected: Breakeven after 15% Profit
Rule 7: DVOL Percentile Filter - [PASS]
   Expected: Trade only if DVOL Percentile 10%-90%
Rule 8: Smart Hedging - [PASS]
   Expected: IV-based thresholds: <45% delta>0.15, 45-55% delta>0.12, >55% delta>0.08
Rule 9: Dynamic Position Sizing - [PASS]
   Expected: DVOL 40-55% +20%, 2 losses -20%, Daily >2% -30%
Rule 10: Money Management - [PASS]
   Expected: 1.0% risk/trade, 2% daily limit, 3 consecutive losses stop, 2.5% pause next day
Rule 11: Exit Time - [PASS]
   Expected: Prepare 16:55 IST, Hard Exit 17:00 IST
2026-06-20 12:31:24 IST - BotCore - INFO - Engine: Starting Delta BTC Options Bot in PAPER mode with Capital: $10000.0
2026-06-20 12:31:24 IST - BotCore - INFO - Main: PAPER engine thread started.
2026-06-20 12:31:24 IST - BotCore - INFO - Engine: Starting Delta BTC Options Bot in LIVE mode with Capital: $10000.0
2026-06-20 12:31:24 IST - BotCore - INFO - Main: LIVE engine thread started.
2026-06-20 12:31:24 IST - BotCore - INFO - Telegram polling loop started.
2026-06-20 12:31:24 IST - BotCore - INFO - Telegram interactive bot thread started.
2026-06-20 12:31:24 IST - BotCore - INFO - Starting Web Dashboard on port 5000
2026-06-20 12:36:29 IST - BotCore - INFO - API: Time synced. Offset: -2s
2026-06-20 12:36:30 IST - BotCore - INFO - DB: Loaded 13 trades from Cloud DB.
2026-06-20 12:36:30 IST - BotCore - INFO - Rule Compliance: 100% (11/11)
Rule 1: Entry Times - [PASS]
   Expected: 9:00, 9:30 AM IST
Rule 2: Strike Selection (IV-Based + 5 OTM) - [PASS]
   Expected: DVOL-based premium ranges, Min 5 strikes OTM, Put <= 1.30xCall, Net Delta <= 0.10
Rule 3: Lot Size (Manual + Dynamic) - [PASS]
   Expected: Manual from dashboard + DVOL/loss-based dynamic sizing
Rule 4: Stop Loss & Target - [PASS]
   Expected: 130% SL, 30% Full Target
Rule 5: Partial Profit - [PASS]
   Expected: 50% Size at 20% Profit
Rule 6: Trailing Stop Loss - [PASS]
   Expected: Breakeven after 15% Profit
Rule 7: DVOL Percentile Filter - [PASS]
   Expected: Trade only if DVOL Percentile 10%-90%
Rule 8: Smart Hedging - [PASS]
   Expected: IV-based thresholds: <45% delta>0.15, 45-55% delta>0.12, >55% delta>0.08
Rule 9: Dynamic Position Sizing - [PASS]
   Expected: DVOL 40-55% +20%, 2 losses -20%, Daily >2% -30%
Rule 10: Money Management - [PASS]
   Expected: 1.0% risk/trade, 2% daily limit, 3 consecutive losses stop, 2.5% pause next day
Rule 11: Exit Time - [PASS]
   Expected: Prepare 16:55 IST, Hard Exit 17:00 IST
2026-06-20 12:36:30 IST - BotCore - INFO - API: Time synced. Offset: -3s
2026-06-20 12:36:31 IST - BotCore - INFO - DB: Loaded 13 trades from Cloud DB.
2026-06-20 12:36:31 IST - BotCore - INFO - Rule Compliance: 100% (11/11)
Rule 1: Entry Times - [PASS]
   Expected: 9:00, 9:30 AM IST
Rule 2: Strike Selection (IV-Based + 5 OTM) - [PASS]
   Expected: DVOL-based premium ranges, Min 5 strikes OTM, Put <= 1.30xCall, Net Delta <= 0.10
Rule 3: Lot Size (Manual + Dynamic) - [PASS]
   Expected: Manual from dashboard + DVOL/loss-based dynamic sizing
Rule 4: Stop Loss & Target - [PASS]
   Expected: 130% SL, 30% Full Target
Rule 5: Partial Profit - [PASS]
   Expected: 50% Size at 20% Profit
Rule 6: Trailing Stop Loss - [PASS]
   Expected: Breakeven after 15% Profit
Rule 7: DVOL Percentile Filter - [PASS]
   Expected: Trade only if DVOL Percentile 10%-90%
Rule 8: Smart Hedging - [PASS]
   Expected: IV-based thresholds: <45% delta>0.15, 45-55% delta>0.12, >55% delta>0.08
Rule 9: Dynamic Position Sizing - [PASS]
   Expected: DVOL 40-55% +20%, 2 losses -20%, Daily >2% -30%
Rule 10: Money Management - [PASS]
   Expected: 1.0% risk/trade, 2% daily limit, 3 consecutive losses stop, 2.5% pause next day
Rule 11: Exit Time - [PASS]
   Expected: Prepare 16:55 IST, Hard Exit 17:00 IST
2026-06-20 12:36:31 IST - BotCore - INFO - Engine: Starting Delta BTC Options Bot in PAPER mode with Capital: $10000.0
2026-06-20 12:36:31 IST - BotCore - INFO - Main: PAPER engine thread started.
2026-06-20 12:36:31 IST - BotCore - INFO - Engine: Starting Delta BTC Options Bot in LIVE mode with Capital: $10000.0
2026-06-20 12:36:31 IST - BotCore - INFO - Main: LIVE engine thread started.
2026-06-20 12:36:31 IST - BotCore - INFO - Telegram polling loop started.
2026-06-20 12:36:31 IST - BotCore - INFO - Telegram interactive bot thread started.
2026-06-20 12:36:31 IST - BotCore - INFO - Starting Web Dashboard on port 5000
2026-06-20 12:36:51 IST - BotCore - INFO - Engine: Scheduled daily morning entry 09:00 IST (Asia/Kolkata timezone)
2026-06-20 12:36:51 IST - BotCore - INFO - Engine: Scheduled daily morning entry 09:30 IST (Asia/Kolkata timezone)
2026-06-20 12:36:51 IST - BotCore - INFO - Engine: Scheduled daily EOD hard exit 17:00 IST (Asia/Kolkata timezone)
2026-06-20 12:36:51 IST - BotCore - INFO - Engine: Scheduled verification at 09:30/18:00 IST (Asia/Kolkata timezone)
2026-06-20 12:36:51 IST - BotCore - INFO - Engine: Scheduled daily report at 17:30 IST (Asia/Kolkata timezone)
2026-06-20 12:36:51 IST - BotCore - INFO - Engine: Starting 24/7 background Option Chain Monitor...
2026-06-20 12:36:51 IST - BotCore - INFO - WS Connection Opened
2026-06-20 12:36:51 IST - BotCore - INFO - Engine: Scheduled daily morning entry 09:00 IST (Asia/Kolkata timezone)
2026-06-20 12:36:51 IST - BotCore - INFO - WS: Subscribed to ['BTCUSD']
2026-06-20 12:36:51 IST - BotCore - INFO - Engine: Scheduled daily morning entry 09:30 IST (Asia/Kolkata timezone)
2026-06-20 12:36:51 IST - BotCore - INFO - Engine: Scheduled daily EOD hard exit 17:00 IST (Asia/Kolkata timezone)
2026-06-20 12:36:51 IST - BotCore - INFO - Engine: Scheduled verification at 09:30/18:00 IST (Asia/Kolkata timezone)
2026-06-20 12:36:51 IST - BotCore - INFO - Engine: Scheduled daily report at 17:30 IST (Asia/Kolkata timezone)
2026-06-20 12:36:51 IST - BotCore - INFO - WS Connection Opened
2026-06-20 12:36:51 IST - BotCore - INFO - WS: Subscribed to ['BTCUSD']
2026-06-20 12:36:52 IST - BotCore - INFO - Engine: Starting 24/7 background Option Chain Monitor...
2026-06-20 12:36:53 IST - BotCore - WARNING - Filter: Failed to fetch candles for ADX.
2026-06-20 12:36:53 IST - BotCore - WARNING - Filter: Failed to fetch candles for ADX.
2026-06-20 12:37:01 IST - BotCore - ERROR - Telegram startup skip error: HTTPSConnectionPool(host='api.telegram.org', port=443): Max retries exceeded with url: /bot8834324257:AAHyKLAvZL2nuYChXfQtfypJq1N5oGSpyFk/getUpdates?timeout=1&limit=100 (Caused by ConnectTimeoutError(<HTTPSConnection(host='api.telegram.org', port=443) at 0x23f0689fb10>, 'Connection to api.telegram.org timed out. (connect timeout=15)'))
2026-06-20 12:37:10 IST - BotCore - INFO - Filters: ForexFactory calendar cache updated.
2026-06-20 12:37:31 IST - BotCore - INFO - Keep-alive pinger started. Target URL: http://localhost:5000
2026-06-20 12:37:33 IST - BotCore - INFO - [KEEPALIVE] Keep-alive ping successful.
2026-06-20 12:37:43 IST - BotCore - ERROR - Telegram polling error: HTTPSConnectionPool(host='api.telegram.org', port=443): Max retries exceeded with url: /bot8834324257:AAHyKLAvZL2nuYChXfQtfypJq1N5oGSpyFk/getUpdates?timeout=30&allowed_updates=message (Caused by ConnectTimeoutError(<HTTPSConnection(host='api.telegram.org', port=443) at 0x23f37517610>, 'Connection to api.telegram.org timed out. (connect timeout=40)'))
2026-06-20 12:37:54 IST - BotCore - WARNING - Filter: Failed to fetch candles for ADX.
2026-06-20 12:37:54 IST - BotCore - WARNING - Filter: Failed to fetch candles for ADX.
2026-06-20 12:38:30 IST - BotCore - ERROR - Telegram polling error: HTTPSConnectionPool(host='api.telegram.org', port=443): Max retries exceeded with url: /bot8834324257:AAHyKLAvZL2nuYChXfQtfypJq1N5oGSpyFk/getUpdates?timeout=30&allowed_updates=message (Caused by ConnectTimeoutError(<HTTPSConnection(host='api.telegram.org', port=443) at 0x23f0689fb10>, 'Connection to api.telegram.org timed out. (connect timeout=40)'))
2026-06-20 12:38:54 IST - BotCore - WARNING - Filter: Failed to fetch candles for ADX.
2026-06-20 12:38:54 IST - BotCore - WARNING - Filter: Failed to fetch candles for ADX.
2026-06-20 12:39:12 IST - BotCore - INFO - DB: Loaded 13 trades from Cloud DB.
2026-06-20 12:39:13 IST - BotCore - INFO - DB: Loaded 13 trades from Cloud DB.
2026-06-20 12:39:17 IST - BotCore - ERROR - Telegram polling error: HTTPSConnectionPool(host='api.telegram.org', port=443): Max retries exceeded with url: /bot8834324257:AAHyKLAvZL2nuYChXfQtfypJq1N5oGSpyFk/getUpdates?timeout=30&allowed_updates=message (Caused by ConnectTimeoutError(<HTTPSConnection(host='api.telegram.org', port=443) at 0x23f37517b10>, 'Connection to api.telegram.org timed out. (connect timeout=40)'))
2026-06-20 12:39:54 IST - BotCore - WARNING - Filter: Failed to fetch candles for ADX.
2026-06-20 12:39:54 IST - BotCore - WARNING - Filter: Failed to fetch candles for ADX.
2026-06-20 12:40:04 IST - BotCore - ERROR - Telegram polling error: HTTPSConnectionPool(host='api.telegram.org', port=443): Max retries exceeded with url: /bot8834324257:AAHyKLAvZL2nuYChXfQtfypJq1N5oGSpyFk/getUpdates?timeout=30&allowed_updates=message (Caused by ConnectTimeoutError(<HTTPSConnection(host='api.telegram.org', port=443) at 0x23f069391d0>, 'Connection to api.telegram.org timed out. (connect timeout=40)'))
2026-06-20 12:40:51 IST - BotCore - ERROR - Telegram polling error: HTTPSConnectionPool(host='api.telegram.org', port=443): Max retries exceeded with url: /bot8834324257:AAHyKLAvZL2nuYChXfQtfypJq1N5oGSpyFk/getUpdates?timeout=30&allowed_updates=message (Caused by ConnectTimeoutError(<HTTPSConnection(host='api.telegram.org', port=443) at 0x23f37517b10>, 'Connection to api.telegram.org timed out. (connect timeout=40)'))
2026-06-20 12:40:54 IST - BotCore - WARNING - Filter: Failed to fetch candles for ADX.
2026-06-20 12:40:54 IST - BotCore - WARNING - Filter: Failed to fetch candles for ADX.
2026-06-20 12:41:35 IST - BotCore - INFO - [KEEPALIVE] Keep-alive ping successful.
2026-06-20 12:41:38 IST - BotCore - ERROR - Telegram polling error: HTTPSConnectionPool(host='api.telegram.org', port=443): Max retries exceeded with url: /bot8834324257:AAHyKLAvZL2nuYChXfQtfypJq1N5oGSpyFk/getUpdates?timeout=30&allowed_updates=message (Caused by ConnectTimeoutError(<HTTPSConnection(host='api.telegram.org', port=443) at 0x23f375179d0>, 'Connection to api.telegram.org timed out. (connect timeout=40)'))
2026-06-20 12:41:51 IST - BotCore - INFO - Engine Heartbeat: Monitor loop is active and running 24/7.
2026-06-20 12:41:53 IST - BotCore - INFO - Engine Heartbeat: Monitor loop is active and running 24/7.
2026-06-20 12:41:54 IST - BotCore - WARNING - Filter: Failed to fetch candles for ADX.
2026-06-20 12:41:55 IST - BotCore - WARNING - Filter: Failed to fetch candles for ADX.
2026-06-20 12:42:25 IST - BotCore - ERROR - Telegram polling error: HTTPSConnectionPool(host='api.telegram.org', port=443): Max retries exceeded with url: /bot8834324257:AAHyKLAvZL2nuYChXfQtfypJq1N5oGSpyFk/getUpdates?timeout=30&allowed_updates=message (Caused by ConnectTimeoutError(<HTTPSConnection(host='api.telegram.org', port=443) at 0x23f37517610>, 'Connection to api.telegram.org timed out. (connect timeout=40)'))
2026-06-20 12:42:54 IST - BotCore - WARNING - Filter: Failed to fetch candles for ADX.
2026-06-20 12:42:55 IST - BotCore - WARNING - Filter: Failed to fetch candles for ADX.
2026-06-20 12:43:13 IST - BotCore - ERROR - Telegram polling error: HTTPSConnectionPool(host='api.telegram.org', port=443): Max retries exceeded with url: /bot8834324257:AAHyKLAvZL2nuYChXfQtfypJq1N5oGSpyFk/getUpdates?timeout=30&allowed_updates=message (Caused by ConnectTimeoutError(<HTTPSConnection(host='api.telegram.org', port=443) at 0x23f37517b10>, 'Connection to api.telegram.org timed out. (connect timeout=40)'))
2026-06-20 12:43:55 IST - BotCore - WARNING - Filter: Failed to fetch candles for ADX.
2026-06-20 12:43:55 IST - BotCore - WARNING - Filter: Failed to fetch candles for ADX.
2026-06-20 12:44:00 IST - BotCore - ERROR - Telegram polling error: HTTPSConnectionPool(host='api.telegram.org', port=443): Max retries exceeded with url: /bot8834324257:AAHyKLAvZL2nuYChXfQtfypJq1N5oGSpyFk/getUpdates?timeout=30&allowed_updates=message (Caused by ConnectTimeoutError(<HTTPSConnection(host='api.telegram.org', port=443) at 0x23f37517ed0>, 'Connection to api.telegram.org timed out. (connect timeout=40)'))
2026-06-20 12:44:47 IST - BotCore - ERROR - Telegram polling error: HTTPSConnectionPool(host='api.telegram.org', port=443): Max retries exceeded with url: /bot8834324257:AAHyKLAvZL2nuYChXfQtfypJq1N5oGSpyFk/getUpdates?timeout=30&allowed_updates=message (Caused by ConnectTimeoutError(<HTTPSConnection(host='api.telegram.org', port=443) at 0x23f37517d90>, 'Connection to api.telegram.org timed out. (connect timeout=40)'))
2026-06-20 12:44:55 IST - BotCore - WARNING - Filter: Failed to fetch candles for ADX.
2026-06-20 12:44:55 IST - BotCore - WARNING - Filter: Failed to fetch candles for ADX.
2026-06-20 12:45:34 IST - BotCore - ERROR - Telegram polling error: HTTPSConnectionPool(host='api.telegram.org', port=443): Max retries exceeded with url: /bot8834324257:AAHyKLAvZL2nuYChXfQtfypJq1N5oGSpyFk/getUpdates?timeout=30&allowed_updates=message (Caused by ConnectTimeoutError(<HTTPSConnection(host='api.telegram.org', port=443) at 0x23f375179d0>, 'Connection to api.telegram.org timed out. (connect timeout=40)'))
2026-06-20 12:45:37 IST - BotCore - INFO - [KEEPALIVE] Keep-alive ping successful.
2026-06-20 12:45:55 IST - BotCore - WARNING - Filter: Failed to fetch candles for ADX.
2026-06-20 12:45:55 IST - BotCore - WARNING - Filter: Failed to fetch candles for ADX.
2026-06-20 12:46:21 IST - BotCore - ERROR - Telegram polling error: HTTPSConnectionPool(host='api.telegram.org', port=443): Max retries exceeded with url: /bot8834324257:AAHyKLAvZL2nuYChXfQtfypJq1N5oGSpyFk/getUpdates?timeout=30&allowed_updates=message (Caused by ConnectTimeoutError(<HTTPSConnection(host='api.telegram.org', port=443) at 0x23f37517750>, 'Connection to api.telegram.org timed out. (connect timeout=40)'))
2026-06-20 12:46:52 IST - BotCore - INFO - Engine Heartbeat: Monitor loop is active and running 24/7.
2026-06-20 12:46:54 IST - BotCore - INFO - Engine Heartbeat: Monitor loop is active and running 24/7.
2026-06-20 12:46:55 IST - BotCore - WARNING - Filter: Failed to fetch candles for ADX.
2026-06-20 12:46:56 IST - BotCore - WARNING - Filter: Failed to fetch candles for ADX.
2026-06-20 12:47:08 IST - BotCore - ERROR - Telegram polling error: HTTPSConnectionPool(host='api.telegram.org', port=443): Max retries exceeded with url: /bot8834324257:AAHyKLAvZL2nuYChXfQtfypJq1N5oGSpyFk/getUpdates?timeout=30&allowed_updates=message (Caused by ConnectTimeoutError(<HTTPSConnection(host='api.telegram.org', port=443) at 0x23f37517ed0>, 'Connection to api.telegram.org timed out. (connect timeout=40)'))
2026-06-20 12:47:55 IST - BotCore - ERROR - Telegram polling error: HTTPSConnectionPool(host='api.telegram.org', port=443): Max retries exceeded with url: /bot8834324257:AAHyKLAvZL2nuYChXfQtfypJq1N5oGSpyFk/getUpdates?timeout=30&allowed_updates=message (Caused by ConnectTimeoutError(<HTTPSConnection(host='api.telegram.org', port=443) at 0x23f069391d0>, 'Connection to api.telegram.org timed out. (connect timeout=40)'))
2026-06-20 12:47:56 IST - BotCore - WARNING - Filter: Failed to fetch candles for ADX.
2026-06-20 12:47:56 IST - BotCore - WARNING - Filter: Failed to fetch candles for ADX.
2026-06-20 12:48:42 IST - BotCore - ERROR - Telegram polling error: HTTPSConnectionPool(host='api.telegram.org', port=443): Max retries exceeded with url: /bot8834324257:AAHyKLAvZL2nuYChXfQtfypJq1N5oGSpyFk/getUpdates?timeout=30&allowed_updates=message (Caused by ConnectTimeoutError(<HTTPSConnection(host='api.telegram.org', port=443) at 0x23f375179d0>, 'Connection to api.telegram.org timed out. (connect timeout=40)'))
2026-06-20 12:48:56 IST - BotCore - WARNING - Filter: Failed to fetch candles for ADX.
2026-06-20 12:48:56 IST - BotCore - WARNING - Filter: Failed to fetch candles for ADX.
2026-06-20 12:49:29 IST - BotCore - ERROR - Telegram polling error: HTTPSConnectionPool(host='api.telegram.org', port=443): Max retries exceeded with url: /bot8834324257:AAHyKLAvZL2nuYChXfQtfypJq1N5oGSpyFk/getUpdates?timeout=30&allowed_updates=message (Caused by ConnectTimeoutError(<HTTPSConnection(host='api.telegram.org', port=443) at 0x23f0689fb10>, 'Connection to api.telegram.org timed out. (connect timeout=40)'))
2026-06-20 12:49:39 IST - BotCore - INFO - [KEEPALIVE] Keep-alive ping successful.
2026-06-20 12:49:56 IST - BotCore - WARNING - Filter: Failed to fetch candles for ADX.
2026-06-20 12:49:56 IST - BotCore - WARNING - Filter: Failed to fetch candles for ADX.
2026-06-20 12:50:16 IST - BotCore - ERROR - Telegram polling error: HTTPSConnectionPool(host='api.telegram.org', port=443): Max retries exceeded with url: /bot8834324257:AAHyKLAvZL2nuYChXfQtfypJq1N5oGSpyFk/getUpdates?timeout=30&allowed_updates=message (Caused by ConnectTimeoutError(<HTTPSConnection(host='api.telegram.org', port=443) at 0x23f37517ed0>, 'Connection to api.telegram.org timed out. (connect timeout=40)'))
2026-06-20 12:50:56 IST - BotCore - WARNING - Filter: Failed to fetch candles for ADX.
2026-06-20 12:50:56 IST - BotCore - WARNING - Filter: Failed to fetch candles for ADX.
2026-06-20 12:51:03 IST - BotCore - ERROR - Telegram polling error: HTTPSConnectionPool(host='api.telegram.org', port=443): Max retries exceeded with url: /bot8834324257:AAHyKLAvZL2nuYChXfQtfypJq1N5oGSpyFk/getUpdates?timeout=30&allowed_updates=message (Caused by ConnectTimeoutError(<HTTPSConnection(host='api.telegram.org', port=443) at 0x23f069391d0>, 'Connection to api.telegram.org timed out. (connect timeout=40)'))
2026-06-20 12:51:50 IST - BotCore - ERROR - Telegram polling error: HTTPSConnectionPool(host='api.telegram.org', port=443): Max retries exceeded with url: /bot8834324257:AAHyKLAvZL2nuYChXfQtfypJq1N5oGSpyFk/getUpdates?timeout=30&allowed_updates=message (Caused by ConnectTimeoutError(<HTTPSConnection(host='api.telegram.org', port=443) at 0x23f37517ed0>, 'Connection to api.telegram.org timed out. (connect timeout=40)'))
2026-06-20 12:51:53 IST - BotCore - INFO - Engine Heartbeat: Monitor loop is active and running 24/7.
2026-06-20 12:51:55 IST - BotCore - INFO - Engine Heartbeat: Monitor loop is active and running 24/7.
2026-06-20 12:51:56 IST - BotCore - WARNING - Filter: Failed to fetch candles for ADX.
2026-06-20 12:51:56 IST - BotCore - WARNING - Filter: Failed to fetch candles for ADX.
2026-06-20 12:52:37 IST - BotCore - ERROR - Telegram polling error: HTTPSConnectionPool(host='api.telegram.org', port=443): Max retries exceeded with url: /bot8834324257:AAHyKLAvZL2nuYChXfQtfypJq1N5oGSpyFk/getUpdates?timeout=30&allowed_updates=message (Caused by ConnectTimeoutError(<HTTPSConnection(host='api.telegram.org', port=443) at 0x23f0689fb10>, 'Connection to api.telegram.org timed out. (connect timeout=40)'))
2026-06-20 12:52:56 IST - BotCore - WARNING - Filter: Failed to fetch candles for ADX.
2026-06-20 12:52:57 IST - BotCore - WARNING - Filter: Failed to fetch candles for ADX.
2026-06-20 12:53:25 IST - BotCore - ERROR - Telegram polling error: HTTPSConnectionPool(host='api.telegram.org', port=443): Max retries exceeded with url: /bot8834324257:AAHyKLAvZL2nuYChXfQtfypJq1N5oGSpyFk/getUpdates?timeout=30&allowed_updates=message (Caused by ConnectTimeoutError(<HTTPSConnection(host='api.telegram.org', port=443) at 0x23f37517ed0>, 'Connection to api.telegram.org timed out. (connect timeout=40)'))
2026-06-20 12:53:41 IST - BotCore - INFO - [KEEPALIVE] Keep-alive ping successful.
2026-06-20 12:53:57 IST - BotCore - WARNING - Filter: Failed to fetch candles for ADX.
2026-06-20 12:53:57 IST - BotCore - WARNING - Filter: Failed to fetch candles for ADX.
2026-06-20 12:54:12 IST - BotCore - ERROR - Telegram polling error: HTTPSConnectionPool(host='api.telegram.org', port=443): Max retries exceeded with url: /bot8834324257:AAHyKLAvZL2nuYChXfQtfypJq1N5oGSpyFk/getUpdates?timeout=30&allowed_updates=message (Caused by ConnectTimeoutError(<HTTPSConnection(host='api.telegram.org', port=443) at 0x23f0689fb10>, 'Connection to api.telegram.org timed out. (connect timeout=40)'))
2026-06-20 12:54:57 IST - BotCore - WARNING - Filter: Failed to fetch candles for ADX.
2026-06-20 12:54:57 IST - BotCore - WARNING - Filter: Failed to fetch candles for ADX.
2026-06-20 12:54:59 IST - BotCore - ERROR - Telegram polling error: HTTPSConnectionPool(host='api.telegram.org', port=443): Max retries exceeded with url: /bot8834324257:AAHyKLAvZL2nuYChXfQtfypJq1N5oGSpyFk/getUpdates?timeout=30&allowed_updates=message (Caused by ConnectTimeoutError(<HTTPSConnection(host='api.telegram.org', port=443) at 0x23f37517ed0>, 'Connection to api.telegram.org timed out. (connect timeout=40)'))
2026-06-20 12:55:46 IST - BotCore - ERROR - Telegram polling error: HTTPSConnectionPool(host='api.telegram.org', port=443): Max retries exceeded with url: /bot8834324257:AAHyKLAvZL2nuYChXfQtfypJq1N5oGSpyFk/getUpdates?timeout=30&allowed_updates=message (Caused by ConnectTimeoutError(<HTTPSConnection(host='api.telegram.org', port=443) at 0x23f0689fb10>, 'Connection to api.telegram.org timed out. (connect timeout=40)'))
2026-06-20 12:55:57 IST - BotCore - WARNING - Filter: Failed to fetch candles for ADX.
2026-06-20 12:55:57 IST - BotCore - WARNING - Filter: Failed to fetch candles for ADX.
2026-06-20 12:56:33 IST - BotCore - ERROR - Telegram polling error: HTTPSConnectionPool(host='api.telegram.org', port=443): Max retries exceeded with url: /bot8834324257:AAHyKLAvZL2nuYChXfQtfypJq1N5oGSpyFk/getUpdates?timeout=30&allowed_updates=message (Caused by ConnectTimeoutError(<HTTPSConnection(host='api.telegram.org', port=443) at 0x23f069391d0>, 'Connection to api.telegram.org timed out. (connect timeout=40)'))
2026-06-20 12:56:54 IST - BotCore - INFO - Engine Heartbeat: Monitor loop is active and running 24/7.
2026-06-20 12:56:56 IST - BotCore - INFO - Engine Heartbeat: Monitor loop is active and running 24/7.
2026-06-20 12:56:57 IST - BotCore - WARNING - Filter: Failed to fetch candles for ADX.
2026-06-20 12:56:57 IST - BotCore - WARNING - Filter: Failed to fetch candles for ADX.
2026-06-20 12:57:20 IST - BotCore - ERROR - Telegram polling error: HTTPSConnectionPool(host='api.telegram.org', port=443): Max retries exceeded with url: /bot8834324257:AAHyKLAvZL2nuYChXfQtfypJq1N5oGSpyFk/getUpdates?timeout=30&allowed_updates=message (Caused by ConnectTimeoutError(<HTTPSConnection(host='api.telegram.org', port=443) at 0x23f37517ed0>, 'Connection to api.telegram.org timed out. (connect timeout=40)'))
2026-06-20 12:57:43 IST - BotCore - INFO - [KEEPALIVE] Keep-alive ping successful.
2026-06-20 12:57:57 IST - BotCore - WARNING - Filter: Failed to fetch candles for ADX.
2026-06-20 12:57:58 IST - BotCore - WARNING - Filter: Failed to fetch candles for ADX.
2026-06-20 12:58:07 IST - BotCore - ERROR - Telegram polling error: HTTPSConnectionPool(host='api.telegram.org', port=443): Max retries exceeded with url: /bot8834324257:AAHyKLAvZL2nuYChXfQtfypJq1N5oGSpyFk/getUpdates?timeout=30&allowed_updates=message (Caused by ConnectTimeoutError(<HTTPSConnection(host='api.telegram.org', port=443) at 0x23f0689fb10>, 'Connection to api.telegram.org timed out. (connect timeout=40)'))
2026-06-20 12:58:54 IST - BotCore - ERROR - Telegram polling error: HTTPSConnectionPool(host='api.telegram.org', port=443): Max retries exceeded with url: /bot8834324257:AAHyKLAvZL2nuYChXfQtfypJq1N5oGSpyFk/getUpdates?timeout=30&allowed_updates=message (Caused by ConnectTimeoutError(<HTTPSConnection(host='api.telegram.org', port=443) at 0x23f37517ed0>, 'Connection to api.telegram.org timed out. (connect timeout=40)'))
2026-06-20 12:58:58 IST - BotCore - WARNING - Filter: Failed to fetch candles for ADX.
2026-06-20 12:58:58 IST - BotCore - WARNING - Filter: Failed to fetch candles for ADX.
2026-06-20 12:59:41 IST - BotCore - ERROR - Telegram polling error: HTTPSConnectionPool(host='api.telegram.org', port=443): Max retries exceeded with url: /bot8834324257:AAHyKLAvZL2nuYChXfQtfypJq1N5oGSpyFk/getUpdates?timeout=30&allowed_updates=message (Caused by ConnectTimeoutError(<HTTPSConnection(host='api.telegram.org', port=443) at 0x23f069391d0>, 'Connection to api.telegram.org timed out. (connect timeout=40)'))
2026-06-20 12:59:58 IST - BotCore - WARNING - Filter: Failed to fetch candles for ADX.
2026-06-20 12:59:58 IST - BotCore - WARNING - Filter: Failed to fetch candles for ADX.
2026-06-20 16:36:21 IST - BotCore - INFO - Hedge: Cached entry premiums: {'C-BTC-65000-210626': 45.0, 'P-BTC-61000-210626': 40.0}
2026-06-20 16:36:21 IST - BotCore - INFO - Hedge: CALL bleeding 6.7% ($0.03 loss) | Put bleed: 0.0%
2026-06-20 16:36:21 IST - BotCore - INFO - Hedge: call bleeding 6.7% — below trigger (12%). Total loss: 1.2%. Monitoring...
2026-06-20 16:36:21 IST - BotCore - INFO - Hedge: CALL bleeding 17.8% ($0.08 loss) | Put bleed: 0.0%
2026-06-20 16:36:21 IST - BotCore - INFO - Hedge: TRIGGER! CALL bleeding 17.8% >= 12% threshold. Loss: $0.08. Opening hedge...
2026-06-20 16:36:21 IST - BotCore - INFO - Hedge: Sizing — net_delta_exposure=0.0030 BTC | factor=50% | hedge_size=0.0015 BTC
2026-06-20 16:36:21 IST - BotCore - INFO - Hedge [INITIAL]: BUY 0.0015 BTC @ $63,500.00 | Avg entry: $63,500.00 | ID: PAPER-HEDGE-71052
2026-06-20 16:36:21 IST - BotCore - INFO - Hedge: CALL bleeding 37.8% ($0.17 loss) | Put bleed: 0.0%
2026-06-20 16:36:21 IST - BotCore - INFO - Hedge: New peak P&L: $0.75
2026-06-20 16:36:21 IST - BotCore - INFO - Hedge: Sizing — net_delta_exposure=0.0030 BTC | factor=50% | hedge_size=0.0015 BTC
2026-06-20 16:36:21 IST - BotCore - INFO - Hedge [ESCALATE]: BUY 0.0015 BTC @ $64,000.00 | Avg entry: $63,750.00 | ID: PAPER-HEDGE-79826
2026-06-20 16:36:21 IST - BotCore - INFO - Hedge: ESCALATED from 50% to 100%. Total size: 0.0030 BTC
2026-06-20 16:36:21 IST - BotCore - INFO - Hedge: CALL bleeding 60.0% ($0.27 loss) | Put bleed: 0.0%
2026-06-20 16:36:21 IST - BotCore - INFO - Hedge: New peak P&L: $2.25
2026-06-20 16:36:21 IST - BotCore - INFO - Hedge: Active (call hedge). P&L: $+2.25 | Peak: $2.25 | Size: 0.0030 BTC | Bleed: call=60.0%
2026-06-20 16:36:21 IST - BotCore - INFO - Hedge: CALL bleeding 88.9% ($0.40 loss) | Put bleed: 0.0%
2026-06-20 16:36:21 IST - BotCore - INFO - Hedge: New peak P&L: $3.75
2026-06-20 16:36:21 IST - BotCore - INFO - Hedge: Active (call hedge). P&L: $+3.75 | Peak: $3.75 | Size: 0.0030 BTC | Bleed: call=88.9%
2026-06-20 16:36:21 IST - BotCore - INFO - Hedge: CALL bleeding 117.8% ($0.53 loss) | Put bleed: 0.0%
2026-06-20 16:36:21 IST - BotCore - INFO - Hedge: New peak P&L: $5.25
2026-06-20 16:36:21 IST - BotCore - INFO - Hedge: Active (call hedge). P&L: $+5.25 | Peak: $5.25 | Size: 0.0030 BTC | Bleed: call=117.8%
2026-06-20 16:36:21 IST - BotCore - INFO - Hedge: CALL bleeding 148.9% ($0.67 loss) | Put bleed: 0.0%
2026-06-20 16:36:21 IST - BotCore - INFO - Hedge: New peak P&L: $6.75
2026-06-20 16:36:21 IST - BotCore - INFO - Hedge: Active (call hedge). P&L: $+6.75 | Peak: $6.75 | Size: 0.0030 BTC | Bleed: call=148.9%
2026-06-20 16:36:21 IST - BotCore - INFO - Hedge: Closing hedge. Final P&L: $+6.75
2026-06-20 16:36:21 IST - BotCore - INFO - Hedge: Smart hedge state fully reset.
2026-06-20 16:36:21 IST - BotCore - INFO - Hedge: Cached entry premiums: {'C-BTC-65000-210626': 45.0, 'P-BTC-61000-210626': 40.0}
2026-06-20 16:36:21 IST - BotCore - INFO - Hedge: PUT bleeding 5.0% ($0.02 loss) | Call bleed: 0.0%
2026-06-20 16:36:21 IST - BotCore - INFO - Hedge: put bleeding 5.0% — below trigger (12%). Total loss: 0.0%. Monitoring...
2026-06-20 16:36:21 IST - BotCore - INFO - Hedge: PUT bleeding 17.5% ($0.07 loss) | Call bleed: 0.0%
2026-06-20 16:36:21 IST - BotCore - INFO - Hedge: TRIGGER! PUT bleeding 17.5% >= 12% threshold. Loss: $0.07. Opening hedge...
2026-06-20 16:36:21 IST - BotCore - INFO - Hedge: Sizing — net_delta_exposure=0.0030 BTC | factor=50% | hedge_size=0.0015 BTC
2026-06-20 16:36:21 IST - BotCore - INFO - Hedge [INITIAL]: SELL 0.0015 BTC @ $62,500.00 | Avg entry: $62,500.00 | ID: PAPER-HEDGE-84252
2026-06-20 16:36:21 IST - BotCore - INFO - Hedge: PUT bleeding 37.5% ($0.15 loss) | Call bleed: 0.0%
2026-06-20 16:36:21 IST - BotCore - INFO - Hedge: New peak P&L: $0.75
2026-06-20 16:36:21 IST - BotCore - INFO - Hedge: Sizing — net_delta_exposure=0.0030 BTC | factor=50% | hedge_size=0.0015 BTC
2026-06-20 16:36:21 IST - BotCore - INFO - Hedge [ESCALATE]: SELL 0.0015 BTC @ $62,000.00 | Avg entry: $62,250.00 | ID: PAPER-HEDGE-15859
2026-06-20 16:36:21 IST - BotCore - INFO - Hedge: ESCALATED from 50% to 100%. Total size: 0.0030 BTC
2026-06-20 16:36:21 IST - BotCore - INFO - Hedge: PUT bleeding 62.5% ($0.25 loss) | Call bleed: 0.0%
2026-06-20 16:36:21 IST - BotCore - INFO - Hedge: New peak P&L: $2.25
2026-06-20 16:36:21 IST - BotCore - INFO - Hedge: Active (put hedge). P&L: $+2.25 | Peak: $2.25 | Size: 0.0030 BTC | Bleed: put=62.5%
2026-06-20 16:36:21 IST - BotCore - INFO - Hedge: PUT bleeding 95.0% ($0.38 loss) | Call bleed: 0.0%
2026-06-20 16:36:21 IST - BotCore - INFO - Hedge: New peak P&L: $3.75
2026-06-20 16:36:21 IST - BotCore - INFO - Hedge: Active (put hedge). P&L: $+3.75 | Peak: $3.75 | Size: 0.0030 BTC | Bleed: put=95.0%
2026-06-20 16:36:21 IST - BotCore - INFO - Hedge: PUT bleeding 130.0% ($0.52 loss) | Call bleed: 0.0%
2026-06-20 16:36:21 IST - BotCore - INFO - Hedge: New peak P&L: $5.25
2026-06-20 16:36:21 IST - BotCore - INFO - Hedge: Active (put hedge). P&L: $+5.25 | Peak: $5.25 | Size: 0.0030 BTC | Bleed: put=130.0%
2026-06-20 16:36:21 IST - BotCore - INFO - Hedge: PUT bleeding 170.0% ($0.68 loss) | Call bleed: 0.0%
2026-06-20 16:36:21 IST - BotCore - INFO - Hedge: New peak P&L: $6.75
2026-06-20 16:36:21 IST - BotCore - INFO - Hedge: Active (put hedge). P&L: $+6.75 | Peak: $6.75 | Size: 0.0030 BTC | Bleed: put=170.0%
2026-06-20 16:36:21 IST - BotCore - INFO - Hedge: Closing hedge. Final P&L: $+6.75
2026-06-20 16:36:21 IST - BotCore - INFO - Hedge: Smart hedge state fully reset.
2026-06-20 16:36:21 IST - BotCore - INFO - Hedge: Cached entry premiums: {'C-BTC-65000-210626': 45.0, 'P-BTC-61000-210626': 40.0}
2026-06-20 16:36:21 IST - BotCore - INFO - Hedge: CALL bleeding 11.1% ($0.05 loss) | Put bleed: 0.0%
2026-06-20 16:36:21 IST - BotCore - INFO - Hedge: call bleeding 11.1% — below trigger (12%). Total loss: 2.4%. Monitoring...
2026-06-20 16:36:21 IST - BotCore - INFO - Hedge: CALL bleeding 28.9% ($0.13 loss) | Put bleed: 0.0%
2026-06-20 16:36:21 IST - BotCore - INFO - Hedge: TRIGGER! CALL bleeding 28.9% >= 12% threshold. Loss: $0.13. Opening hedge...
2026-06-20 16:36:21 IST - BotCore - INFO - Hedge: Sizing — net_delta_exposure=0.0030 BTC | factor=100% | hedge_size=0.0030 BTC
2026-06-20 16:36:21 IST - BotCore - INFO - Hedge [FULL]: BUY 0.0030 BTC @ $63,800.00 | Avg entry: $63,800.00 | ID: PAPER-HEDGE-45437
2026-06-20 16:36:21 IST - BotCore - INFO - Hedge: CALL bleeding 55.6% ($0.25 loss) | Put bleed: 0.0%
2026-06-20 16:36:21 IST - BotCore - INFO - Hedge: New peak P&L: $2.10
2026-06-20 16:36:21 IST - BotCore - INFO - Hedge: Active (call hedge). P&L: $+2.10 | Peak: $2.10 | Size: 0.0030 BTC | Bleed: call=55.6%
2026-06-20 16:36:21 IST - BotCore - INFO - Hedge: CALL bleeding 82.2% ($0.37 loss) | Put bleed: 0.0%
2026-06-20 16:36:21 IST - BotCore - INFO - Hedge: New peak P&L: $3.60
2026-06-20 16:36:21 IST - BotCore - INFO - Hedge: Active (call hedge). P&L: $+3.60 | Peak: $3.60 | Size: 0.0030 BTC | Bleed: call=82.2%
2026-06-20 16:36:21 IST - BotCore - INFO - Hedge: CALL bleeding 60.0% ($0.27 loss) | Put bleed: 0.0%
2026-06-20 16:36:21 IST - BotCore - INFO - Hedge: Active (call hedge). P&L: $+2.10 | Peak: $3.60 | Size: 0.0030 BTC | Bleed: call=60.0%
2026-06-20 16:36:21 IST - BotCore - INFO - Hedge: CALL bleeding 33.3% ($0.15 loss) | Put bleed: 0.0%
2026-06-20 16:36:21 IST - BotCore - INFO - Hedge: TRAILING BREAKEVEN triggered! Peak was $3.60, now $0.00 <= $0.30. Closing at breakeven.
2026-06-20 16:36:21 IST - BotCore - INFO - Hedge: Closing hedge. Final P&L: $+0.00
2026-06-20 16:36:21 IST - BotCore - INFO - Hedge: Smart hedge state fully reset.
2026-06-20 16:36:21 IST - BotCore - INFO - Hedge: PUT bleeding 30.0% ($0.12 loss) | Call bleed: 6.7%
2026-06-20 16:36:21 IST - BotCore - INFO - Hedge: TRIGGER! PUT bleeding 30.0% >= 12% threshold. Loss: $0.12. Opening hedge...
2026-06-20 16:36:21 IST - BotCore - INFO - Hedge: Sizing — net_delta_exposure=0.0030 BTC | factor=100% | hedge_size=0.0030 BTC
2026-06-20 16:36:21 IST - BotCore - INFO - Hedge [FULL]: SELL 0.0030 BTC @ $63,000.00 | Avg entry: $63,000.00 | ID: PAPER-HEDGE-40220
2026-06-20 16:36:21 IST - BotCore - INFO - Hedge: PUT bleeding 62.5% ($0.25 loss) | Call bleed: 0.0%
2026-06-20 16:36:21 IST - BotCore - INFO - Hedge: New peak P&L: $1.50
2026-06-20 16:36:21 IST - BotCore - INFO - Hedge: Active (put hedge). P&L: $+1.50 | Peak: $1.50 | Size: 0.0030 BTC | Bleed: put=62.5%
2026-06-20 16:36:21 IST - BotCore - INFO - Hedge: Closing hedge. Final P&L: $+1.50
2026-06-20 16:36:21 IST - BotCore - INFO - Hedge: Smart hedge state fully reset.
2026-06-20 16:36:21 IST - BotCore - INFO - Hedge: Cached entry premiums: {'C-BTC-65000-210626': 45.0, 'P-BTC-61000-210626': 40.0}
2026-06-20 16:36:21 IST - BotCore - INFO - Hedge: CALL bleeding 1.1% ($0.01 loss) | Put bleed: 0.0%
2026-06-20 16:36:21 IST - BotCore - INFO - Hedge: call bleeding 1.1% — below trigger (12%). Total loss: 0.0%. Monitoring...
2026-06-20 16:36:21 IST - BotCore - INFO - Hedge: CALL bleeding 0.4% ($0.00 loss) | Put bleed: 0.0%
2026-06-20 16:36:21 IST - BotCore - INFO - Hedge: call bleeding 0.4% — below trigger (12%). Total loss: 0.0%. Monitoring...
2026-06-20 16:36:21 IST - BotCore - INFO - Hedge: CALL bleeding 1.8% ($0.01 loss) | Put bleed: 0.0%
2026-06-20 16:36:21 IST - BotCore - INFO - Hedge: call bleeding 1.8% — below trigger (12%). Total loss: 0.0%. Monitoring...
2026-06-20 16:36:21 IST - BotCore - INFO - Hedge: PUT bleeding 0.5% ($0.00 loss) | Call bleed: 0.0%
2026-06-20 16:36:21 IST - BotCore - INFO - Hedge: put bleeding 0.5% — below trigger (12%). Total loss: 0.0%. Monitoring...
2026-06-20 16:36:21 IST - BotCore - INFO - Hedge: CALL bleeding 0.2% ($0.00 loss) | Put bleed: 0.0%
2026-06-20 16:36:21 IST - BotCore - INFO - Hedge: call bleeding 0.2% — below trigger (12%). Total loss: 0.0%. Monitoring...
2026-06-20 16:36:21 IST - BotCore - INFO - Hedge: PUT bleeding 0.3% ($0.00 loss) | Call bleed: 0.0%
2026-06-20 16:36:21 IST - BotCore - INFO - Hedge: put bleeding 0.3% — below trigger (12%). Total loss: 0.0%. Monitoring...
2026-06-20 16:36:21 IST - BotCore - INFO - Hedge: No bleeding detected. Total loss: 0.0%. Market stable.
2026-06-20 16:36:21 IST - BotCore - INFO - Hedge: Closing all smart hedge positions...
2026-06-20 16:36:21 IST - BotCore - INFO - Hedge: Smart hedge state fully reset.
2026-06-20 16:36:21 IST - BotCore - INFO - Hedge: Cached entry premiums: {'C-BTC-65000-210626': 45.0, 'P-BTC-61000-210626': 40.0}
2026-06-20 16:36:21 IST - BotCore - INFO - Hedge: CALL bleeding 2.2% ($0.01 loss) | Put bleed: 0.0%
2026-06-20 16:36:21 IST - BotCore - INFO - Hedge: call bleeding 2.2% — below trigger (12%). Total loss: 0.6%. Monitoring...
2026-06-20 16:36:21 IST - BotCore - INFO - Hedge: CALL bleeding 4.4% ($0.02 loss) | Put bleed: 0.0%
2026-06-20 16:36:21 IST - BotCore - INFO - Hedge: call bleeding 4.4% — below trigger (12%). Total loss: 1.2%. Monitoring...
2026-06-20 16:36:21 IST - BotCore - INFO - Hedge: CALL bleeding 7.8% ($0.04 loss) | Put bleed: 0.0%
2026-06-20 16:36:21 IST - BotCore - INFO - Hedge: call bleeding 7.8% — below trigger (12%). Total loss: 2.4%. Monitoring...
2026-06-20 16:36:21 IST - BotCore - INFO - Hedge: CALL bleeding 11.1% ($0.05 loss) | Put bleed: 0.0%
2026-06-20 16:36:21 IST - BotCore - INFO - Hedge: call bleeding 11.1% — below trigger (12%). Total loss: 3.5%. Monitoring...
2026-06-20 16:36:21 IST - BotCore - INFO - Hedge: CALL bleeding 14.4% ($0.07 loss) | Put bleed: 0.0%
2026-06-20 16:36:21 IST - BotCore - INFO - Hedge: TRIGGER! CALL bleeding 14.4% >= 12% threshold. Loss: $0.07. Opening hedge...
2026-06-20 16:36:21 IST - BotCore - INFO - Hedge: Sizing — net_delta_exposure=0.0030 BTC | factor=50% | hedge_size=0.0015 BTC
2026-06-20 16:36:21 IST - BotCore - INFO - Hedge [INITIAL]: BUY 0.0015 BTC @ $63,500.00 | Avg entry: $63,500.00 | ID: PAPER-HEDGE-28535
2026-06-20 16:36:21 IST - BotCore - INFO - Hedge: CALL bleeding 17.8% ($0.08 loss) | Put bleed: 0.0%
2026-06-20 16:36:21 IST - BotCore - INFO - Hedge: New peak P&L: $0.15
2026-06-20 16:36:21 IST - BotCore - INFO - Hedge: Active (call hedge). P&L: $+0.15 | Peak: $0.15 | Size: 0.0015 BTC | Bleed: call=17.8%
2026-06-20 16:36:21 IST - BotCore - INFO - Hedge: CALL bleeding 22.2% ($0.10 loss) | Put bleed: 0.0%
2026-06-20 16:36:21 IST - BotCore - INFO - Hedge: New peak P&L: $0.30
2026-06-20 16:36:21 IST - BotCore - INFO - Hedge: Active (call hedge). P&L: $+0.30 | Peak: $0.30 | Size: 0.0015 BTC | Bleed: call=22.2%
2026-06-20 16:36:21 IST - BotCore - INFO - Hedge: CALL bleeding 26.7% ($0.12 loss) | Put bleed: 0.0%
2026-06-20 16:36:21 IST - BotCore - INFO - Hedge: New peak P&L: $0.45
2026-06-20 16:36:21 IST - BotCore - INFO - Hedge: Sizing — net_delta_exposure=0.0030 BTC | factor=50% | hedge_size=0.0015 BTC
2026-06-20 16:36:21 IST - BotCore - INFO - Hedge [ESCALATE]: BUY 0.0015 BTC @ $63,800.00 | Avg entry: $63,650.00 | ID: PAPER-HEDGE-58797
2026-06-20 16:36:21 IST - BotCore - INFO - Hedge: ESCALATED from 50% to 100%. Total size: 0.0030 BTC
2026-06-20 16:36:21 IST - BotCore - INFO - Hedge: CALL bleeding 31.1% ($0.14 loss) | Put bleed: 0.0%
2026-06-20 16:36:21 IST - BotCore - INFO - Hedge: New peak P&L: $0.75
2026-06-20 16:36:21 IST - BotCore - INFO - Hedge: Active (call hedge). P&L: $+0.75 | Peak: $0.75 | Size: 0.0030 BTC | Bleed: call=31.1%
2026-06-20 16:36:21 IST - BotCore - INFO - Hedge: CALL bleeding 35.6% ($0.16 loss) | Put bleed: 0.0%
2026-06-20 16:36:21 IST - BotCore - INFO - Hedge: New peak P&L: $1.05
2026-06-20 16:36:21 IST - BotCore - INFO - Hedge: Active (call hedge). P&L: $+1.05 | Peak: $1.05 | Size: 0.0030 BTC | Bleed: call=35.6%
2026-06-20 16:36:21 IST - BotCore - INFO - Hedge: Closing hedge. Final P&L: $+1.05
2026-06-20 16:36:21 IST - BotCore - INFO - Hedge: Smart hedge state fully reset.
2026-06-20 16:57:24 IST - BotCore - INFO - DB: Connected to Cloud DB via permanent hardcoded ID.
2026-06-20 16:57:25 IST - BotCore - INFO - DB: Successfully synced to Cloud DB.
2026-06-20 16:57:26 IST - BotCore - INFO - DB: Loaded 0 trades from Cloud DB.
2026-06-20 16:57:45 IST - BotCore - INFO - DB: Connected to Cloud DB via permanent hardcoded ID.
2026-06-20 16:57:46 IST - BotCore - INFO - DB: Successfully synced to Cloud DB.
2026-06-20 16:57:53 IST - BotCore - INFO - DB: Connected to Cloud DB via permanent hardcoded ID.
2026-06-20 16:57:53 IST - BotCore - INFO - DB: Loaded 11 trades from Cloud DB.
2026-06-20 16:59:45 IST - BotCore - INFO - DB: Connected to Cloud DB via permanent hardcoded ID.
2026-06-20 16:59:45 IST - BotCore - INFO - DB: Loaded 11 trades from Cloud DB.
2026-06-20 16:59:54 IST - BotCore - INFO - DB: Connected to Cloud DB via permanent hardcoded ID.
2026-06-20 16:59:55 IST - BotCore - INFO - DB: Loaded 11 trades from Cloud DB.
2026-06-20 17:00:03 IST - BotCore - INFO - DB: Connected to Cloud DB via permanent hardcoded ID.
2026-06-20 17:00:03 IST - BotCore - INFO - DB: Loaded 11 trades from Cloud DB.
2026-06-20 17:01:19 IST - BotCore - INFO - DB: Connected to Cloud DB via permanent hardcoded ID.
2026-06-20 17:01:20 IST - BotCore - INFO - DB: Loaded 11 trades from Cloud DB.
2026-06-20 17:01:21 IST - BotCore - INFO - DB: Successfully synced to Cloud DB.
2026-06-20 17:13:36 IST - BotCore - INFO - DB: Connected to Cloud DB via permanent hardcoded ID.
2026-06-20 17:13:37 IST - BotCore - ERROR - DB: Failed to load from Cloud (HTTP 404)
2026-06-20 17:21:22 IST - BotCore - INFO - DB: Connected to Cloud DB (Blob: ...f8cefdb1)
2026-06-20 17:21:22 IST - BotCore - INFO - DB: Keep-alive thread started (pings every 12h).
2026-06-20 17:21:22 IST - BotCore - INFO - DB: Loaded 12 trades from Cloud DB.
2026-06-20 17:21:39 IST - BotCore - INFO - DB: Connected to Cloud DB (Blob: ...f8cefdb1)
2026-06-20 17:21:39 IST - BotCore - INFO - DB: Keep-alive thread started (pings every 12h).
2026-06-20 17:21:40 IST - BotCore - INFO - DB: Loaded 12 trades from Cloud DB.
2026-06-20 17:29:20 IST - BotCore - INFO - DB: Connected to Cloud DB (Blob: ...f8cefdb1)
2026-06-20 17:29:20 IST - BotCore - INFO - DB: Keep-alive thread started (pings every 12h).
2026-06-20 17:29:21 IST - BotCore - INFO - DB: Loaded 12 trades from Cloud DB.
2026-06-20 17:29:22 IST - BotCore - INFO - DB: Successfully synced to Cloud DB.
2026-06-20 17:33:36 IST - BotCore - INFO - DB: Connected to Cloud DB (Blob: ...f8cefdb1)
2026-06-20 17:33:36 IST - BotCore - INFO - DB: Keep-alive thread started (pings every 12h).
2026-06-20 17:33:36 IST - BotCore - INFO - DB: Loaded 12 trades from Cloud DB.
2026-06-20 17:53:02 IST - BotCore - INFO - DB: Connected to Cloud DB (Blob: ...f8cefdb1)
2026-06-20 17:53:02 IST - BotCore - INFO - DB: Keep-alive thread started (pings every 12h).
2026-06-20 17:53:02 IST - BotCore - INFO - DB: Loaded 12 trades from Cloud DB.
2026-06-20 17:53:03 IST - BotCore - INFO - DB: Successfully synced to Cloud DB.
2026-06-20 17:53:03 IST - BotCore - INFO - Tracker: Trade logged [Cloud DB + Local JSON] -> TAKE_PROFIT_ALL | PnL: $6.10
2026-06-20 17:53:04 IST - BotCore - INFO - DB: Loaded 13 trades from Cloud DB.
2026-06-20 17:53:05 IST - BotCore - INFO - DB: Loaded 13 trades from Cloud DB.
2026-06-20 17:56:32 IST - BotCore - INFO - DB: Connected to Cloud DB (Blob: ...f8cefdb1)
2026-06-20 17:56:32 IST - BotCore - INFO - DB: Keep-alive thread started (pings every 12h).
2026-06-20 17:56:33 IST - BotCore - INFO - DB: Loaded 13 trades from Cloud DB.
2026-06-20 17:56:34 IST - BotCore - INFO - DB: Successfully synced to Cloud DB.
2026-06-21 21:11:06 IST - BotCore - INFO - DB: Connected to Cloud DB (Blob: ...f8cefdb1)
2026-06-21 21:11:06 IST - BotCore - INFO - DB: Keep-alive thread started (pings every 12h).
2026-06-21 21:11:16 IST - BotCore - ERROR - DB: Exception loading from Cloud: HTTPSConnectionPool(host='jsonblob.com', port=443): Read timed out. (read timeout=10)
2026-06-22 22:24:00 IST - BotCore - INFO - API: Time synced. Offset: -3s
2026-06-22 22:56:15 IST - BotCore - INFO - API: Time synced. Offset: -2s
2026-06-22 22:56:15 IST - BotCore - INFO - DB: Connected to Cloud DB (Blob: ...f8cefdb1)
2026-06-22 22:56:15 IST - BotCore - INFO - DB: Keep-alive thread started (pings every 12h).
2026-06-22 22:56:25 IST - BotCore - ERROR - DB: Exception loading from Cloud: HTTPSConnectionPool(host='jsonblob.com', port=443): Read timed out. (read timeout=10)
2026-06-22 22:56:25 IST - BotCore - INFO - Rule Compliance: 100% (11/11)
Rule 1: Entry Times - [PASS]
   Expected: 9:00, 9:30 AM IST
Rule 2: Strike Selection (IV-Based + 5 OTM) - [PASS]
   Expected: DVOL-based premium ranges, Min 5 strikes OTM, Put <= 1.30xCall, Net Delta <= 0.10
Rule 3: Lot Size (Manual + Dynamic) - [PASS]
   Expected: Manual from dashboard + DVOL/loss-based dynamic sizing
Rule 4: Stop Loss & Target - [PASS]
   Expected: Single-Leg 130% SL, 30% Full Target
Rule 5: Partial Profit - [PASS]
   Expected: 50% Size at 20% Profit
Rule 6: Trailing Stop Loss - [PASS]
   Expected: Breakeven after 15% Profit
Rule 7: DVOL Percentile Filter - [PASS]
   Expected: Trade only if DVOL Percentile 10%-90%
Rule 8: Smart Hedging - [PASS]
   Expected: Premium-based: 12% Bleed (50%), 25% Bleed (100%), Delta-Weighted
Rule 9: Dynamic Position Sizing - [PASS]
   Expected: DVOL 40-55% +20%, 2 losses -20%, Daily >2% -30%
Rule 10: Money Management - [PASS]
   Expected: 1.0% risk/trade, 2% daily limit, 3 consecutive losses stop, 2.5% pause next day
Rule 11: Exit Time - [PASS]
   Expected: Prepare 16:55 IST, Hard Exit 17:00 IST
2026-06-22 22:56:25 IST - BotCore - INFO - Engine: Starting Delta BTC Options Bot in LIVE mode with Capital: $10000.0
2026-06-22 22:56:25 IST - BotCore - INFO - Telegram polling loop started.
2026-06-22 22:56:25 IST - BotCore - INFO - Telegram interactive bot thread started.
2026-06-22 22:56:25 IST - BotCore - INFO - Starting Web Dashboard on port 5000
2026-06-22 22:56:45 IST - BotCore - INFO - Engine: Scheduled daily morning entry 09:00 IST (Asia/Kolkata timezone)
2026-06-22 22:56:45 IST - BotCore - INFO - Engine: Scheduled daily morning entry 09:30 IST (Asia/Kolkata timezone)
2026-06-22 22:56:45 IST - BotCore - INFO - Engine: Scheduled daily EOD hard exit 17:00 IST (Asia/Kolkata timezone)
2026-06-22 22:56:45 IST - BotCore - INFO - Engine: Scheduled verification at 09:30/18:00 IST (Asia/Kolkata timezone)
2026-06-22 22:56:45 IST - BotCore - INFO - Engine: Scheduled daily report at 17:30 IST (Asia/Kolkata timezone)
2026-06-22 22:56:45 IST - BotCore - INFO - Engine: Starting 24/7 background Option Chain Monitor...
2026-06-22 22:56:45 IST - BotCore - INFO - WS Connection Opened
2026-06-22 22:56:45 IST - BotCore - INFO - WS: Subscribed to ['BTCUSD']
2026-06-22 22:56:46 IST - BotCore - WARNING - Filter: Failed to fetch candles for ADX.
2026-06-22 22:56:55 IST - BotCore - ERROR - Telegram startup skip error: HTTPSConnectionPool(host='api.telegram.org', port=443): Max retries exceeded with url: /bot8834324257:AAHyKLAvZL2nuYChXfQtfypJq1N5oGSpyFk/getUpdates?timeout=1&limit=100 (Caused by ConnectTimeoutError(<HTTPSConnection(host='api.telegram.org', port=443) at 0x2d6c2677c50>, 'Connection to api.telegram.org timed out. (connect timeout=15)'))
2026-06-22 22:57:25 IST - BotCore - INFO - Keep-alive pinger started. Target URL: http://localhost:5000
2026-06-22 22:57:27 IST - BotCore - INFO - [KEEPALIVE] Keep-alive ping successful.
2026-06-22 23:06:04 IST - BotCore - INFO - DB: Connected to Cloud DB (Blob: ...f8cefdb1)
2026-06-22 23:06:04 IST - BotCore - INFO - DB: Keep-alive thread started (pings every 12h).
2026-06-22 23:06:04 IST - BotCore - ERROR - DB: Blob 404 on save. Triggering self-heal...
2026-06-22 23:06:04 IST - BotCore - WARNING - DB: Blob 404 detected — Self-healer triggered. Creating new blob...
2026-06-22 23:06:05 IST - BotCore - INFO - DB: Self-healer created new blob: ...4079a780 with 13 trades restored.
2026-06-22 23:06:06 IST - BotCore - INFO - DB: Self-heal save success!
2026-06-22 23:38:18 IST - BotCore - INFO - DB: Connected to Cloud DB (Blob: ...4079a780)
2026-06-22 23:38:18 IST - BotCore - INFO - DB: Keep-alive thread started (pings every 12h).
2026-06-22 23:38:18 IST - BotCore - INFO - DB: Loaded 13 trades from Cloud DB.
2026-06-22 23:38:20 IST - BotCore - INFO - DB: Loaded 13 trades from Cloud DB.
2026-06-22 23:38:20 IST - BotCore - INFO - DB: Successfully synced to Cloud DB.
2026-06-22 23:38:21 IST - BotCore - INFO - Tracker: Trade logged [Cloud DB + Local JSON] -> Take Profit Hit | PnL: $25.00
2026-06-22 23:38:24 IST - BotCore - INFO - DB: Loaded 14 trades from Cloud DB.
2026-06-22 23:38:25 IST - BotCore - INFO - DB: Successfully synced to Cloud DB.
2026-06-22 23:38:28 IST - BotCore - INFO - DB: Loaded 0 trades from Cloud DB.
2026-06-22 23:38:30 IST - BotCore - INFO - DB: Successfully synced to Cloud DB.
2026-06-22 23:38:32 IST - BotCore - INFO - DB: Loaded 14 trades from Cloud DB.
2026-06-26 20:07:58 IST - BotCore - INFO - API: Time synced. Offset: -7s
2026-06-26 20:07:58 IST - BotCore - INFO - DB: Connected to Cloud DB (Blob: ...4079a780)
2026-06-26 20:07:58 IST - BotCore - INFO - DB: Keep-alive thread started (pings every 12h).
2026-06-26 20:08:05 IST - BotCore - ERROR - DB: Blob 404 on load. Triggering self-heal...
2026-06-26 20:08:05 IST - BotCore - WARNING - DB: Blob 404 detected — Self-healer triggered. Creating new blob...
2026-06-26 20:08:05 IST - BotCore - INFO - DB: Self-healer loaded 14 trades from local backup.
2026-06-26 20:08:06 IST - BotCore - INFO - DB: Self-healer created new blob: ...4494d928 with 14 trades restored.
2026-06-26 20:08:07 IST - BotCore - INFO - DB: Self-heal load success! 14 trades restored.
2026-06-26 20:08:07 IST - BotCore - INFO - Rule Compliance: 100% (11/11)
Rule 1: Entry Times - [PASS]
   Expected: 9:00, 9:30 AM IST
Rule 2: Strike Selection (IV-Based + 5 OTM) - [PASS]
   Expected: DVOL-based premium ranges, Min 5 strikes OTM, Put <= 1.30xCall, Net Delta <= 0.10
Rule 3: Lot Size (Manual + Dynamic) - [PASS]
   Expected: Manual from dashboard + DVOL/loss-based dynamic sizing
Rule 4: Stop Loss & Target - [PASS]
   Expected: Single-Leg 130% SL, 30% Full Target
Rule 5: Partial Profit - [PASS]
   Expected: 50% Size at 20% Profit
Rule 6: Trailing Stop Loss - [PASS]
   Expected: Breakeven after 15% Profit
Rule 7: DVOL Percentile Filter - [PASS]
   Expected: Trade only if DVOL Percentile 10%-90%
Rule 8: Smart Hedging - [PASS]
   Expected: Premium-based: 12% Bleed (50%), 25% Bleed (100%), Delta-Weighted
Rule 9: Dynamic Position Sizing - [PASS]
   Expected: DVOL 40-55% +20%, 2 losses -20%, Daily >2% -30%
Rule 10: Money Management - [PASS]
   Expected: 1.0% risk/trade, 2% daily limit, 3 consecutive losses stop, 2.5% pause next day
Rule 11: Exit Time - [PASS]
   Expected: Prepare 16:55 IST, Hard Exit 17:00 IST
2026-06-26 20:08:07 IST - BotCore - INFO - Engine: Starting Delta BTC Options Bot in LIVE mode with Capital: $10000.0
2026-06-26 20:08:07 IST - BotCore - INFO - Telegram polling loop started.
2026-06-26 20:08:07 IST - BotCore - INFO - Telegram interactive bot thread started.
2026-06-26 20:08:07 IST - BotCore - INFO - Starting Web Dashboard on port 5000
2026-06-26 20:08:08 IST - BotCore - INFO - Engine: Scheduled daily morning entry 09:00 IST (Asia/Kolkata timezone)
2026-06-26 20:08:08 IST - BotCore - INFO - Engine: Scheduled daily morning entry 09:30 IST (Asia/Kolkata timezone)
2026-06-26 20:08:08 IST - BotCore - INFO - Engine: Scheduled daily EOD hard exit 17:00 IST (Asia/Kolkata timezone)
2026-06-26 20:08:08 IST - BotCore - INFO - Engine: Scheduled verification at 09:30/18:00 IST (Asia/Kolkata timezone)
2026-06-26 20:08:08 IST - BotCore - INFO - Engine: Scheduled daily report at 17:30 IST (Asia/Kolkata timezone)
2026-06-26 20:08:08 IST - BotCore - INFO - Engine: Starting 24/7 background Option Chain Monitor...
2026-06-26 20:08:08 IST - BotCore - INFO - WS Connection Opened
2026-06-26 20:08:08 IST - BotCore - INFO - WS: Subscribed to ['BTCUSD']
2026-06-26 20:08:10 IST - BotCore - WARNING - Filter: Failed to fetch candles for ADX.
2026-06-26 20:08:11 IST - BotCore - INFO - Telegram: Skipped 0 old messages. Waiting for new commands.
2026-06-26 20:45:36 IST - BotCore - INFO - Hedge: Cached entry premiums: {'C-BTC-72200-080626': 178.3, 'P-BTC-69600-080626': 176.53} | BTC Entry: $349.30
2026-06-26 20:45:36 IST - BotCore - INFO - Hedge: PUT bleeding 97.9% ($86.39 loss) | Call bleed: 0.0%
2026-06-26 20:45:36 IST - BotCore - WARNING - Hedge: Failed to calculate ATR: 'MockApi' object has no attribute 'get_candles'. Using cached/fallback: $400.00
2026-06-26 20:45:36 IST - BotCore - INFO - Hedge: put bleeding 97.9%, but BTC moved only $0. Requires 0.5 ATR breakout ($200) to confirm trend. BLOCKED.
2026-06-26 20:45:36 IST - BotCore - INFO - Hedge: Cached entry premiums: {'C-BTC-72200-080626': 178.3, 'P-BTC-69600-080626': 176.53} | BTC Entry: $349.30
2026-06-26 20:45:36 IST - BotCore - INFO - Hedge: PUT bleeding 97.9% ($86.39 loss) | Call bleed: 0.0%
2026-06-26 20:45:36 IST - BotCore - WARNING - Hedge: Failed to calculate ATR: 'MockApi' object has no attribute 'get_candles'. Using cached/fallback: $400.00
2026-06-26 20:45:36 IST - BotCore - INFO - Hedge: put bleeding 97.9%, but BTC moved only $0. Requires 0.5 ATR breakout ($200) to confirm trend. BLOCKED.
2026-06-26 20:45:36 IST - BotCore - INFO - Hedge [INITIAL]: SELL 0.2000 BTC @ $70,000.00 | Avg entry: $70,000.00 | ID: TEST-001
2026-06-26 20:45:36 IST - BotCore - INFO - Hedge [REBALANCE]: SELL 0.1000 BTC @ $69,000.00 | Avg entry: $69,666.67 | ID: TEST-001
2026-06-26 20:45:36 IST - BotCore - WARNING - Hedge: SELF-HEAL — Entry premiums MISSING (server restart detected)! Rebuilding from active position data...
2026-06-26 20:45:36 IST - BotCore - INFO - Hedge: SELF-HEAL complete. Recovered premiums: {'C-BTC-72200-080626': 178.3, 'P-BTC-69600-080626': 176.53} | BTC Entry: $349.30
2026-06-28 12:49:56 IST - BotCore - INFO - DB: Connected to Cloud DB (Blob: ...a9966ba1)
2026-06-28 12:49:56 IST - BotCore - INFO - DB: Keep-alive thread started (pings every 12h).
2026-06-28 12:49:57 IST - BotCore - ERROR - DB: Blob 404 on load. Triggering self-heal...
2026-06-28 12:49:57 IST - BotCore - WARNING - DB: Blob 404 detected — Self-healer triggered. Creating new blob...
2026-06-28 12:49:57 IST - BotCore - INFO - DB: Self-healer loaded 14 trades from local backup.
2026-06-28 12:49:59 IST - BotCore - INFO - DB: Self-healer created new blob: ...2b25d8ce with 14 trades restored.
2026-06-28 12:50:00 IST - BotCore - INFO - DB: Self-heal load success! 14 trades restored.
2026-06-28 12:50:38 IST - BotCore - INFO - DB: Connected to Cloud DB (Blob: ...a9966ba1)
2026-06-28 12:50:38 IST - BotCore - INFO - DB: Keep-alive thread started (pings every 12h).
2026-06-28 12:50:39 IST - BotCore - ERROR - DB: Blob 404 on load. Triggering self-heal...
2026-06-28 12:50:39 IST - BotCore - WARNING - DB: Blob 404 detected — Self-healer triggered. Creating new blob...
2026-06-28 12:50:39 IST - BotCore - INFO - DB: Self-healer loaded 14 trades from local backup.
2026-06-28 12:50:40 IST - BotCore - INFO - DB: Self-healer created new blob: ...5f73d3b5 with 14 trades restored.
2026-06-28 12:50:41 IST - BotCore - INFO - DB: Self-heal load success! 14 trades restored.
2026-06-28 12:50:41 IST - BotCore - WARNING - DB: Backup blob 404. Creating a new backup blob...
2026-06-28 12:50:42 IST - BotCore - INFO - DB: New backup blob created: ...99acc229
2026-06-28 14:44:16 IST - BotCore - INFO - API: Time synced. Offset: -5s
2026-06-28 16:06:17 IST - BotCore - INFO - API: Time synced. Offset: -1s
2026-06-28 17:03:21 IST - BotCore - INFO - DB: Connected to Cloud DB (Blob: ...42380706)
2026-06-28 17:03:21 IST - BotCore - INFO - DB: Keep-alive thread started (pings every 12h).
2026-06-28 17:03:22 IST - BotCore - INFO - DB: Successfully synced to Cloud DB.
2026-06-28 17:03:32 IST - BotCore - INFO - DB: Connected to Cloud DB (Blob: ...42380706)
2026-06-28 17:03:32 IST - BotCore - INFO - DB: Keep-alive thread started (pings every 12h).
2026-06-28 17:03:32 IST - BotCore - INFO - DB: Unified state detected. Unpacking local files...
2026-06-28 17:03:32 IST - BotCore - INFO - DB: Loaded 0 trades from Cloud DB.
2026-06-28 17:03:44 IST - BotCore - INFO - DB: Connected to Cloud DB (Blob: ...42380706)
2026-06-28 17:03:44 IST - BotCore - INFO - DB: Keep-alive thread started (pings every 12h).
2026-06-28 17:03:46 IST - BotCore - INFO - DB: Successfully synced to Cloud DB.
2026-06-28 17:12:02 IST - BotCore - INFO - Hedge: Cached entry premiums: {'C-BTC-72000-280626': 150, 'P-BTC-68000-280626': 150} | BTC Entry: $60000.00
2026-06-28 17:12:02 IST - BotCore - INFO - Hedge: CALL bleeding 23.3% ($17.50 loss) | Put: 0.0%
2026-06-28 17:12:02 IST - BotCore - WARNING - Hedge: WAITING FOR CONFIRMATION! call bleeding 23.3%. Realtime move: $1500.0 (Needs > $2000.0). 5m Candle move: $1300.0 (Needs > $1500.0). Hedge REJECTED to prevent fakeout.
2026-06-28 17:12:02 IST - BotCore - INFO - Hedge: CALL bleeding 40.0% ($30.00 loss) | Put: 0.0%
2026-06-28 17:12:03 IST - BotCore - INFO - Hedge: Sizing [Hybrid Grid] | Loss=$30.00 | BTC moved=$2000 (2.0 ATR) | Base Exp=0.0150 BTC | Grid Tier=100% | Final Hedge=0.0240 BTC
2026-06-28 17:12:03 IST - BotCore - INFO - Hedge [OPEN]: BUY 0.0240 BTC @ $62,000.00 | Avg entry: $62,000.00 | ID: TEST-1
2026-06-28 17:12:03 IST - BotCore - INFO - Hedge: NEW HEDGE OPENED | Leg: call | Dir: buy | Size: 0.0240 BTC | Options P&L snapshot: $-5.00
2026-06-28 17:12:04 IST - BotCore - INFO - Hedge: CALL bleeding 73.3% ($55.00 loss) | Put: 0.0%
2026-06-28 17:12:04 IST - BotCore - INFO - Hedge: New peak P&L: $24.00
2026-06-28 17:12:04 IST - BotCore - INFO - Hedge: Cached entry premiums: {'C-BTC-72000-280626': 150, 'P-BTC-68000-280626': 150} | BTC Entry: $60000.00
2026-06-28 17:12:04 IST - BotCore - INFO - Hedge: PUT bleeding 26.7% ($20.00 loss) | Call: 0.0%
2026-06-28 17:12:04 IST - BotCore - WARNING - Hedge: SEVERE BLEED! PUT at 26.7% >= 25%. Skipping confirmation. Hedging now.
2026-06-28 17:12:04 IST - BotCore - INFO - Hedge: Sizing [Hybrid Grid] | Loss=$20.00 | BTC moved=$1500 (1.5 ATR) | Base Exp=0.0133 BTC | Grid Tier=50% | Final Hedge=0.0107 BTC
2026-06-28 17:12:04 IST - BotCore - INFO - Hedge [OPEN]: SELL 0.0107 BTC @ $58,500.00 | Avg entry: $58,500.00 | ID: TEST-1
2026-06-28 17:12:04 IST - BotCore - INFO - Hedge: NEW HEDGE OPENED | Leg: put | Dir: sell | Size: 0.0107 BTC | Options P&L snapshot: $-5.00
2026-06-28 17:12:05 IST - BotCore - INFO - Hedge: PUT bleeding 46.7% ($35.00 loss) | Call: 0.0%
2026-06-28 17:12:05 IST - BotCore - INFO - Hedge: New peak P&L: $5.33
2026-06-28 17:12:05 IST - BotCore - INFO - Hedge: PUT bleeding 80.0% ($60.00 loss) | Call: 0.0%
2026-06-28 17:12:05 IST - BotCore - INFO - Hedge: New peak P&L: $16.00
2026-06-28 17:12:05 IST - BotCore - INFO - Hedge: Cached entry premiums: {'C-BTC-72000-280626': 150, 'P-BTC-68000-280626': 150} | BTC Entry: $60000.00
2026-06-28 17:12:05 IST - BotCore - INFO - Hedge: CALL bleeding 20.0% ($15.00 loss) | Put: 0.0%
2026-06-28 17:12:05 IST - BotCore - INFO - Hedge: call bleeding 20.0%, BUT net trade is PROFITABLE. No hedge needed.
2026-06-28 17:12:05 IST - BotCore - INFO - Hedge: CALL bleeding 20.0% ($15.00 loss) | Put: 0.0%
2026-06-28 17:12:05 IST - BotCore - INFO - Hedge: call bleeding 20.0%, BUT net trade is PROFITABLE. No hedge needed.
2026-06-28 17:12:05 IST - BotCore - INFO - Hedge: Cached entry premiums: {'C-BTC-72000-280626': 150, 'P-BTC-68000-280626': 150} | BTC Entry: $60000.00
2026-06-28 17:12:05 IST - BotCore - INFO - Hedge: PUT bleeding 166.7% ($125.00 loss) | Call: 0.0%
2026-06-28 17:12:05 IST - BotCore - INFO - Hedge: Sizing [Hybrid Grid] | Loss=$125.00 | BTC moved=$3000 (3.0 ATR) | Base Exp=0.0417 BTC | Grid Tier=100% | Final Hedge=0.0667 BTC
2026-06-28 17:12:05 IST - BotCore - INFO - Hedge [OPEN]: SELL 0.0667 BTC @ $57,000.00 | Avg entry: $57,000.00 | ID: TEST-1
2026-06-28 17:12:05 IST - BotCore - INFO - Hedge: NEW HEDGE OPENED | Leg: put | Dir: sell | Size: 0.0667 BTC | Options P&L snapshot: $-75.00
2026-06-28 17:12:06 IST - BotCore - INFO - Hedge: Cached entry premiums: {'C-BTC-72000-280626': 150, 'P-BTC-68000-280626': 150} | BTC Entry: $60000.00
2026-06-28 17:12:06 IST - BotCore - INFO - Hedge: CALL bleeding 30.0% ($22.50 loss) | Put: 0.0%
2026-06-28 17:12:06 IST - BotCore - WARNING - Hedge: SEVERE BLEED! CALL at 30.0% >= 25%. Skipping confirmation. Hedging now.
2026-06-28 17:12:06 IST - BotCore - INFO - Hedge: Sizing [Hybrid Grid] | Loss=$22.50 | BTC moved=$2000 (2.0 ATR) | Base Exp=0.0112 BTC | Grid Tier=100% | Final Hedge=0.0180 BTC
2026-06-28 17:12:06 IST - BotCore - INFO - Hedge [OPEN]: BUY 0.0180 BTC @ $62,000.00 | Avg entry: $62,000.00 | ID: TEST-1
2026-06-28 17:12:06 IST - BotCore - INFO - Hedge: NEW HEDGE OPENED | Leg: call | Dir: buy | Size: 0.0180 BTC | Options P&L snapshot: $-2.50
2026-06-28 17:12:07 IST - BotCore - INFO - Hedge: Cached entry premiums: {'C-BTC-72000-280626': 150, 'P-BTC-68000-280626': 150} | BTC Entry: $60000.00
2026-06-28 17:12:07 IST - BotCore - INFO - Hedge: CALL bleeding 18.0% ($13.50 loss) | Put: 0.0%
2026-06-28 17:12:07 IST - BotCore - INFO - Hedge: call bleeding 18.0%, BUT net trade is PROFITABLE. No hedge needed.
2026-06-28 17:12:07 IST - BotCore - INFO - Hedge: CALL bleeding 18.0% ($13.50 loss) | Put: 0.0%
2026-06-28 17:12:07 IST - BotCore - INFO - Hedge: call bleeding 18.0%, BUT net trade is PROFITABLE. No hedge needed.
2026-06-28 17:12:07 IST - BotCore - INFO - Hedge: Cached entry premiums: {'C-BTC-72000-280626': 150, 'P-BTC-68000-280626': 150} | BTC Entry: $60000.00
2026-06-28 17:12:07 IST - BotCore - INFO - Hedge: CALL bleeding 33.3% ($25.00 loss) | Put: 0.0%
2026-06-28 17:12:07 IST - BotCore - INFO - Hedge: call bleeding 33.3%, BUT net trade is PROFITABLE. No hedge needed.
2026-06-28 17:12:07 IST - BotCore - INFO - Hedge: CALL bleeding 66.7% ($50.00 loss) | Put: 0.0%
2026-06-28 17:12:07 IST - BotCore - INFO - Hedge: call bleeding 66.7%, BUT net trade is PROFITABLE. No hedge needed.
2026-06-28 17:12:07 IST - BotCore - INFO - Hedge: Cached entry premiums: {'C-BTC-72000-280626': 150, 'P-BTC-68000-280626': 150} | BTC Entry: $60000.00
2026-06-28 17:12:07 IST - BotCore - INFO - Hedge: CALL bleeding 33.3% ($25.00 loss) | Put: 0.0%
2026-06-28 17:12:07 IST - BotCore - INFO - Hedge: call bleeding 33.3%, BUT net trade is PROFITABLE. No hedge needed.
2026-06-28 17:12:07 IST - BotCore - INFO - Hedge: Cached entry premiums: {'C-BTC-72000-280626': 150, 'P-BTC-68000-280626': 150} | BTC Entry: $60000.00
2026-06-28 17:12:07 IST - BotCore - INFO - Hedge: PUT bleeding 10.0% ($7.50 loss) | Call: 10.0%
2026-06-28 17:12:07 IST - BotCore - INFO - Hedge: Cached entry premiums: {'C-BTC-72000-280626': 150, 'P-BTC-68000-280626': 150} | BTC Entry: $60000.00
2026-06-28 17:12:07 IST - BotCore - INFO - Hedge: CALL bleeding 33.3% ($25.00 loss) | Put: 0.0%
2026-06-28 17:12:07 IST - BotCore - INFO - Hedge: call bleeding 33.3%, BUT net trade is PROFITABLE. No hedge needed.
2026-06-28 17:12:07 IST - BotCore - INFO - Hedge: PUT bleeding 33.3% ($25.00 loss) | Call: 0.0%
2026-06-28 17:12:07 IST - BotCore - INFO - Hedge: put bleeding 33.3%, BUT net trade is PROFITABLE. No hedge needed.
2026-06-28 17:12:07 IST - BotCore - INFO - Hedge: Cached entry premiums: {'C-BTC-72000-280626': 150, 'P-BTC-68000-280626': 150} | BTC Entry: $60000.00
2026-06-28 17:12:07 IST - BotCore - INFO - Hedge: Sizing [Fallback Grid] | Lots=1000 | Base Exp=0.3000 BTC | Final Hedge=0.1440 BTC
2026-06-28 17:12:07 IST - BotCore - INFO - Hedge: Cached entry premiums: {'C-BTC-72000-280626': 150, 'P-BTC-68000-280626': 150} | BTC Entry: $60000.00
2026-06-28 17:12:07 IST - BotCore - INFO - Hedge: CALL bleeding 33.3% ($25.00 loss) | Put: 0.0%
2026-06-28 17:12:07 IST - BotCore - INFO - Hedge: call bleeding 33.3%, BUT net trade is PROFITABLE. No hedge needed.
2026-06-28 17:12:07 IST - BotCore - INFO - Hedge: State fully reset.
2026-06-28 17:12:07 IST - BotCore - WARNING - Hedge: SELF-HEAL — Entry premiums MISSING (restart?)! Rebuilding...
2026-06-28 17:12:07 IST - BotCore - INFO - Hedge: SELF-HEAL complete. Premiums: {'C-BTC-72000-280626': 150, 'P-BTC-68000-280626': 150} | BTC: $62000.00
2026-06-28 17:12:08 IST - BotCore - INFO - Hedge: CALL bleeding 33.3% ($25.00 loss) | Put: 0.0%
2026-06-28 17:13:38 IST - BotCore - INFO - Hedge: Cached entry premiums: {'C-BTC-72000-280626': 150, 'P-BTC-68000-280626': 150} | BTC Entry: $60000.00
2026-06-28 17:13:38 IST - BotCore - INFO - Hedge: CALL bleeding 23.3% ($17.50 loss) | Put: 0.0%
2026-06-28 17:13:38 IST - BotCore - WARNING - Hedge: WAITING FOR CONFIRMATION! call bleeding 23.3%. Realtime move: $1500.0 (Needs > $2000.0). 5m Candle move: $1300.0 (Needs > $1500.0). Hedge REJECTED to prevent fakeout.
2026-06-28 17:13:38 IST - BotCore - INFO - Hedge: CALL bleeding 40.0% ($30.00 loss) | Put: 0.0%
2026-06-28 17:13:39 IST - BotCore - INFO - Hedge: Sizing [Hybrid Grid] | Loss=$30.00 | BTC moved=$2000 (2.0 ATR) | Base Exp=0.0150 BTC | Grid Tier=100% | Final Hedge=0.0240 BTC
2026-06-28 17:13:39 IST - BotCore - INFO - Hedge [OPEN]: BUY 0.0240 BTC @ $62,000.00 | Avg entry: $62,000.00 | ID: TEST-1
2026-06-28 17:13:39 IST - BotCore - INFO - Hedge: NEW HEDGE OPENED | Leg: call | Dir: buy | Size: 0.0240 BTC | Options P&L snapshot: $-5.00
2026-06-28 17:13:40 IST - BotCore - INFO - Hedge: CALL bleeding 73.3% ($55.00 loss) | Put: 0.0%
2026-06-28 17:13:40 IST - BotCore - INFO - Hedge: New peak P&L: $24.00
2026-06-28 17:13:40 IST - BotCore - INFO - Hedge: Cached entry premiums: {'C-BTC-72000-280626': 150, 'P-BTC-68000-280626': 150} | BTC Entry: $60000.00
2026-06-28 17:13:40 IST - BotCore - INFO - Hedge: PUT bleeding 26.7% ($20.00 loss) | Call: 0.0%
2026-06-28 17:13:40 IST - BotCore - WARNING - Hedge: SEVERE BLEED! PUT at 26.7% >= 25%. Skipping confirmation. Hedging now.
2026-06-28 17:13:40 IST - BotCore - INFO - Hedge: Sizing [Hybrid Grid] | Loss=$20.00 | BTC moved=$1500 (1.5 ATR) | Base Exp=0.0133 BTC | Grid Tier=50% | Final Hedge=0.0107 BTC
2026-06-28 17:13:40 IST - BotCore - INFO - Hedge [OPEN]: SELL 0.0107 BTC @ $58,500.00 | Avg entry: $58,500.00 | ID: TEST-1
2026-06-28 17:13:40 IST - BotCore - INFO - Hedge: NEW HEDGE OPENED | Leg: put | Dir: sell | Size: 0.0107 BTC | Options P&L snapshot: $-5.00
2026-06-28 17:13:41 IST - BotCore - INFO - Hedge: PUT bleeding 46.7% ($35.00 loss) | Call: 0.0%
2026-06-28 17:13:41 IST - BotCore - INFO - Hedge: New peak P&L: $5.33
2026-06-28 17:13:41 IST - BotCore - INFO - Hedge: PUT bleeding 80.0% ($60.00 loss) | Call: 0.0%
2026-06-28 17:13:41 IST - BotCore - INFO - Hedge: New peak P&L: $16.00
2026-06-28 17:13:41 IST - BotCore - INFO - Hedge: Cached entry premiums: {'C-BTC-72000-280626': 150, 'P-BTC-68000-280626': 150} | BTC Entry: $60000.00
2026-06-28 17:13:41 IST - BotCore - INFO - Hedge: CALL bleeding 20.0% ($15.00 loss) | Put: 0.0%
2026-06-28 17:13:41 IST - BotCore - INFO - Hedge: call bleeding 20.0%, BUT net trade is PROFITABLE. No hedge needed.
2026-06-28 17:13:41 IST - BotCore - INFO - Hedge: CALL bleeding 20.0% ($15.00 loss) | Put: 0.0%
2026-06-28 17:13:41 IST - BotCore - INFO - Hedge: call bleeding 20.0%, BUT net trade is PROFITABLE. No hedge needed.
2026-06-28 17:13:41 IST - BotCore - INFO - Hedge: Cached entry premiums: {'C-BTC-72000-280626': 150, 'P-BTC-68000-280626': 150} | BTC Entry: $60000.00
2026-06-28 17:13:41 IST - BotCore - INFO - Hedge: PUT bleeding 166.7% ($125.00 loss) | Call: 0.0%
2026-06-28 17:13:42 IST - BotCore - INFO - Hedge: Sizing [Hybrid Grid] | Loss=$125.00 | BTC moved=$3000 (3.0 ATR) | Base Exp=0.0417 BTC | Grid Tier=100% | Final Hedge=0.0667 BTC
2026-06-28 17:13:42 IST - BotCore - INFO - Hedge [OPEN]: SELL 0.0667 BTC @ $57,000.00 | Avg entry: $57,000.00 | ID: TEST-1
2026-06-28 17:13:42 IST - BotCore - INFO - Hedge: NEW HEDGE OPENED | Leg: put | Dir: sell | Size: 0.0667 BTC | Options P&L snapshot: $-75.00
2026-06-28 17:13:42 IST - BotCore - INFO - Hedge: Cached entry premiums: {'C-BTC-72000-280626': 150, 'P-BTC-68000-280626': 150} | BTC Entry: $60000.00
2026-06-28 17:13:42 IST - BotCore - INFO - Hedge: CALL bleeding 30.0% ($22.50 loss) | Put: 0.0%
2026-06-28 17:13:42 IST - BotCore - WARNING - Hedge: SEVERE BLEED! CALL at 30.0% >= 25%. Skipping confirmation. Hedging now.
2026-06-28 17:13:42 IST - BotCore - INFO - Hedge: Sizing [Hybrid Grid] | Loss=$22.50 | BTC moved=$2000 (2.0 ATR) | Base Exp=0.0112 BTC | Grid Tier=100% | Final Hedge=0.0180 BTC
2026-06-28 17:13:42 IST - BotCore - INFO - Hedge [OPEN]: BUY 0.0180 BTC @ $62,000.00 | Avg entry: $62,000.00 | ID: TEST-1
2026-06-28 17:13:42 IST - BotCore - INFO - Hedge: NEW HEDGE OPENED | Leg: call | Dir: buy | Size: 0.0180 BTC | Options P&L snapshot: $-2.50
2026-06-28 17:13:43 IST - BotCore - INFO - Hedge: Cached entry premiums: {'C-BTC-72000-280626': 150, 'P-BTC-68000-280626': 150} | BTC Entry: $60000.00
2026-06-28 17:13:43 IST - BotCore - INFO - Hedge: CALL bleeding 18.0% ($13.50 loss) | Put: 0.0%
2026-06-28 17:13:43 IST - BotCore - INFO - Hedge: call bleeding 18.0%, BUT net trade is PROFITABLE. No hedge needed.
2026-06-28 17:13:43 IST - BotCore - INFO - Hedge: CALL bleeding 18.0% ($13.50 loss) | Put: 0.0%
2026-06-28 17:13:43 IST - BotCore - INFO - Hedge: call bleeding 18.0%, BUT net trade is PROFITABLE. No hedge needed.
2026-06-28 17:13:43 IST - BotCore - INFO - Hedge: Cached entry premiums: {'C-BTC-72000-280626': 150, 'P-BTC-68000-280626': 150} | BTC Entry: $60000.00
2026-06-28 17:13:43 IST - BotCore - INFO - Hedge: CALL bleeding 33.3% ($25.00 loss) | Put: 0.0%
2026-06-28 17:13:43 IST - BotCore - INFO - Hedge: call bleeding 33.3%, BUT net trade is PROFITABLE. No hedge needed.
2026-06-28 17:13:43 IST - BotCore - INFO - Hedge: CALL bleeding 66.7% ($50.00 loss) | Put: 0.0%
2026-06-28 17:13:43 IST - BotCore - INFO - Hedge: call bleeding 66.7%, BUT net trade is PROFITABLE. No hedge needed.
2026-06-28 17:13:43 IST - BotCore - INFO - Hedge: Cached entry premiums: {'C-BTC-72000-280626': 150, 'P-BTC-68000-280626': 150} | BTC Entry: $60000.00
2026-06-28 17:13:43 IST - BotCore - INFO - Hedge: CALL bleeding 33.3% ($25.00 loss) | Put: 0.0%
2026-06-28 17:13:43 IST - BotCore - INFO - Hedge: call bleeding 33.3%, BUT net trade is PROFITABLE. No hedge needed.
2026-06-28 17:13:43 IST - BotCore - INFO - Hedge: Cached entry premiums: {'C-BTC-72000-280626': 150, 'P-BTC-68000-280626': 150} | BTC Entry: $60000.00
2026-06-28 17:13:43 IST - BotCore - INFO - Hedge: PUT bleeding 10.0% ($7.50 loss) | Call: 10.0%
2026-06-28 17:13:54 IST - BotCore - INFO - Hedge: Sizing [Hybrid Grid] | Loss=$7.50 | BTC moved=$2000 (4.0 ATR) | Base Exp=0.0037 BTC | Grid Tier=100% | Final Hedge=0.0060 BTC
2026-06-28 17:13:54 IST - BotCore - INFO - Hedge [OPEN]: SELL 0.0100 BTC @ $62,000.00 | Avg entry: $62,000.00 | ID: TEST-1
2026-06-28 17:13:54 IST - BotCore - INFO - Hedge: NEW HEDGE OPENED | Leg: put | Dir: sell | Size: 0.0100 BTC | Options P&L snapshot: $-24.00
2026-06-28 17:13:55 IST - BotCore - INFO - Hedge: Cached entry premiums: {'C-BTC-72000-280626': 150, 'P-BTC-68000-280626': 150} | BTC Entry: $60000.00
2026-06-28 17:13:55 IST - BotCore - INFO - Hedge: CALL bleeding 33.3% ($25.00 loss) | Put: 0.0%
2026-06-28 17:13:55 IST - BotCore - INFO - Hedge: call bleeding 33.3%, BUT net trade is PROFITABLE. No hedge needed.
2026-06-28 17:13:55 IST - BotCore - INFO - Hedge: PUT bleeding 33.3% ($25.00 loss) | Call: 0.0%
2026-06-28 17:13:55 IST - BotCore - INFO - Hedge: put bleeding 33.3%, BUT net trade is PROFITABLE. No hedge needed.
2026-06-28 17:13:55 IST - BotCore - INFO - Hedge: Cached entry premiums: {'C-BTC-72000-280626': 150, 'P-BTC-68000-280626': 150} | BTC Entry: $60000.00
2026-06-28 17:13:55 IST - BotCore - INFO - Hedge: Sizing [Fallback Grid] | Lots=1000 | Base Exp=0.3000 BTC | Final Hedge=0.1440 BTC
2026-06-28 17:13:55 IST - BotCore - INFO - Hedge: Cached entry premiums: {'C-BTC-72000-280626': 150, 'P-BTC-68000-280626': 150} | BTC Entry: $60000.00
2026-06-28 17:13:55 IST - BotCore - INFO - Hedge: CALL bleeding 33.3% ($25.00 loss) | Put: 0.0%
2026-06-28 17:13:55 IST - BotCore - INFO - Hedge: call bleeding 33.3%, BUT net trade is PROFITABLE. No hedge needed.
2026-06-28 17:13:55 IST - BotCore - INFO - Hedge: State fully reset.
2026-06-28 17:13:55 IST - BotCore - WARNING - Hedge: SELF-HEAL — Entry premiums MISSING (restart?)! Rebuilding...
2026-06-28 17:13:55 IST - BotCore - INFO - Hedge: SELF-HEAL complete. Premiums: {'C-BTC-72000-280626': 150, 'P-BTC-68000-280626': 150} | BTC: $62000.00
2026-06-28 17:13:56 IST - BotCore - INFO - Hedge: CALL bleeding 33.3% ($25.00 loss) | Put: 0.0%
2026-06-28 17:14:43 IST - BotCore - INFO - Hedge: Cached entry premiums: {'C-BTC-72000-280626': 150, 'P-BTC-68000-280626': 150} | BTC Entry: $60000.00
2026-06-28 17:14:43 IST - BotCore - INFO - Hedge: CALL bleeding 23.3% ($17.50 loss) | Put: 0.0%
2026-06-28 17:14:43 IST - BotCore - WARNING - Hedge: WAITING FOR CONFIRMATION! call bleeding 23.3%. Realtime move: $1500.0 (Needs > $2000.0). 5m Candle move: $1300.0 (Needs > $1500.0). Hedge REJECTED to prevent fakeout.
2026-06-28 17:14:43 IST - BotCore - INFO - Hedge: CALL bleeding 40.0% ($30.00 loss) | Put: 0.0%
2026-06-28 17:14:44 IST - BotCore - INFO - Hedge: Sizing [Hybrid Grid] | Loss=$30.00 | BTC moved=$2000 (2.0 ATR) | Base Exp=0.0150 BTC | Grid Tier=100% | Final Hedge=0.0240 BTC
2026-06-28 17:14:44 IST - BotCore - INFO - Hedge [OPEN]: BUY 0.0240 BTC @ $62,000.00 | Avg entry: $62,000.00 | ID: TEST-1
2026-06-28 17:14:44 IST - BotCore - INFO - Hedge: NEW HEDGE OPENED | Leg: call | Dir: buy | Size: 0.0240 BTC | Options P&L snapshot: $-5.00
2026-06-28 17:14:45 IST - BotCore - INFO - Hedge: CALL bleeding 73.3% ($55.00 loss) | Put: 0.0%
2026-06-28 17:14:45 IST - BotCore - INFO - Hedge: New peak P&L: $24.00
2026-06-28 17:14:45 IST - BotCore - INFO - Hedge: Cached entry premiums: {'C-BTC-72000-280626': 150, 'P-BTC-68000-280626': 150} | BTC Entry: $60000.00
2026-06-28 17:14:45 IST - BotCore - INFO - Hedge: PUT bleeding 26.7% ($20.00 loss) | Call: 0.0%
2026-06-28 17:14:45 IST - BotCore - WARNING - Hedge: SEVERE BLEED! PUT at 26.7% >= 25%. Skipping confirmation. Hedging now.
2026-06-28 17:14:45 IST - BotCore - INFO - Hedge: Sizing [Hybrid Grid] | Loss=$20.00 | BTC moved=$1500 (1.5 ATR) | Base Exp=0.0133 BTC | Grid Tier=50% | Final Hedge=0.0107 BTC
2026-06-28 17:14:45 IST - BotCore - INFO - Hedge [OPEN]: SELL 0.0107 BTC @ $58,500.00 | Avg entry: $58,500.00 | ID: TEST-1
2026-06-28 17:14:45 IST - BotCore - INFO - Hedge: NEW HEDGE OPENED | Leg: put | Dir: sell | Size: 0.0107 BTC | Options P&L snapshot: $-5.00
2026-06-28 17:14:45 IST - BotCore - INFO - Hedge: PUT bleeding 46.7% ($35.00 loss) | Call: 0.0%
2026-06-28 17:14:45 IST - BotCore - INFO - Hedge: New peak P&L: $5.33
2026-06-28 17:14:45 IST - BotCore - INFO - Hedge: PUT bleeding 80.0% ($60.00 loss) | Call: 0.0%
2026-06-28 17:14:45 IST - BotCore - INFO - Hedge: New peak P&L: $16.00
2026-06-28 17:14:45 IST - BotCore - INFO - Hedge: Cached entry premiums: {'C-BTC-72000-280626': 150, 'P-BTC-68000-280626': 150} | BTC Entry: $60000.00
2026-06-28 17:14:45 IST - BotCore - INFO - Hedge: CALL bleeding 20.0% ($15.00 loss) | Put: 0.0%
2026-06-28 17:14:45 IST - BotCore - INFO - Hedge: call bleeding 20.0%, BUT net trade is PROFITABLE. No hedge needed.
2026-06-28 17:14:45 IST - BotCore - INFO - Hedge: CALL bleeding 20.0% ($15.00 loss) | Put: 0.0%
2026-06-28 17:14:45 IST - BotCore - INFO - Hedge: call bleeding 20.0%, BUT net trade is PROFITABLE. No hedge needed.
2026-06-28 17:14:45 IST - BotCore - INFO - Hedge: Cached entry premiums: {'C-BTC-72000-280626': 150, 'P-BTC-68000-280626': 150} | BTC Entry: $60000.00
2026-06-28 17:14:45 IST - BotCore - INFO - Hedge: PUT bleeding 166.7% ($125.00 loss) | Call: 0.0%
2026-06-28 17:14:46 IST - BotCore - INFO - Hedge: Sizing [Hybrid Grid] | Loss=$125.00 | BTC moved=$3000 (3.0 ATR) | Base Exp=0.0417 BTC | Grid Tier=100% | Final Hedge=0.0667 BTC
2026-06-28 17:14:46 IST - BotCore - INFO - Hedge [OPEN]: SELL 0.0667 BTC @ $57,000.00 | Avg entry: $57,000.00 | ID: TEST-1
2026-06-28 17:14:46 IST - BotCore - INFO - Hedge: NEW HEDGE OPENED | Leg: put | Dir: sell | Size: 0.0667 BTC | Options P&L snapshot: $-75.00
2026-06-28 17:14:47 IST - BotCore - INFO - Hedge: Cached entry premiums: {'C-BTC-72000-280626': 150, 'P-BTC-68000-280626': 150} | BTC Entry: $60000.00
2026-06-28 17:14:47 IST - BotCore - INFO - Hedge: CALL bleeding 30.0% ($22.50 loss) | Put: 0.0%
2026-06-28 17:14:47 IST - BotCore - WARNING - Hedge: SEVERE BLEED! CALL at 30.0% >= 25%. Skipping confirmation. Hedging now.
2026-06-28 17:14:47 IST - BotCore - INFO - Hedge: Sizing [Hybrid Grid] | Loss=$22.50 | BTC moved=$2000 (2.0 ATR) | Base Exp=0.0112 BTC | Grid Tier=100% | Final Hedge=0.0180 BTC
2026-06-28 17:14:47 IST - BotCore - INFO - Hedge [OPEN]: BUY 0.0180 BTC @ $62,000.00 | Avg entry: $62,000.00 | ID: TEST-1
2026-06-28 17:14:47 IST - BotCore - INFO - Hedge: NEW HEDGE OPENED | Leg: call | Dir: buy | Size: 0.0180 BTC | Options P&L snapshot: $-2.50
2026-06-28 17:14:48 IST - BotCore - INFO - Hedge: Cached entry premiums: {'C-BTC-72000-280626': 150, 'P-BTC-68000-280626': 150} | BTC Entry: $60000.00
2026-06-28 17:14:48 IST - BotCore - INFO - Hedge: CALL bleeding 18.0% ($13.50 loss) | Put: 0.0%
2026-06-28 17:14:48 IST - BotCore - INFO - Hedge: CALL bleeding 18.0% — confirm 1/2. Waiting for sustained bleed...
2026-06-28 17:14:48 IST - BotCore - INFO - Hedge: CALL bleeding 18.0% ($13.50 loss) | Put: 0.0%
2026-06-28 17:14:48 IST - BotCore - INFO - Hedge: CONFIRMED! CALL bleeding 18.0% for 2 consecutive checks. Net loss: 7.3%. Opening hedge...
2026-06-28 17:14:48 IST - BotCore - INFO - Hedge: Sizing [Hybrid Grid] | Loss=$13.50 | BTC moved=$2000 (4.0 ATR) | Base Exp=0.0067 BTC | Grid Tier=100% | Final Hedge=0.0108 BTC
2026-06-28 17:14:48 IST - BotCore - INFO - Hedge [OPEN]: BUY 0.0108 BTC @ $62,000.00 | Avg entry: $62,000.00 | ID: TEST-1
2026-06-28 17:14:48 IST - BotCore - INFO - Hedge: NEW HEDGE OPENED | Leg: call | Dir: buy | Size: 0.0108 BTC | Options P&L snapshot: $-11.00
2026-06-28 17:14:49 IST - BotCore - INFO - Hedge: Cached entry premiums: {'C-BTC-72000-280626': 150, 'P-BTC-68000-280626': 150} | BTC Entry: $60000.00
2026-06-28 17:14:49 IST - BotCore - INFO - Hedge: CALL bleeding 33.3% ($25.00 loss) | Put: 0.0%
2026-06-28 17:14:49 IST - BotCore - INFO - Hedge: call bleeding 33.3%, BUT net trade is PROFITABLE. No hedge needed.
2026-06-28 17:14:49 IST - BotCore - INFO - Hedge: CALL bleeding 66.7% ($50.00 loss) | Put: 0.0%
2026-06-28 17:14:49 IST - BotCore - INFO - Hedge: call bleeding 66.7%, BUT net trade is PROFITABLE. No hedge needed.
2026-06-28 17:14:49 IST - BotCore - INFO - Hedge: Cached entry premiums: {'C-BTC-72000-280626': 150, 'P-BTC-68000-280626': 150} | BTC Entry: $60000.00
2026-06-28 17:14:49 IST - BotCore - INFO - Hedge: CALL bleeding 33.3% ($25.00 loss) | Put: 0.0%
2026-06-28 17:14:49 IST - BotCore - INFO - Hedge: call bleeding 33.3%, BUT net trade is PROFITABLE. No hedge needed.
2026-06-28 17:14:49 IST - BotCore - INFO - Hedge: Cached entry premiums: {'C-BTC-72000-280626': 150, 'P-BTC-68000-280626': 150} | BTC Entry: $60000.00
2026-06-28 17:14:49 IST - BotCore - INFO - Hedge: PUT bleeding 10.0% ($7.50 loss) | Call: 10.0%
2026-06-28 17:14:49 IST - BotCore - INFO - Hedge: Sizing [Hybrid Grid] | Loss=$7.50 | BTC moved=$2000 (4.0 ATR) | Base Exp=0.0037 BTC | Grid Tier=100% | Final Hedge=0.0060 BTC
2026-06-28 17:14:49 IST - BotCore - INFO - Hedge [OPEN]: SELL 0.0100 BTC @ $62,000.00 | Avg entry: $62,000.00 | ID: TEST-1
2026-06-28 17:14:49 IST - BotCore - INFO - Hedge: NEW HEDGE OPENED | Leg: put | Dir: sell | Size: 0.0100 BTC | Options P&L snapshot: $-24.00
2026-06-28 17:14:50 IST - BotCore - INFO - Hedge: Cached entry premiums: {'C-BTC-72000-280626': 150, 'P-BTC-68000-280626': 150} | BTC Entry: $60000.00
2026-06-28 17:14:50 IST - BotCore - INFO - Hedge: CALL bleeding 46.7% ($35.00 loss) | Put: 0.0%
2026-06-28 17:14:51 IST - BotCore - INFO - Hedge: Sizing [Hybrid Grid] | Loss=$35.00 | BTC moved=$2000 (4.0 ATR) | Base Exp=0.0175 BTC | Grid Tier=100% | Final Hedge=0.0280 BTC
2026-06-28 17:14:51 IST - BotCore - INFO - Hedge [OPEN]: BUY 0.0280 BTC @ $62,000.00 | Avg entry: $62,000.00 | ID: TEST-1
2026-06-28 17:14:51 IST - BotCore - INFO - Hedge: NEW HEDGE OPENED | Leg: call | Dir: buy | Size: 0.0280 BTC | Options P&L snapshot: $-25.00
2026-06-28 17:14:52 IST - BotCore - INFO - Hedge: PUT bleeding 40.0% ($30.00 loss) | Call: 0.0%
2026-06-28 17:14:52 IST - BotCore - INFO - Hedge: Closing — Reversal Square-Off (Hedge at $-112.00). Final P&L: $-112.00 | Cumulative realized: $-112.00
2026-06-28 17:14:52 IST - BotCore - INFO - Hedge: Closing hedge. Final P&L: $-112.00
2026-06-28 17:14:52 IST - BotCore - INFO - Hedge: State fully reset.
2026-06-28 17:14:52 IST - BotCore - INFO - Hedge: Cached entry premiums: {'C-BTC-72000-280626': 150, 'P-BTC-68000-280626': 150} | BTC Entry: $60000.00
2026-06-28 17:14:52 IST - BotCore - INFO - Hedge: Sizing [Fallback Grid] | Lots=1000 | Base Exp=0.3000 BTC | Final Hedge=0.1440 BTC
2026-06-28 17:14:52 IST - BotCore - INFO - Hedge: Cached entry premiums: {'C-BTC-72000-280626': 150, 'P-BTC-68000-280626': 150} | BTC Entry: $60000.00
2026-06-28 17:14:52 IST - BotCore - INFO - Hedge: CALL bleeding 33.3% ($25.00 loss) | Put: 0.0%
2026-06-28 17:14:52 IST - BotCore - INFO - Hedge: call bleeding 33.3%, BUT net trade is PROFITABLE. No hedge needed.
2026-06-28 17:14:52 IST - BotCore - INFO - Hedge: State fully reset.
2026-06-28 17:14:52 IST - BotCore - WARNING - Hedge: SELF-HEAL — Entry premiums MISSING (restart?)! Rebuilding...
2026-06-28 17:14:52 IST - BotCore - INFO - Hedge: SELF-HEAL complete. Premiums: {'C-BTC-72000-280626': 150, 'P-BTC-68000-280626': 150} | BTC: $62000.00
2026-06-28 17:14:53 IST - BotCore - INFO - Hedge: CALL bleeding 33.3% ($25.00 loss) | Put: 0.0%
2026-06-28 17:15:46 IST - BotCore - INFO - Hedge: Cached entry premiums: {'C-BTC-72000-280626': 150, 'P-BTC-68000-280626': 150} | BTC Entry: $60000.00
2026-06-28 17:15:46 IST - BotCore - INFO - Hedge: CALL bleeding 23.3% ($17.50 loss) | Put: 0.0%
2026-06-28 17:15:46 IST - BotCore - WARNING - Hedge: WAITING FOR CONFIRMATION! call bleeding 23.3%. Realtime move: $1500.0 (Needs > $2000.0). 5m Candle move: $1300.0 (Needs > $1500.0). Hedge REJECTED to prevent fakeout.
2026-06-28 17:15:46 IST - BotCore - INFO - Hedge: CALL bleeding 40.0% ($30.00 loss) | Put: 0.0%
2026-06-28 17:15:47 IST - BotCore - INFO - Hedge: Sizing [Hybrid Grid] | Loss=$30.00 | BTC moved=$2000 (2.0 ATR) | Base Exp=0.0150 BTC | Grid Tier=100% | Final Hedge=0.0240 BTC
2026-06-28 17:15:47 IST - BotCore - INFO - Hedge [OPEN]: BUY 0.0240 BTC @ $62,000.00 | Avg entry: $62,000.00 | ID: TEST-1
2026-06-28 17:15:47 IST - BotCore - INFO - Hedge: NEW HEDGE OPENED | Leg: call | Dir: buy | Size: 0.0240 BTC | Options P&L snapshot: $-5.00
2026-06-28 17:15:47 IST - BotCore - INFO - Hedge: CALL bleeding 73.3% ($55.00 loss) | Put: 0.0%
2026-06-28 17:15:47 IST - BotCore - INFO - Hedge: New peak P&L: $24.00
2026-06-28 17:15:47 IST - BotCore - INFO - Hedge: Cached entry premiums: {'C-BTC-72000-280626': 150, 'P-BTC-68000-280626': 150} | BTC Entry: $60000.00
2026-06-28 17:15:47 IST - BotCore - INFO - Hedge: PUT bleeding 26.7% ($20.00 loss) | Call: 0.0%
2026-06-28 17:15:47 IST - BotCore - WARNING - Hedge: SEVERE BLEED! PUT at 26.7% >= 25%. Skipping confirmation. Hedging now.
2026-06-28 17:15:47 IST - BotCore - INFO - Hedge: Sizing [Hybrid Grid] | Loss=$20.00 | BTC moved=$1500 (1.5 ATR) | Base Exp=0.0133 BTC | Grid Tier=50% | Final Hedge=0.0107 BTC
2026-06-28 17:15:47 IST - BotCore - INFO - Hedge [OPEN]: SELL 0.0107 BTC @ $58,500.00 | Avg entry: $58,500.00 | ID: TEST-1
2026-06-28 17:15:47 IST - BotCore - INFO - Hedge: NEW HEDGE OPENED | Leg: put | Dir: sell | Size: 0.0107 BTC | Options P&L snapshot: $-5.00
2026-06-28 17:15:48 IST - BotCore - INFO - Hedge: PUT bleeding 46.7% ($35.00 loss) | Call: 0.0%
2026-06-28 17:15:48 IST - BotCore - INFO - Hedge: New peak P&L: $5.33
2026-06-28 17:15:48 IST - BotCore - INFO - Hedge: PUT bleeding 80.0% ($60.00 loss) | Call: 0.0%
2026-06-28 17:15:48 IST - BotCore - INFO - Hedge: New peak P&L: $16.00
2026-06-28 17:15:48 IST - BotCore - INFO - Hedge: Cached entry premiums: {'C-BTC-72000-280626': 150, 'P-BTC-68000-280626': 150} | BTC Entry: $60000.00
2026-06-28 17:15:48 IST - BotCore - INFO - Hedge: CALL bleeding 20.0% ($15.00 loss) | Put: 0.0%
2026-06-28 17:15:48 IST - BotCore - INFO - Hedge: call bleeding 20.0%, BUT net trade is PROFITABLE. No hedge needed.
2026-06-28 17:15:48 IST - BotCore - INFO - Hedge: CALL bleeding 20.0% ($15.00 loss) | Put: 0.0%
2026-06-28 17:15:48 IST - BotCore - INFO - Hedge: call bleeding 20.0%, BUT net trade is PROFITABLE. No hedge needed.
2026-06-28 17:15:48 IST - BotCore - INFO - Hedge: Cached entry premiums: {'C-BTC-72000-280626': 150, 'P-BTC-68000-280626': 150} | BTC Entry: $60000.00
2026-06-28 17:15:48 IST - BotCore - INFO - Hedge: PUT bleeding 166.7% ($125.00 loss) | Call: 0.0%
2026-06-28 17:15:49 IST - BotCore - INFO - Hedge: Sizing [Hybrid Grid] | Loss=$125.00 | BTC moved=$3000 (3.0 ATR) | Base Exp=0.0417 BTC | Grid Tier=100% | Final Hedge=0.0667 BTC
2026-06-28 17:15:49 IST - BotCore - INFO - Hedge [OPEN]: SELL 0.0667 BTC @ $57,000.00 | Avg entry: $57,000.00 | ID: TEST-1
2026-06-28 17:15:49 IST - BotCore - INFO - Hedge: NEW HEDGE OPENED | Leg: put | Dir: sell | Size: 0.0667 BTC | Options P&L snapshot: $-75.00
2026-06-28 17:15:50 IST - BotCore - INFO - Hedge: Cached entry premiums: {'C-BTC-72000-280626': 150, 'P-BTC-68000-280626': 150} | BTC Entry: $60000.00
2026-06-28 17:15:50 IST - BotCore - INFO - Hedge: CALL bleeding 30.0% ($22.50 loss) | Put: 0.0%
2026-06-28 17:15:50 IST - BotCore - WARNING - Hedge: SEVERE BLEED! CALL at 30.0% >= 25%. Skipping confirmation. Hedging now.
2026-06-28 17:15:50 IST - BotCore - INFO - Hedge: Sizing [Hybrid Grid] | Loss=$22.50 | BTC moved=$2000 (2.0 ATR) | Base Exp=0.0112 BTC | Grid Tier=100% | Final Hedge=0.0180 BTC
2026-06-28 17:15:50 IST - BotCore - INFO - Hedge [OPEN]: BUY 0.0180 BTC @ $62,000.00 | Avg entry: $62,000.00 | ID: TEST-1
2026-06-28 17:15:50 IST - BotCore - INFO - Hedge: NEW HEDGE OPENED | Leg: call | Dir: buy | Size: 0.0180 BTC | Options P&L snapshot: $-2.50
2026-06-28 17:15:51 IST - BotCore - INFO - Hedge: Cached entry premiums: {'C-BTC-72000-280626': 150, 'P-BTC-68000-280626': 150} | BTC Entry: $60000.00
2026-06-28 17:15:51 IST - BotCore - INFO - Hedge: CALL bleeding 18.0% ($13.50 loss) | Put: 0.0%
2026-06-28 17:15:51 IST - BotCore - INFO - Hedge: CALL bleeding 18.0% — confirm 1/2. Waiting for sustained bleed...
2026-06-28 17:15:51 IST - BotCore - INFO - Hedge: CALL bleeding 18.0% ($13.50 loss) | Put: 0.0%
2026-06-28 17:15:51 IST - BotCore - INFO - Hedge: CONFIRMED! CALL bleeding 18.0% for 2 consecutive checks. Net loss: 7.3%. Opening hedge...
2026-06-28 17:15:51 IST - BotCore - INFO - Hedge: Sizing [Hybrid Grid] | Loss=$13.50 | BTC moved=$2000 (4.0 ATR) | Base Exp=0.0067 BTC | Grid Tier=100% | Final Hedge=0.0108 BTC
2026-06-28 17:15:51 IST - BotCore - INFO - Hedge [OPEN]: BUY 0.0108 BTC @ $62,000.00 | Avg entry: $62,000.00 | ID: TEST-1
2026-06-28 17:15:51 IST - BotCore - INFO - Hedge: NEW HEDGE OPENED | Leg: call | Dir: buy | Size: 0.0108 BTC | Options P&L snapshot: $-11.00
2026-06-28 17:15:51 IST - BotCore - INFO - Hedge: Cached entry premiums: {'C-BTC-72000-280626': 150, 'P-BTC-68000-280626': 150} | BTC Entry: $60000.00
2026-06-28 17:15:51 IST - BotCore - INFO - Hedge: CALL bleeding 33.3% ($25.00 loss) | Put: 0.0%
2026-06-28 17:15:51 IST - BotCore - INFO - Hedge: call bleeding 33.3%, BUT net trade is PROFITABLE. No hedge needed.
2026-06-28 17:15:51 IST - BotCore - INFO - Hedge: CALL bleeding 66.7% ($50.00 loss) | Put: 0.0%
2026-06-28 17:15:51 IST - BotCore - INFO - Hedge: call bleeding 66.7%, BUT net trade is PROFITABLE. No hedge needed.
2026-06-28 17:15:51 IST - BotCore - INFO - Hedge: Cached entry premiums: {'C-BTC-72000-280626': 150, 'P-BTC-68000-280626': 150} | BTC Entry: $60000.00
2026-06-28 17:15:51 IST - BotCore - INFO - Hedge: CALL bleeding 33.3% ($25.00 loss) | Put: 0.0%
2026-06-28 17:15:51 IST - BotCore - INFO - Hedge: call bleeding 33.3%, BUT net trade is PROFITABLE. No hedge needed.
2026-06-28 17:15:52 IST - BotCore - INFO - Hedge: Cached entry premiums: {'C-BTC-72000-280626': 150, 'P-BTC-68000-280626': 150} | BTC Entry: $60000.00
2026-06-28 17:15:52 IST - BotCore - INFO - Hedge: PUT bleeding 10.0% ($7.50 loss) | Call: 10.0%
2026-06-28 17:15:52 IST - BotCore - INFO - Hedge: Sizing [Hybrid Grid] | Loss=$7.50 | BTC moved=$2000 (4.0 ATR) | Base Exp=0.0037 BTC | Grid Tier=100% | Final Hedge=0.0060 BTC
2026-06-28 17:15:52 IST - BotCore - INFO - Hedge [OPEN]: SELL 0.0100 BTC @ $62,000.00 | Avg entry: $62,000.00 | ID: TEST-1
2026-06-28 17:15:52 IST - BotCore - INFO - Hedge: NEW HEDGE OPENED | Leg: put | Dir: sell | Size: 0.0100 BTC | Options P&L snapshot: $-24.00
2026-06-28 17:15:53 IST - BotCore - INFO - Hedge: Cached entry premiums: {'C-BTC-72000-280626': 150, 'P-BTC-68000-280626': 150} | BTC Entry: $60000.00
2026-06-28 17:15:53 IST - BotCore - INFO - Hedge: CALL bleeding 46.7% ($35.00 loss) | Put: 0.0%
2026-06-28 17:15:54 IST - BotCore - INFO - Hedge: Sizing [Hybrid Grid] | Loss=$35.00 | BTC moved=$2000 (4.0 ATR) | Base Exp=0.0175 BTC | Grid Tier=100% | Final Hedge=0.0280 BTC
2026-06-28 17:15:54 IST - BotCore - INFO - Hedge [OPEN]: BUY 0.0280 BTC @ $62,000.00 | Avg entry: $62,000.00 | ID: TEST-1
2026-06-28 17:15:54 IST - BotCore - INFO - Hedge: NEW HEDGE OPENED | Leg: call | Dir: buy | Size: 0.0280 BTC | Options P&L snapshot: $-25.00
2026-06-28 17:15:55 IST - BotCore - INFO - Hedge: PUT bleeding 40.0% ($30.00 loss) | Call: 0.0%
2026-06-28 17:15:55 IST - BotCore - INFO - Hedge: Closing — Reversal Square-Off (Hedge at $-112.00). Final P&L: $-112.00 | Cumulative realized: $-112.00
2026-06-28 17:15:55 IST - BotCore - INFO - Hedge: Closing hedge. Final P&L: $-112.00
2026-06-28 17:15:55 IST - BotCore - INFO - Hedge: State fully reset.
2026-06-28 17:15:55 IST - BotCore - INFO - Hedge: Cached entry premiums: {'C-BTC-72000-280626': 150, 'P-BTC-68000-280626': 150} | BTC Entry: $60000.00
2026-06-28 17:15:55 IST - BotCore - INFO - Hedge: Sizing [Fallback Grid] | Lots=1000 | Base Exp=0.3000 BTC | Final Hedge=0.1440 BTC
2026-06-28 17:15:55 IST - BotCore - INFO - Hedge: Cached entry premiums: {'C-BTC-72000-280626': 150, 'P-BTC-68000-280626': 150} | BTC Entry: $60000.00
2026-06-28 17:15:55 IST - BotCore - INFO - Hedge: CALL bleeding 33.3% ($25.00 loss) | Put: 0.0%
2026-06-28 17:15:55 IST - BotCore - INFO - Hedge: call bleeding 33.3%, BUT net trade is PROFITABLE. No hedge needed.
2026-06-28 17:15:55 IST - BotCore - INFO - Hedge: State fully reset.
2026-06-28 17:15:55 IST - BotCore - WARNING - Hedge: SELF-HEAL — Entry premiums MISSING (restart?)! Rebuilding...
2026-06-28 17:15:55 IST - BotCore - INFO - Hedge: SELF-HEAL complete. Premiums: {'C-BTC-72000-280626': 150, 'P-BTC-68000-280626': 150} | BTC: $62000.00
2026-06-28 17:15:55 IST - BotCore - INFO - Hedge: CALL bleeding 33.3% ($25.00 loss) | Put: 0.0%
2026-06-28 17:25:09 IST - BotCore - INFO - DB: Connected to Cloud DB (Blob: ...42380706)
2026-06-28 17:25:09 IST - BotCore - INFO - DB: Keep-alive thread started (pings every 12h).
2026-06-28 17:25:10 IST - BotCore - INFO - DB: trigger_cloud_sync — using LOCAL trade_history (14 trades >= cloud 14)
2026-06-28 17:25:11 IST - BotCore - INFO - DB: Successfully synced to Cloud DB.
2026-06-28 17:25:28 IST - BotCore - INFO - DB: Connected to Cloud DB (Blob: ...42380706)
2026-06-28 17:25:28 IST - BotCore - INFO - DB: Keep-alive thread started (pings every 12h).
2026-06-28 17:25:29 IST - BotCore - INFO - DB: trigger_cloud_sync — PRESERVING CLOUD trade_history (14 trades > local 0)
2026-06-28 17:25:31 IST - BotCore - INFO - DB: Successfully synced to Cloud DB.
2026-06-28 20:37:09 IST - BotCore - INFO - DB: Connected to Cloud DB (Blob: ...42380706)
2026-06-28 20:37:09 IST - BotCore - INFO - DB: Keep-alive thread started (pings every 12h).
2026-06-28 20:37:10 IST - BotCore - INFO - DB: Unified state detected. Unpacking local files...
2026-06-28 20:37:10 IST - BotCore - INFO - DB: Loaded 14 trades from Cloud DB.
2026-06-28 20:37:11 IST - BotCore - INFO - DB: Successfully synced to Cloud DB.
2026-06-28 20:49:47 IST - BotCore - INFO - DB: Connected to Cloud DB (Blob: ...42380706)
2026-06-28 20:49:47 IST - BotCore - INFO - DB: Keep-alive thread started (pings every 12h).
2026-06-28 20:49:48 IST - BotCore - INFO - DB: Unified state detected. Unpacking local files...
2026-06-28 20:49:48 IST - BotCore - INFO - DB: Loaded 14 trades from Cloud DB.
2026-06-28 20:50:46 IST - BotCore - INFO - DB: Connected to Cloud DB (Blob: ...42380706)
2026-06-28 20:50:46 IST - BotCore - INFO - DB: Keep-alive thread started (pings every 12h).
2026-06-28 20:50:46 IST - BotCore - INFO - DB: Unified state detected. Unpacking local files...
2026-06-28 20:50:46 IST - BotCore - INFO - DB: Loaded 14 trades from Cloud DB.
2026-06-28 20:51:11 IST - BotCore - INFO - DB: Connected to Cloud DB (Blob: ...42380706)
2026-06-28 20:51:11 IST - BotCore - INFO - DB: Keep-alive thread started (pings every 12h).
2026-06-28 20:51:12 IST - BotCore - INFO - DB: Unified state detected. Unpacking local files...
2026-06-28 20:51:12 IST - BotCore - INFO - DB: Loaded 14 trades from Cloud DB.
2026-06-28 20:51:12 IST - BotCore - INFO - DB: Successfully synced to Cloud DB.
2026-06-28 20:58:17 IST - BotCore - INFO - DB: Connected to Cloud DB (Blob: ...42380706)
2026-06-28 20:58:17 IST - BotCore - INFO - DB: Keep-alive thread started (pings every 12h).
2026-06-28 20:58:18 IST - BotCore - INFO - DB: Unified state detected. Unpacking local files...
2026-06-28 20:58:18 IST - BotCore - INFO - DB: Loaded 16 trades from Cloud DB.
2026-06-28 20:59:50 IST - BotCore - INFO - DB: Connected to Cloud DB (Blob: ...42380706)
2026-06-28 20:59:50 IST - BotCore - INFO - DB: Keep-alive thread started (pings every 12h).
2026-06-28 20:59:51 IST - BotCore - INFO - DB: Unified state detected. Unpacking local files...
2026-06-28 20:59:51 IST - BotCore - INFO - DB: Loaded 16 trades from Cloud DB.
2026-06-28 21:06:23 IST - BotCore - INFO - DB: Connected to Cloud DB (Blob: ...42380706)
2026-06-28 21:06:23 IST - BotCore - INFO - DB: Keep-alive thread started (pings every 12h).
2026-06-28 21:06:25 IST - BotCore - INFO - DB: Unified state detected. Unpacking local files...
2026-06-28 21:06:25 IST - BotCore - INFO - DB: Loaded 16 trades from Cloud DB.
2026-06-28 21:13:24 IST - BotCore - INFO - DB: Connected to Cloud DB (Blob: ...42380706)
2026-06-28 21:13:24 IST - BotCore - INFO - DB: Keep-alive thread started (pings every 12h).
2026-06-28 21:13:25 IST - BotCore - INFO - DB: Unified state detected. Unpacking local files...
2026-06-28 21:13:25 IST - BotCore - INFO - DB: Loaded 16 trades from Cloud DB.
2026-06-28 21:15:11 IST - BotCore - INFO - DB: Connected to Cloud DB (Blob: ...42380706)
2026-06-28 21:15:11 IST - BotCore - INFO - DB: Keep-alive thread started (pings every 12h).
2026-06-28 21:15:12 IST - BotCore - INFO - DB: Unified state detected. Unpacking local files...
2026-06-28 21:15:12 IST - BotCore - INFO - DB: Loaded 16 trades from Cloud DB.
2026-06-28 21:15:14 IST - BotCore - INFO - DB: Successfully synced to Cloud DB.
2026-06-28 21:24:35 IST - BotCore - INFO - DB: Connected to Cloud DB (Blob: ...42380706)
2026-06-28 21:24:35 IST - BotCore - INFO - DB: Keep-alive thread started (pings every 12h).
2026-06-28 21:24:37 IST - BotCore - INFO - DB: Unified state detected. Unpacking local files...
2026-06-28 21:24:37 IST - BotCore - INFO - DB: Loaded 16 trades from Cloud DB.
2026-06-28 21:24:38 IST - BotCore - INFO - DB: Successfully synced to Cloud DB.
2026-06-29 17:21:16 IST - BotCore - WARNING - DB: Blob 404 detected — Self-healer triggered. Creating new blob...
2026-06-29 17:21:16 IST - BotCore - INFO - DB: Self-healer attempting to restore from Secondary Cloud Backup...
2026-06-29 17:21:18 IST - BotCore - INFO - DB: Self-healer loaded 16 trades from local backup.
2026-06-29 17:21:20 IST - BotCore - INFO - DB: Self-healer created new blob: ...9335e5eb with 16 trades restored.
2026-06-30 23:01:50 IST - BotCore - WARNING - DB: Blob 404 detected — Self-healer triggered. Creating new blob...
2026-06-30 23:01:50 IST - BotCore - INFO - DB: Self-healer attempting to restore from Secondary Cloud Backup...
2026-06-30 23:01:50 IST - BotCore - INFO - DB: Self-healer loaded 16 trades from local backup.
2026-06-30 23:01:51 IST - BotCore - INFO - DB: Self-healer created new blob: ...b8fa29e2 with 16 trades restored.
2026-06-30 23:03:36 IST - BotCore - INFO - DB: Connected to Cloud DB (Blob: ...9335e5eb)
2026-06-30 23:03:36 IST - BotCore - INFO - DB: Keep-alive thread started (pings every 12h).
2026-06-30 23:03:37 IST - BotCore - ERROR - DB: Blob 404 on save. Triggering self-heal...
2026-06-30 23:03:37 IST - BotCore - WARNING - DB: Blob 404 detected — Self-healer triggered. Creating new blob...
2026-06-30 23:03:38 IST - BotCore - INFO - DB: Self-healer created new blob: ...8ef28dc9 with 0 trades restored.
2026-06-30 23:03:39 IST - BotCore - INFO - DB: Self-heal save success!
2026-07-02 20:04:20 IST - BotCore - INFO - DB: Loaded 0 active positions from cloud.
2026-07-02 20:04:20 IST - BotCore - INFO - Execution: Placing PAPER Strangle. Size: 10
2026-07-02 20:04:20 IST - BotCore - INFO - Execution [PAPER]: Simulating execution delay of 458ms...
2026-07-02 20:04:20 IST - BotCore - INFO - Execution [PAPER]: Simulating sell of C-BTC-100000 @ 503.3485 (slippage: +3.35)
2026-07-02 20:04:20 IST - BotCore - INFO - Execution [PAPER]: Simulating sell of P-BTC-50000 @ 503.8843 (slippage: +3.88)
2026-07-02 20:04:21 IST - BotCore - INFO - DB: Saved 2 active positions to cloud.
2026-07-02 20:04:30 IST - BotCore - INFO - DB: Loaded 2 active positions from cloud.
2026-07-02 20:04:39 IST - BotCore - INFO - DB: Saved 0 active positions to cloud.
2026-07-02 20:06:03 IST - BotCore - INFO - DB: Saved 0 active positions to cloud.
2026-07-02 20:06:06 IST - BotCore - INFO - DB: Loaded 0 active positions from cloud.
2026-07-02 20:06:06 IST - BotCore - INFO - Execution: Placing PAPER Strangle. Size: 5
2026-07-02 20:06:06 IST - BotCore - INFO - Execution [PAPER]: Simulating execution delay of 386ms...
2026-07-02 20:06:06 IST - BotCore - INFO - Execution [PAPER]: Simulating sell of C-TEST-1 @ 151.1486 (slippage: +1.15)
2026-07-02 20:06:06 IST - BotCore - INFO - Execution [PAPER]: Simulating sell of P-TEST-1 @ 150.3390 (slippage: +0.34)
2026-07-02 20:06:07 IST - BotCore - INFO - DB: Saved 2 active positions to cloud.
2026-07-02 20:06:09 IST - BotCore - INFO - DB: Saved 2 active positions to cloud.
2026-07-02 20:06:11 IST - BotCore - INFO - DB: Loaded 2 active positions from cloud.
2026-07-02 20:06:11 IST - BotCore - INFO - Execution: Partial close 50.0% triggered
2026-07-02 20:06:11 IST - BotCore - INFO - Execution [PAPER]: Simulating partial close of C-TEST-1
2026-07-02 20:06:11 IST - BotCore - INFO - Execution [PAPER]: Simulating partial close of P-TEST-1
2026-07-02 20:06:13 IST - BotCore - INFO - DB: Saved 2 active positions to cloud.
2026-07-02 20:06:33 IST - BotCore - INFO - DB: Saved 0 active positions to cloud.
2026-07-02 20:06:36 IST - BotCore - INFO - DB: Loaded 0 active positions from cloud.
2026-07-02 20:06:36 IST - BotCore - INFO - Execution: Placing PAPER Strangle. Size: 5
2026-07-02 20:06:36 IST - BotCore - INFO - Execution [PAPER]: Simulating execution delay of 219ms...
2026-07-02 20:06:36 IST - BotCore - INFO - Execution [PAPER]: Simulating sell of C-TEST-1 @ 150.8717 (slippage: +0.87)
2026-07-02 20:06:36 IST - BotCore - INFO - Execution [PAPER]: Simulating sell of P-TEST-1 @ 150.3376 (slippage: +0.34)
2026-07-02 20:06:37 IST - BotCore - INFO - DB: Saved 2 active positions to cloud.
2026-07-02 20:06:39 IST - BotCore - INFO - DB: Saved 2 active positions to cloud.
2026-07-02 20:06:41 IST - BotCore - INFO - DB: Loaded 2 active positions from cloud.
2026-07-02 20:06:41 IST - BotCore - INFO - Execution: Partial close 50.0% triggered
2026-07-02 20:06:41 IST - BotCore - INFO - Execution [PAPER]: Simulating partial close of C-TEST-1
2026-07-02 20:06:41 IST - BotCore - INFO - Execution [PAPER]: Simulating partial close of P-TEST-1
2026-07-02 20:06:43 IST - BotCore - INFO - DB: Saved 2 active positions to cloud.
2026-07-02 20:06:45 IST - BotCore - INFO - DB: Loaded 2 active positions from cloud.
2026-07-02 20:06:45 IST - BotCore - INFO - Execution: Closing all positions due to Test Completion
2026-07-02 20:06:45 IST - BotCore - INFO - Execution [PAPER]: Simulating close of C-TEST-1
2026-07-02 20:06:45 IST - BotCore - INFO - Execution [PAPER]: Simulating close of P-TEST-1
2026-07-02 20:06:46 IST - BotCore - INFO - DB: Saved 0 active positions to cloud.
2026-07-02 20:06:49 IST - BotCore - INFO - DB: Loaded 0 active positions from cloud.
2026-07-04 13:40:48 IST - BotCore - INFO - API: Time synced. Offset: -2s
2026-07-04 13:40:48 IST - BotCore - INFO - DB: Connected to Cloud DB (Blob: ...26627ac1)
2026-07-04 13:40:48 IST - BotCore - INFO - DB: Keep-alive thread started (pings every 12h).
2026-07-04 13:40:49 IST - BotCore - INFO - DB: Loaded 17 trades from Cloud DB.
2026-07-04 13:40:49 IST - BotCore - INFO - Rule Compliance: 100% (11/11)
Rule 1: Entry Times - [PASS]
   Expected: 9:00, 9:30 AM IST
Rule 2: Strike Selection (IV-Based + 5 OTM) - [PASS]
   Expected: DVOL-based premium ranges, Min 5 strikes OTM, Put <= 1.30xCall, Net Delta <= 0.10
Rule 3: Lot Size (Manual + Dynamic) - [PASS]
   Expected: Manual from dashboard + DVOL/loss-based dynamic sizing
Rule 4: Stop Loss & Target - [PASS]
   Expected: Single-Leg 130% SL, 30% Full Target
Rule 5: Partial Profit - [PASS]
   Expected: 50% Size at 20% Profit
Rule 6: Trailing Stop Loss - [PASS]
   Expected: Breakeven after 15% Profit
Rule 7: DVOL Percentile Filter - [PASS]
   Expected: Trade only if DVOL Percentile 10%-90%
Rule 8: Smart Hedging - [PASS]
   Expected: Premium-based: 12% Bleed (50%), 25% Bleed (100%), Delta-Weighted
Rule 9: Dynamic Position Sizing - [PASS]
   Expected: DVOL 40-55% +20%, 2 losses -20%, Daily >2% -30%
Rule 10: Money Management - [PASS]
   Expected: 1.0% risk/trade, 2% daily limit, 3 consecutive losses stop, 2.5% pause next day
Rule 11: Exit Time - [PASS]
   Expected: Prepare 16:55 IST, Hard Exit 17:00 IST
2026-07-04 13:40:49 IST - BotCore - INFO - Engine: Starting Delta BTC Options Bot in LIVE mode with Capital: $10000.0
2026-07-04 13:40:49 IST - BotCore - INFO - Telegram polling loop started.
2026-07-04 13:40:49 IST - BotCore - INFO - Telegram interactive bot thread started.
2026-07-04 13:40:49 IST - BotCore - INFO - Starting Web Dashboard on port 5000
2026-07-04 13:40:50 IST - BotCore - INFO - Engine: Scheduled daily morning entry 09:00 IST (Asia/Kolkata timezone)
2026-07-04 13:40:50 IST - BotCore - INFO - Engine: Scheduled daily morning entry 09:30 IST (Asia/Kolkata timezone)
2026-07-04 13:40:50 IST - BotCore - INFO - Engine: Scheduled daily EOD hard exit 17:00 IST (Asia/Kolkata timezone)
2026-07-04 13:40:50 IST - BotCore - INFO - Engine: Scheduled verification at 09:30/18:00 IST (Asia/Kolkata timezone)
2026-07-04 13:40:50 IST - BotCore - INFO - Engine: Scheduled daily report & backup at 17:30 IST (Asia/Kolkata timezone)
2026-07-04 13:40:50 IST - BotCore - INFO - Engine: Starting 24/7 background Option Chain Monitor...
2026-07-04 13:40:50 IST - BotCore - INFO - WS Connection Opened
2026-07-04 13:40:50 IST - BotCore - INFO - WS: Subscribed to ['BTCUSD']
2026-07-04 13:40:52 IST - BotCore - WARNING - Filter: Failed to fetch candles for ADX.
2026-07-06 13:35:50 IST - BotCore - INFO - API: Time synced. Offset: -3s
2026-07-06 13:35:51 IST - BotCore - INFO - DB: Connected to Cloud DB (Blob: ...26627ac1)
2026-07-06 13:35:51 IST - BotCore - INFO - DB: Keep-alive thread started (pings every 12h).
2026-07-06 13:35:52 IST - BotCore - ERROR - DB: Blob 404 on load. Triggering self-heal...
2026-07-06 13:35:52 IST - BotCore - WARNING - DB: Blob 404 detected — Self-healer triggered. Creating new blob...
2026-07-06 13:35:52 IST - BotCore - INFO - DB: Self-healer attempting to restore from Secondary Cloud Backup...
2026-07-06 13:35:53 IST - BotCore - INFO - DB: Self-healer loaded 17 trades from local backup.
2026-07-06 13:35:54 IST - BotCore - INFO - DB: Self-healer created new blob: ...3d6fab80 with 17 trades restored.
2026-07-06 13:35:55 IST - BotCore - INFO - DB: Self-heal load success! 17 trades restored.
2026-07-06 13:35:55 IST - BotCore - INFO - Rule Compliance: 100% (11/11)
Rule 1: Entry Times - [PASS]
   Expected: 9:00, 9:30 AM IST
Rule 2: Strike Selection (IV-Based + 5 OTM) - [PASS]
   Expected: DVOL-based premium ranges, Min 5 strikes OTM, Put <= 1.30xCall, Net Delta <= 0.10
Rule 3: Lot Size (Manual + Dynamic) - [PASS]
   Expected: Manual from dashboard + DVOL/loss-based dynamic sizing
Rule 4: Stop Loss & Target - [PASS]
   Expected: Single-Leg 130% SL, 30% Full Target
Rule 5: Partial Profit - [PASS]
   Expected: 50% Size at 20% Profit
Rule 6: Trailing Stop Loss - [PASS]
   Expected: Breakeven after 15% Profit
Rule 7: DVOL Percentile Filter - [PASS]
   Expected: Trade only if DVOL Percentile 10%-90%
Rule 8: Smart Hedging - [PASS]
   Expected: Premium-based: 12% Bleed (50%), 25% Bleed (100%), Delta-Weighted
Rule 9: Dynamic Position Sizing - [PASS]
   Expected: DVOL 40-55% +20%, 2 losses -20%, Daily >2% -30%
Rule 10: Money Management - [PASS]
   Expected: 1.0% risk/trade, 2% daily limit, 3 consecutive losses stop, 2.5% pause next day
Rule 11: Exit Time - [PASS]
   Expected: Prepare 16:55 IST, Hard Exit 17:00 IST
2026-07-06 13:35:55 IST - BotCore - INFO - Engine: Starting Delta BTC Options Bot in SHADOW mode with Capital: $50000.0
2026-07-06 13:35:55 IST - BotCore - INFO - Telegram polling loop started.
2026-07-06 13:35:55 IST - BotCore - INFO - Telegram interactive bot thread started.
2026-07-06 13:35:55 IST - BotCore - INFO - ARES ServiceRunner initialized in background thread.
2026-07-06 13:35:55 IST - BotCore - INFO - Starting Web Dashboard on port 5000
2026-07-06 13:35:55 IST - BotCore - INFO - Telegram: Skipped 0 old messages. Waiting for new commands.
2026-07-06 13:35:55 IST - BotCore - INFO - Engine: Scheduled daily morning entry 09:00 IST (Asia/Kolkata timezone)
2026-07-06 13:35:55 IST - BotCore - INFO - Engine: Scheduled daily morning entry 09:30 IST (Asia/Kolkata timezone)
2026-07-06 13:35:55 IST - BotCore - INFO - Engine: Scheduled daily EOD hard exit 17:00 IST (Asia/Kolkata timezone)
2026-07-06 13:35:55 IST - BotCore - INFO - Engine: Scheduled verification at 09:30/18:00 IST (Asia/Kolkata timezone)
2026-07-06 13:35:55 IST - BotCore - INFO - Engine: Scheduled daily report & backup at 17:30 IST (Asia/Kolkata timezone)
2026-07-06 13:35:55 IST - BotCore - INFO - Engine: Starting 24/7 background Option Chain Monitor...
2026-07-06 13:35:56 IST - BotCore - INFO - WS Connection Opened
2026-07-06 13:35:56 IST - BotCore - INFO - WS: Subscribed to ['BTCUSD']
2026-07-06 13:35:56 IST - BotCore - INFO - DB: Successfully synced to Cloud DB.
2026-07-06 13:35:57 IST - BotCore - WARNING - DB: Backup blob 404. Creating a new backup blob...
2026-07-06 13:35:57 IST - BotCore - WARNING - Filter: Failed to fetch candles for ADX.
2026-07-06 13:35:58 IST - BotCore - INFO - DB: New backup blob created: ...f9ee4cb5
2026-07-06 13:35:58 IST - BotCore - INFO - Filters: ForexFactory calendar cache updated.
2026-07-06 13:36:15 IST - BotCore - INFO - API: Time synced. Offset: -7s
2026-07-06 13:36:16 IST - BotCore - INFO - DB: Connected to Cloud DB (Blob: ...26627ac1)
2026-07-06 13:36:16 IST - BotCore - INFO - DB: Keep-alive thread started (pings every 12h).
2026-07-06 13:36:17 IST - BotCore - ERROR - DB: Blob 404 on load. Triggering self-heal...
2026-07-06 13:36:17 IST - BotCore - WARNING - DB: Blob 404 detected — Self-healer triggered. Creating new blob...
2026-07-06 13:36:17 IST - BotCore - INFO - DB: Self-healer attempting to restore from Secondary Cloud Backup...
2026-07-06 13:36:17 IST - BotCore - INFO - DB: Self-healer loaded 17 trades from Secondary Cloud Backup.
2026-07-06 13:36:18 IST - BotCore - INFO - DB: Self-healer created new blob: ...85a0b51d with 17 trades restored.
2026-07-06 13:36:19 IST - BotCore - INFO - DB: Self-heal load success! 17 trades restored.
2026-07-06 13:36:19 IST - BotCore - INFO - Rule Compliance: 100% (11/11)
Rule 1: Entry Times - [PASS]
   Expected: 9:00, 9:30 AM IST
Rule 2: Strike Selection (IV-Based + 5 OTM) - [PASS]
   Expected: DVOL-based premium ranges, Min 5 strikes OTM, Put <= 1.30xCall, Net Delta <= 0.10
Rule 3: Lot Size (Manual + Dynamic) - [PASS]
   Expected: Manual from dashboard + DVOL/loss-based dynamic sizing
Rule 4: Stop Loss & Target - [PASS]
   Expected: Single-Leg 130% SL, 30% Full Target
Rule 5: Partial Profit - [PASS]
   Expected: 50% Size at 20% Profit
Rule 6: Trailing Stop Loss - [PASS]
   Expected: Breakeven after 15% Profit
Rule 7: DVOL Percentile Filter - [PASS]
   Expected: Trade only if DVOL Percentile 10%-90%
Rule 8: Smart Hedging - [PASS]
   Expected: Premium-based: 12% Bleed (50%), 25% Bleed (100%), Delta-Weighted
Rule 9: Dynamic Position Sizing - [PASS]
   Expected: DVOL 40-55% +20%, 2 losses -20%, Daily >2% -30%
Rule 10: Money Management - [PASS]
   Expected: 1.0% risk/trade, 2% daily limit, 3 consecutive losses stop, 2.5% pause next day
Rule 11: Exit Time - [PASS]
   Expected: Prepare 16:55 IST, Hard Exit 17:00 IST
2026-07-06 13:36:19 IST - BotCore - INFO - Engine: Starting Delta BTC Options Bot in SHADOW mode with Capital: $50000.0
2026-07-06 13:36:19 IST - BotCore - INFO - Telegram polling loop started.
2026-07-06 13:36:19 IST - BotCore - INFO - Telegram interactive bot thread started.
2026-07-06 13:36:19 IST - BotCore - INFO - ARES ServiceRunner initialized in background thread.
2026-07-06 13:36:19 IST - BotCore - INFO - Starting Web Dashboard on port 5000
2026-07-06 13:36:19 IST - BotCore - INFO - Telegram: Skipped 0 old messages. Waiting for new commands.
2026-07-06 13:36:20 IST - BotCore - INFO - WS Connection Opened
2026-07-06 13:36:20 IST - BotCore - INFO - WS: Subscribed to ['BTCUSD']
2026-07-06 13:36:20 IST - BotCore - INFO - Engine: Scheduled daily morning entry 09:00 IST (Asia/Kolkata timezone)
2026-07-06 13:36:20 IST - BotCore - INFO - Engine: Scheduled daily morning entry 09:30 IST (Asia/Kolkata timezone)
2026-07-06 13:36:20 IST - BotCore - INFO - Engine: Scheduled daily EOD hard exit 17:00 IST (Asia/Kolkata timezone)
2026-07-06 13:36:20 IST - BotCore - INFO - Engine: Scheduled verification at 09:30/18:00 IST (Asia/Kolkata timezone)
2026-07-06 13:36:20 IST - BotCore - INFO - Engine: Scheduled daily report & backup at 17:30 IST (Asia/Kolkata timezone)
2026-07-06 13:36:20 IST - BotCore - INFO - Engine: Starting 24/7 background Option Chain Monitor...
2026-07-06 13:37:04 IST - BotCore - INFO - API: Time synced. Offset: -3s
2026-07-06 13:37:05 IST - BotCore - INFO - DB: Connected to Cloud DB (Blob: ...26627ac1)
2026-07-06 13:37:05 IST - BotCore - INFO - DB: Keep-alive thread started (pings every 12h).
2026-07-06 13:37:05 IST - BotCore - ERROR - DB: Blob 404 on load. Triggering self-heal...
2026-07-06 13:37:05 IST - BotCore - WARNING - DB: Blob 404 detected — Self-healer triggered. Creating new blob...
2026-07-06 13:37:05 IST - BotCore - INFO - DB: Self-healer attempting to restore from Secondary Cloud Backup...
2026-07-06 13:37:06 IST - BotCore - INFO - DB: Self-healer loaded 17 trades from Secondary Cloud Backup.
2026-07-06 13:37:07 IST - BotCore - INFO - DB: Self-healer created new blob: ...b993f456 with 17 trades restored.
2026-07-06 13:37:28 IST - BotCore - INFO - API: Time synced. Offset: -6s
2026-07-06 13:37:29 IST - BotCore - INFO - DB: Connected to Cloud DB (Blob: ...26627ac1)
2026-07-06 13:37:29 IST - BotCore - INFO - DB: Keep-alive thread started (pings every 12h).
2026-07-06 13:37:29 IST - BotCore - ERROR - DB: Blob 404 on load. Triggering self-heal...
2026-07-06 13:37:29 IST - BotCore - WARNING - DB: Blob 404 detected — Self-healer triggered. Creating new blob...
2026-07-06 13:37:29 IST - BotCore - INFO - DB: Self-healer attempting to restore from Secondary Cloud Backup...
2026-07-06 13:37:30 IST - BotCore - INFO - DB: Self-healer loaded 17 trades from Secondary Cloud Backup.
2026-07-06 13:37:31 IST - BotCore - INFO - DB: Self-healer created new blob: ...2add1e63 with 17 trades restored.
2026-07-06 13:37:49 IST - BotCore - INFO - API: Time synced. Offset: -7s
2026-07-06 13:37:49 IST - BotCore - INFO - DB: Connected to Cloud DB (Blob: ...26627ac1)
2026-07-06 13:37:49 IST - BotCore - INFO - DB: Keep-alive thread started (pings every 12h).
2026-07-06 13:37:50 IST - BotCore - ERROR - DB: Blob 404 on load. Triggering self-heal...
2026-07-06 13:37:50 IST - BotCore - WARNING - DB: Blob 404 detected — Self-healer triggered. Creating new blob...
2026-07-06 13:37:50 IST - BotCore - INFO - DB: Self-healer attempting to restore from Secondary Cloud Backup...
2026-07-06 13:37:51 IST - BotCore - INFO - DB: Self-healer loaded 17 trades from Secondary Cloud Backup.
2026-07-06 13:37:52 IST - BotCore - INFO - DB: Self-healer created new blob: ...c78727e5 with 17 trades restored.
2026-07-06 13:37:52 IST - BotCore - INFO - DB: Self-heal load success! 17 trades restored.
2026-07-06 13:37:52 IST - BotCore - INFO - Rule Compliance: 100% (11/11)
Rule 1: Entry Times - [PASS]
   Expected: 9:00, 9:30 AM IST
Rule 2: Strike Selection (IV-Based + 5 OTM) - [PASS]
   Expected: DVOL-based premium ranges, Min 5 strikes OTM, Put <= 1.30xCall, Net Delta <= 0.10
Rule 3: Lot Size (Manual + Dynamic) - [PASS]
   Expected: Manual from dashboard + DVOL/loss-based dynamic sizing
Rule 4: Stop Loss & Target - [PASS]
   Expected: Single-Leg 130% SL, 30% Full Target
Rule 5: Partial Profit - [PASS]
   Expected: 50% Size at 20% Profit
Rule 6: Trailing Stop Loss - [PASS]
   Expected: Breakeven after 15% Profit
Rule 7: DVOL Percentile Filter - [PASS]
   Expected: Trade only if DVOL Percentile 10%-90%
Rule 8: Smart Hedging - [PASS]
   Expected: Premium-based: 12% Bleed (50%), 25% Bleed (100%), Delta-Weighted
Rule 9: Dynamic Position Sizing - [PASS]
   Expected: DVOL 40-55% +20%, 2 losses -20%, Daily >2% -30%
Rule 10: Money Management - [PASS]
   Expected: 1.0% risk/trade, 2% daily limit, 3 consecutive losses stop, 2.5% pause next day
Rule 11: Exit Time - [PASS]
   Expected: Prepare 16:55 IST, Hard Exit 17:00 IST
2026-07-06 13:37:52 IST - BotCore - INFO - Engine: Starting Delta BTC Options Bot in SHADOW mode with Capital: $50000.0
2026-07-06 13:37:52 IST - BotCore - INFO - Telegram polling loop started.
2026-07-06 13:37:52 IST - BotCore - INFO - Telegram interactive bot thread started.
2026-07-06 13:37:52 IST - BotCore - INFO - ARES ServiceRunner initialized in background thread.
2026-07-06 13:37:52 IST - BotCore - INFO - Starting Web Dashboard on port 5000
2026-07-06 13:37:53 IST - BotCore - INFO - Telegram: Skipped 0 old messages. Waiting for new commands.
2026-07-06 13:37:54 IST - BotCore - INFO - Engine: Scheduled daily morning entry 09:00 IST (Asia/Kolkata timezone)
2026-07-06 13:37:54 IST - BotCore - INFO - Engine: Scheduled daily morning entry 09:30 IST (Asia/Kolkata timezone)
2026-07-06 13:37:54 IST - BotCore - INFO - Engine: Scheduled daily EOD hard exit 17:00 IST (Asia/Kolkata timezone)
2026-07-06 13:37:54 IST - BotCore - INFO - Engine: Scheduled verification at 09:30/18:00 IST (Asia/Kolkata timezone)
2026-07-06 13:37:54 IST - BotCore - INFO - Engine: Scheduled daily report & backup at 17:30 IST (Asia/Kolkata timezone)
2026-07-06 13:37:54 IST - BotCore - INFO - Engine: Starting 24/7 background Option Chain Monitor...
2026-07-06 13:37:54 IST - BotCore - INFO - WS Connection Opened
2026-07-06 13:37:54 IST - BotCore - INFO - WS: Subscribed to ['BTCUSD']
2026-07-06 13:37:54 IST - BotCore - WARNING - Filter: Failed to fetch candles for ADX.
2026-07-06 13:38:56 IST - BotCore - INFO - API: Time synced. Offset: -3s
2026-07-06 13:38:57 IST - BotCore - INFO - DB: Connected to Cloud DB (Blob: ...26627ac1)
2026-07-06 13:38:57 IST - BotCore - INFO - DB: Keep-alive thread started (pings every 12h).
2026-07-06 13:38:57 IST - BotCore - ERROR - DB: Blob 404 on load. Triggering self-heal...
2026-07-06 13:38:57 IST - BotCore - WARNING - DB: Blob 404 detected — Self-healer triggered. Creating new blob...
2026-07-06 13:38:57 IST - BotCore - INFO - DB: Self-healer attempting to restore from Secondary Cloud Backup...
2026-07-06 13:38:58 IST - BotCore - INFO - DB: Self-healer loaded 17 trades from Secondary Cloud Backup.
2026-07-06 13:38:59 IST - BotCore - INFO - DB: Self-healer created new blob: ...8a2d365c with 17 trades restored.
2026-07-06 13:38:59 IST - BotCore - INFO - DB: Self-heal load success! 17 trades restored.
2026-07-06 13:38:59 IST - BotCore - INFO - Rule Compliance: 100% (11/11)
Rule 1: Entry Times - [PASS]
   Expected: 9:00, 9:30 AM IST
Rule 2: Strike Selection (IV-Based + 5 OTM) - [PASS]
   Expected: DVOL-based premium ranges, Min 5 strikes OTM, Put <= 1.30xCall, Net Delta <= 0.10
Rule 3: Lot Size (Manual + Dynamic) - [PASS]
   Expected: Manual from dashboard + DVOL/loss-based dynamic sizing
Rule 4: Stop Loss & Target - [PASS]
   Expected: Single-Leg 130% SL, 30% Full Target
Rule 5: Partial Profit - [PASS]
   Expected: 50% Size at 20% Profit
Rule 6: Trailing Stop Loss - [PASS]
   Expected: Breakeven after 15% Profit
Rule 7: DVOL Percentile Filter - [PASS]
   Expected: Trade only if DVOL Percentile 10%-90%
Rule 8: Smart Hedging - [PASS]
   Expected: Premium-based: 12% Bleed (50%), 25% Bleed (100%), Delta-Weighted
Rule 9: Dynamic Position Sizing - [PASS]
   Expected: DVOL 40-55% +20%, 2 losses -20%, Daily >2% -30%
Rule 10: Money Management - [PASS]
   Expected: 1.0% risk/trade, 2% daily limit, 3 consecutive losses stop, 2.5% pause next day
Rule 11: Exit Time - [PASS]
   Expected: Prepare 16:55 IST, Hard Exit 17:00 IST
2026-07-06 13:38:59 IST - BotCore - INFO - Engine: Starting Delta BTC Options Bot in SHADOW mode with Capital: $50000.0
2026-07-06 13:38:59 IST - BotCore - INFO - Telegram polling loop started.
2026-07-06 13:38:59 IST - BotCore - INFO - Telegram interactive bot thread started.
2026-07-06 13:39:00 IST - BotCore - INFO - ARES ServiceRunner initialized in background thread.
2026-07-06 13:39:00 IST - BotCore - INFO - Starting Web Dashboard on port 5000
2026-07-06 13:39:00 IST - BotCore - INFO - Telegram: Skipped 0 old messages. Waiting for new commands.
2026-07-06 13:39:01 IST - BotCore - INFO - Engine: Scheduled daily morning entry 09:00 IST (Asia/Kolkata timezone)
2026-07-06 13:39:01 IST - BotCore - INFO - Engine: Scheduled daily morning entry 09:30 IST (Asia/Kolkata timezone)
2026-07-06 13:39:01 IST - BotCore - INFO - Engine: Scheduled daily EOD hard exit 17:00 IST (Asia/Kolkata timezone)
2026-07-06 13:39:01 IST - BotCore - INFO - Engine: Scheduled verification at 09:30/18:00 IST (Asia/Kolkata timezone)
2026-07-06 13:39:01 IST - BotCore - INFO - Engine: Scheduled daily report & backup at 17:30 IST (Asia/Kolkata timezone)
2026-07-06 13:39:01 IST - BotCore - INFO - Engine: Starting 24/7 background Option Chain Monitor...
2026-07-06 13:39:01 IST - BotCore - INFO - WS Connection Opened
2026-07-06 13:39:01 IST - BotCore - INFO - WS: Subscribed to ['BTCUSD']
2026-07-06 13:39:01 IST - BotCore - WARNING - Filter: Failed to fetch candles for ADX.
2026-07-06 13:39:11 IST - BotCore - INFO - Filters: ForexFactory calendar cache updated.
2026-07-06 13:39:27 IST - BotCore - INFO - API: Time synced. Offset: -3s
2026-07-06 13:39:28 IST - BotCore - INFO - DB: Connected to Cloud DB (Blob: ...26627ac1)
2026-07-06 13:39:28 IST - BotCore - INFO - DB: Keep-alive thread started (pings every 12h).
2026-07-06 13:39:28 IST - BotCore - ERROR - DB: Blob 404 on load. Triggering self-heal...
2026-07-06 13:39:28 IST - BotCore - WARNING - DB: Blob 404 detected — Self-healer triggered. Creating new blob...
2026-07-06 13:39:28 IST - BotCore - INFO - DB: Self-healer attempting to restore from Secondary Cloud Backup...
2026-07-06 13:39:29 IST - BotCore - INFO - DB: Self-healer loaded 17 trades from Secondary Cloud Backup.
2026-07-06 13:39:31 IST - BotCore - INFO - DB: Self-healer created new blob: ...760b3e79 with 17 trades restored.
2026-07-06 13:39:31 IST - BotCore - INFO - DB: Self-heal load success! 17 trades restored.
2026-07-06 13:39:31 IST - BotCore - INFO - Rule Compliance: 100% (11/11)
Rule 1: Entry Times - [PASS]
   Expected: 9:00, 9:30 AM IST
Rule 2: Strike Selection (IV-Based + 5 OTM) - [PASS]
   Expected: DVOL-based premium ranges, Min 5 strikes OTM, Put <= 1.30xCall, Net Delta <= 0.10
Rule 3: Lot Size (Manual + Dynamic) - [PASS]
   Expected: Manual from dashboard + DVOL/loss-based dynamic sizing
Rule 4: Stop Loss & Target - [PASS]
   Expected: Single-Leg 130% SL, 30% Full Target
Rule 5: Partial Profit - [PASS]
   Expected: 50% Size at 20% Profit
Rule 6: Trailing Stop Loss - [PASS]
   Expected: Breakeven after 15% Profit
Rule 7: DVOL Percentile Filter - [PASS]
   Expected: Trade only if DVOL Percentile 10%-90%
Rule 8: Smart Hedging - [PASS]
   Expected: Premium-based: 12% Bleed (50%), 25% Bleed (100%), Delta-Weighted
Rule 9: Dynamic Position Sizing - [PASS]
   Expected: DVOL 40-55% +20%, 2 losses -20%, Daily >2% -30%
Rule 10: Money Management - [PASS]
   Expected: 1.0% risk/trade, 2% daily limit, 3 consecutive losses stop, 2.5% pause next day
Rule 11: Exit Time - [PASS]
   Expected: Prepare 16:55 IST, Hard Exit 17:00 IST
2026-07-06 13:39:31 IST - BotCore - INFO - Engine: Starting Delta BTC Options Bot in SHADOW mode with Capital: $50000.0
2026-07-06 13:39:31 IST - BotCore - INFO - Telegram polling loop started.
2026-07-06 13:39:31 IST - BotCore - INFO - Telegram interactive bot thread started.
2026-07-06 13:39:32 IST - BotCore - INFO - ARES ServiceRunner initialized in background thread.
2026-07-06 13:39:32 IST - BotCore - INFO - Starting Web Dashboard on port 5000
2026-07-06 13:39:33 IST - BotCore - INFO - Engine: Scheduled daily morning entry 09:00 IST (Asia/Kolkata timezone)
2026-07-06 13:39:33 IST - BotCore - INFO - Engine: Scheduled daily morning entry 09:30 IST (Asia/Kolkata timezone)
2026-07-06 13:39:33 IST - BotCore - INFO - Engine: Scheduled daily EOD hard exit 17:00 IST (Asia/Kolkata timezone)
2026-07-06 13:39:33 IST - BotCore - INFO - Engine: Scheduled verification at 09:30/18:00 IST (Asia/Kolkata timezone)
2026-07-06 13:39:33 IST - BotCore - INFO - Engine: Scheduled daily report & backup at 17:30 IST (Asia/Kolkata timezone)
2026-07-06 13:39:33 IST - BotCore - INFO - Engine: Starting 24/7 background Option Chain Monitor...
2026-07-06 13:39:33 IST - BotCore - INFO - WS Connection Opened
2026-07-06 13:39:33 IST - BotCore - INFO - WS: Subscribed to ['BTCUSD']
2026-07-06 13:39:33 IST - BotCore - WARNING - Filter: Failed to fetch candles for ADX.
2026-07-06 13:43:38 IST - BotCore - INFO - API: Time synced. Offset: -1s
2026-07-06 13:43:39 IST - BotCore - INFO - DB: Connected to Cloud DB (Blob: ...26627ac1)
2026-07-06 13:43:39 IST - BotCore - INFO - DB: Keep-alive thread started (pings every 12h).
2026-07-06 13:43:40 IST - BotCore - ERROR - DB: Blob 404 on load. Triggering self-heal...
2026-07-06 13:43:40 IST - BotCore - WARNING - DB: Blob 404 detected — Self-healer triggered. Creating new blob...
2026-07-06 13:43:40 IST - BotCore - INFO - DB: Self-healer attempting to restore from Secondary Cloud Backup...
2026-07-06 13:43:40 IST - BotCore - INFO - DB: Self-healer loaded 17 trades from Secondary Cloud Backup.
2026-07-06 13:43:41 IST - BotCore - INFO - DB: Self-healer created new blob: ...4e72470b with 17 trades restored.
2026-07-06 13:43:42 IST - BotCore - INFO - DB: Self-heal load success! 17 trades restored.
2026-07-06 13:43:42 IST - BotCore - INFO - Rule Compliance: 100% (11/11)
Rule 1: Entry Times - [PASS]
   Expected: 9:00, 9:30 AM IST
Rule 2: Strike Selection (IV-Based + 5 OTM) - [PASS]
   Expected: DVOL-based premium ranges, Min 5 strikes OTM, Put <= 1.30xCall, Net Delta <= 0.10
Rule 3: Lot Size (Manual + Dynamic) - [PASS]
   Expected: Manual from dashboard + DVOL/loss-based dynamic sizing
Rule 4: Stop Loss & Target - [PASS]
   Expected: Single-Leg 130% SL, 30% Full Target
Rule 5: Partial Profit - [PASS]
   Expected: 50% Size at 20% Profit
Rule 6: Trailing Stop Loss - [PASS]
   Expected: Breakeven after 15% Profit
Rule 7: DVOL Percentile Filter - [PASS]
   Expected: Trade only if DVOL Percentile 10%-90%
Rule 8: Smart Hedging - [PASS]
   Expected: Premium-based: 12% Bleed (50%), 25% Bleed (100%), Delta-Weighted
Rule 9: Dynamic Position Sizing - [PASS]
   Expected: DVOL 40-55% +20%, 2 losses -20%, Daily >2% -30%
Rule 10: Money Management - [PASS]
   Expected: 1.0% risk/trade, 2% daily limit, 3 consecutive losses stop, 2.5% pause next day
Rule 11: Exit Time - [PASS]
   Expected: Prepare 16:55 IST, Hard Exit 17:00 IST
2026-07-06 13:43:42 IST - BotCore - INFO - Engine: Starting Delta BTC Options Bot in SHADOW mode with Capital: $50000.0
2026-07-06 13:43:42 IST - BotCore - INFO - Telegram polling loop started.
2026-07-06 13:43:42 IST - BotCore - INFO - Telegram interactive bot thread started.
2026-07-06 13:43:43 IST - BotCore - INFO - ARES ServiceRunner initialized in background thread.
2026-07-06 13:43:43 IST - BotCore - INFO - Starting Web Dashboard on port 5000
2026-07-06 13:43:43 IST - BotCore - INFO - Telegram: Skipped 0 old messages. Waiting for new commands.
2026-07-06 13:43:43 IST - BotCore - INFO - Engine: Scheduled daily morning entry 09:00 IST (Asia/Kolkata timezone)
2026-07-06 13:43:43 IST - BotCore - INFO - Engine: Scheduled daily morning entry 09:30 IST (Asia/Kolkata timezone)
2026-07-06 13:43:43 IST - BotCore - INFO - Engine: Scheduled daily EOD hard exit 17:00 IST (Asia/Kolkata timezone)
2026-07-06 13:43:43 IST - BotCore - INFO - Engine: Scheduled verification at 09:30/18:00 IST (Asia/Kolkata timezone)
2026-07-06 13:43:43 IST - BotCore - INFO - Engine: Scheduled daily report & backup at 17:30 IST (Asia/Kolkata timezone)
2026-07-06 13:43:43 IST - BotCore - INFO - Engine: Starting 24/7 background Option Chain Monitor...
2026-07-06 13:43:43 IST - BotCore - INFO - WS Connection Opened
2026-07-06 13:43:43 IST - BotCore - INFO - WS: Subscribed to ['BTCUSD']
2026-07-06 13:43:45 IST - BotCore - WARNING - Filter: Failed to fetch candles for ADX.
2026-07-06 13:43:51 IST - BotCore - INFO - Filters: ForexFactory calendar cache updated.
2026-07-06 13:44:43 IST - BotCore - INFO - API: Time synced. Offset: -5s
2026-07-06 13:44:43 IST - BotCore - INFO - DB: Connected to Cloud DB (Blob: ...26627ac1)
2026-07-06 13:44:43 IST - BotCore - INFO - DB: Keep-alive thread started (pings every 12h).
2026-07-06 13:44:44 IST - BotCore - ERROR - DB: Blob 404 on load. Triggering self-heal...
2026-07-06 13:44:44 IST - BotCore - WARNING - DB: Blob 404 detected — Self-healer triggered. Creating new blob...
2026-07-06 13:44:44 IST - BotCore - INFO - DB: Self-healer attempting to restore from Secondary Cloud Backup...
2026-07-06 13:44:45 IST - BotCore - INFO - DB: Self-healer loaded 17 trades from Secondary Cloud Backup.
2026-07-06 13:44:46 IST - BotCore - INFO - DB: Self-healer created new blob: ...f5d3ec04 with 17 trades restored.
2026-07-06 13:44:46 IST - BotCore - INFO - DB: Self-heal load success! 17 trades restored.
2026-07-06 13:44:47 IST - BotCore - INFO - Rule Compliance: 100% (11/11)
Rule 1: Entry Times - [PASS]
   Expected: 9:00, 9:30 AM IST
Rule 2: Strike Selection (IV-Based + 5 OTM) - [PASS]
   Expected: DVOL-based premium ranges, Min 5 strikes OTM, Put <= 1.30xCall, Net Delta <= 0.10
Rule 3: Lot Size (Manual + Dynamic) - [PASS]
   Expected: Manual from dashboard + DVOL/loss-based dynamic sizing
Rule 4: Stop Loss & Target - [PASS]
   Expected: Single-Leg 130% SL, 30% Full Target
Rule 5: Partial Profit - [PASS]
   Expected: 50% Size at 20% Profit
Rule 6: Trailing Stop Loss - [PASS]
   Expected: Breakeven after 15% Profit
Rule 7: DVOL Percentile Filter - [PASS]
   Expected: Trade only if DVOL Percentile 10%-90%
Rule 8: Smart Hedging - [PASS]
   Expected: Premium-based: 12% Bleed (50%), 25% Bleed (100%), Delta-Weighted
Rule 9: Dynamic Position Sizing - [PASS]
   Expected: DVOL 40-55% +20%, 2 losses -20%, Daily >2% -30%
Rule 10: Money Management - [PASS]
   Expected: 1.0% risk/trade, 2% daily limit, 3 consecutive losses stop, 2.5% pause next day
Rule 11: Exit Time - [PASS]
   Expected: Prepare 16:55 IST, Hard Exit 17:00 IST
2026-07-06 13:44:47 IST - BotCore - INFO - Engine: Starting Delta BTC Options Bot in SHADOW mode with Capital: $50000.0
2026-07-06 13:44:47 IST - BotCore - INFO - Telegram polling loop started.
2026-07-06 13:44:47 IST - BotCore - INFO - Telegram interactive bot thread started.
2026-07-06 13:44:47 IST - BotCore - INFO - ARES ServiceRunner initialized in background thread.
2026-07-06 13:44:47 IST - BotCore - INFO - Starting Web Dashboard on port 5000
2026-07-06 13:44:47 IST - BotCore - INFO - Telegram: Skipped 0 old messages. Waiting for new commands.
2026-07-06 13:44:48 IST - BotCore - INFO - Engine: Scheduled daily morning entry 09:00 IST (Asia/Kolkata timezone)
2026-07-06 13:44:48 IST - BotCore - INFO - Engine: Scheduled daily morning entry 09:30 IST (Asia/Kolkata timezone)
2026-07-06 13:44:48 IST - BotCore - INFO - Engine: Scheduled daily EOD hard exit 17:00 IST (Asia/Kolkata timezone)
2026-07-06 13:44:48 IST - BotCore - INFO - Engine: Scheduled verification at 09:30/18:00 IST (Asia/Kolkata timezone)
2026-07-06 13:44:48 IST - BotCore - INFO - Engine: Scheduled daily report & backup at 17:30 IST (Asia/Kolkata timezone)
2026-07-06 13:44:48 IST - BotCore - INFO - Engine: Starting 24/7 background Option Chain Monitor...
2026-07-06 13:44:48 IST - BotCore - INFO - WS Connection Opened
2026-07-06 13:44:48 IST - BotCore - INFO - WS: Subscribed to ['BTCUSD']
2026-07-06 13:44:48 IST - BotCore - WARNING - Filter: Failed to fetch candles for ADX.
2026-07-06 13:48:31 IST - BotCore - INFO - API: Time synced. Offset: -1s
2026-07-06 13:48:31 IST - BotCore - INFO - DB: Connected to Cloud DB (Blob: ...26627ac1)
2026-07-06 13:48:31 IST - BotCore - INFO - DB: Keep-alive thread started (pings every 12h).
2026-07-06 13:48:32 IST - BotCore - ERROR - DB: Blob 404 on load. Triggering self-heal...
2026-07-06 13:48:32 IST - BotCore - WARNING - DB: Blob 404 detected — Self-healer triggered. Creating new blob...
2026-07-06 13:48:32 IST - BotCore - INFO - DB: Self-healer attempting to restore from Secondary Cloud Backup...
2026-07-06 13:48:33 IST - BotCore - INFO - DB: Self-healer loaded 17 trades from Secondary Cloud Backup.
2026-07-06 13:48:34 IST - BotCore - INFO - DB: Self-healer created new blob: ...5a9187aa with 17 trades restored.
2026-07-06 13:48:34 IST - BotCore - INFO - DB: Self-heal load success! 17 trades restored.
2026-07-06 13:48:34 IST - BotCore - INFO - Rule Compliance: 100% (11/11)
Rule 1: Entry Times - [PASS]
   Expected: 9:00, 9:30 AM IST
Rule 2: Strike Selection (IV-Based + 5 OTM) - [PASS]
   Expected: DVOL-based premium ranges, Min 5 strikes OTM, Put <= 1.30xCall, Net Delta <= 0.10
Rule 3: Lot Size (Manual + Dynamic) - [PASS]
   Expected: Manual from dashboard + DVOL/loss-based dynamic sizing
Rule 4: Stop Loss & Target - [PASS]
   Expected: Single-Leg 130% SL, 30% Full Target
Rule 5: Partial Profit - [PASS]
   Expected: 50% Size at 20% Profit
Rule 6: Trailing Stop Loss - [PASS]
   Expected: Breakeven after 15% Profit
Rule 7: DVOL Percentile Filter - [PASS]
   Expected: Trade only if DVOL Percentile 10%-90%
Rule 8: Smart Hedging - [PASS]
   Expected: Premium-based: 12% Bleed (50%), 25% Bleed (100%), Delta-Weighted
Rule 9: Dynamic Position Sizing - [PASS]
   Expected: DVOL 40-55% +20%, 2 losses -20%, Daily >2% -30%
Rule 10: Money Management - [PASS]
   Expected: 1.0% risk/trade, 2% daily limit, 3 consecutive losses stop, 2.5% pause next day
Rule 11: Exit Time - [PASS]
   Expected: Prepare 16:55 IST, Hard Exit 17:00 IST
2026-07-06 13:48:34 IST - BotCore - INFO - Engine: Starting Delta BTC Options Bot in SHADOW mode with Capital: $50000.0
2026-07-06 13:48:34 IST - BotCore - INFO - Telegram polling loop started.
2026-07-06 13:48:34 IST - BotCore - INFO - Telegram interactive bot thread started.
2026-07-06 13:48:35 IST - BotCore - INFO - ARES ServiceRunner initialized in background thread.
2026-07-06 13:48:35 IST - BotCore - INFO - Starting Web Dashboard on port 5000
2026-07-06 13:48:35 IST - BotCore - INFO - Telegram: Skipped 0 old messages. Waiting for new commands.
2026-07-06 13:48:36 IST - BotCore - INFO - Engine: Scheduled daily morning entry 09:00 IST (Asia/Kolkata timezone)
2026-07-06 13:48:36 IST - BotCore - INFO - Engine: Scheduled daily morning entry 09:30 IST (Asia/Kolkata timezone)
2026-07-06 13:48:36 IST - BotCore - INFO - Engine: Scheduled daily EOD hard exit 17:00 IST (Asia/Kolkata timezone)
2026-07-06 13:48:36 IST - BotCore - INFO - Engine: Scheduled verification at 09:30/18:00 IST (Asia/Kolkata timezone)
2026-07-06 13:48:36 IST - BotCore - INFO - Engine: Scheduled daily report & backup at 17:30 IST (Asia/Kolkata timezone)
2026-07-06 13:48:36 IST - BotCore - INFO - Engine: Starting 24/7 background Option Chain Monitor...
2026-07-06 13:48:36 IST - BotCore - INFO - WS Connection Opened
2026-07-06 13:48:36 IST - BotCore - INFO - WS: Subscribed to ['BTCUSD']
2026-07-06 13:48:36 IST - BotCore - WARNING - Filter: Failed to fetch candles for ADX.
2026-07-06 13:48:46 IST - BotCore - INFO - Filters: ForexFactory calendar cache updated.
2026-07-06 13:48:58 IST - BotCore - INFO - API: Time synced. Offset: -8s
2026-07-06 13:48:59 IST - BotCore - INFO - DB: Connected to Cloud DB (Blob: ...26627ac1)
2026-07-06 13:48:59 IST - BotCore - INFO - DB: Keep-alive thread started (pings every 12h).
2026-07-06 13:48:59 IST - BotCore - ERROR - DB: Blob 404 on load. Triggering self-heal...
2026-07-06 13:48:59 IST - BotCore - WARNING - DB: Blob 404 detected — Self-healer triggered. Creating new blob...
2026-07-06 13:48:59 IST - BotCore - INFO - DB: Self-healer attempting to restore from Secondary Cloud Backup...
2026-07-06 13:49:00 IST - BotCore - INFO - DB: Self-healer loaded 17 trades from Secondary Cloud Backup.
2026-07-06 13:49:01 IST - BotCore - INFO - DB: Self-healer created new blob: ...2d7486fc with 17 trades restored.
2026-07-06 13:49:02 IST - BotCore - INFO - DB: Self-heal load success! 17 trades restored.
2026-07-06 13:49:02 IST - BotCore - INFO - Rule Compliance: 100% (11/11)
Rule 1: Entry Times - [PASS]
   Expected: 9:00, 9:30 AM IST
Rule 2: Strike Selection (IV-Based + 5 OTM) - [PASS]
   Expected: DVOL-based premium ranges, Min 5 strikes OTM, Put <= 1.30xCall, Net Delta <= 0.10
Rule 3: Lot Size (Manual + Dynamic) - [PASS]
   Expected: Manual from dashboard + DVOL/loss-based dynamic sizing
Rule 4: Stop Loss & Target - [PASS]
   Expected: Single-Leg 130% SL, 30% Full Target
Rule 5: Partial Profit - [PASS]
   Expected: 50% Size at 20% Profit
Rule 6: Trailing Stop Loss - [PASS]
   Expected: Breakeven after 15% Profit
Rule 7: DVOL Percentile Filter - [PASS]
   Expected: Trade only if DVOL Percentile 10%-90%
Rule 8: Smart Hedging - [PASS]
   Expected: Premium-based: 12% Bleed (50%), 25% Bleed (100%), Delta-Weighted
Rule 9: Dynamic Position Sizing - [PASS]
   Expected: DVOL 40-55% +20%, 2 losses -20%, Daily >2% -30%
Rule 10: Money Management - [PASS]
   Expected: 1.0% risk/trade, 2% daily limit, 3 consecutive losses stop, 2.5% pause next day
Rule 11: Exit Time - [PASS]
   Expected: Prepare 16:55 IST, Hard Exit 17:00 IST
2026-07-06 13:49:02 IST - BotCore - INFO - Engine: Starting Delta BTC Options Bot in SHADOW mode with Capital: $50000.0
2026-07-06 13:49:02 IST - BotCore - INFO - Telegram polling loop started.
2026-07-06 13:49:02 IST - BotCore - INFO - Telegram interactive bot thread started.
2026-07-06 13:49:02 IST - BotCore - INFO - ARES ServiceRunner initialized in background thread.
2026-07-06 13:49:02 IST - BotCore - INFO - Starting Web Dashboard on port 5000
2026-07-06 13:49:02 IST - BotCore - INFO - Telegram: Skipped 0 old messages. Waiting for new commands.
2026-07-06 13:49:03 IST - BotCore - INFO - Engine: Scheduled daily morning entry 09:00 IST (Asia/Kolkata timezone)
2026-07-06 13:49:03 IST - BotCore - INFO - Engine: Scheduled daily morning entry 09:30 IST (Asia/Kolkata timezone)
2026-07-06 13:49:03 IST - BotCore - INFO - Engine: Scheduled daily EOD hard exit 17:00 IST (Asia/Kolkata timezone)
2026-07-06 13:49:03 IST - BotCore - INFO - Engine: Scheduled verification at 09:30/18:00 IST (Asia/Kolkata timezone)
2026-07-06 13:49:03 IST - BotCore - INFO - Engine: Scheduled daily report & backup at 17:30 IST (Asia/Kolkata timezone)
2026-07-06 13:49:03 IST - BotCore - INFO - Engine: Starting 24/7 background Option Chain Monitor...
2026-07-06 13:49:03 IST - BotCore - INFO - WS Connection Opened
2026-07-06 13:49:03 IST - BotCore - INFO - WS: Subscribed to ['BTCUSD']
2026-07-06 13:49:03 IST - BotCore - WARNING - Filter: Failed to fetch candles for ADX.
2026-07-06 13:50:47 IST - BotCore - INFO - API: Time synced. Offset: -2s
2026-07-06 13:50:47 IST - BotCore - INFO - DB: Connected to Cloud DB (Blob: ...26627ac1)
2026-07-06 13:50:47 IST - BotCore - INFO - DB: Keep-alive thread started (pings every 12h).
2026-07-06 13:50:48 IST - BotCore - ERROR - DB: Blob 404 on load. Triggering self-heal...
2026-07-06 13:50:48 IST - BotCore - WARNING - DB: Blob 404 detected — Self-healer triggered. Creating new blob...
2026-07-06 13:50:48 IST - BotCore - INFO - DB: Self-healer attempting to restore from Secondary Cloud Backup...
2026-07-06 13:50:49 IST - BotCore - INFO - DB: Self-healer loaded 17 trades from Secondary Cloud Backup.
2026-07-06 13:50:50 IST - BotCore - INFO - DB: Self-healer created new blob: ...5b7d13ff with 17 trades restored.
2026-07-06 13:50:51 IST - BotCore - INFO - DB: Self-heal load success! 17 trades restored.
2026-07-06 13:50:51 IST - BotCore - INFO - Rule Compliance: 100% (11/11)
Rule 1: Entry Times - [PASS]
   Expected: 9:00, 9:30 AM IST
Rule 2: Strike Selection (IV-Based + 5 OTM) - [PASS]
   Expected: DVOL-based premium ranges, Min 5 strikes OTM, Put <= 1.30xCall, Net Delta <= 0.10
Rule 3: Lot Size (Manual + Dynamic) - [PASS]
   Expected: Manual from dashboard + DVOL/loss-based dynamic sizing
Rule 4: Stop Loss & Target - [PASS]
   Expected: Single-Leg 130% SL, 30% Full Target
Rule 5: Partial Profit - [PASS]
   Expected: 50% Size at 20% Profit
Rule 6: Trailing Stop Loss - [PASS]
   Expected: Breakeven after 15% Profit
Rule 7: DVOL Percentile Filter - [PASS]
   Expected: Trade only if DVOL Percentile 10%-90%
Rule 8: Smart Hedging - [PASS]
   Expected: Premium-based: 12% Bleed (50%), 25% Bleed (100%), Delta-Weighted
Rule 9: Dynamic Position Sizing - [PASS]
   Expected: DVOL 40-55% +20%, 2 losses -20%, Daily >2% -30%
Rule 10: Money Management - [PASS]
   Expected: 1.0% risk/trade, 2% daily limit, 3 consecutive losses stop, 2.5% pause next day
Rule 11: Exit Time - [PASS]
   Expected: Prepare 16:55 IST, Hard Exit 17:00 IST
2026-07-06 13:50:51 IST - BotCore - INFO - Engine: Starting Delta BTC Options Bot in SHADOW mode with Capital: $50000.0
2026-07-06 13:50:51 IST - BotCore - INFO - Telegram polling loop started.
2026-07-06 13:50:51 IST - BotCore - INFO - Telegram interactive bot thread started.
2026-07-06 13:50:51 IST - BotCore - INFO - ARES ServiceRunner initialized in background thread.
2026-07-06 13:50:51 IST - BotCore - INFO - Starting Web Dashboard on port 5000
2026-07-06 13:50:51 IST - BotCore - INFO - Telegram: Skipped 0 old messages. Waiting for new commands.
2026-07-06 13:50:52 IST - BotCore - INFO - Engine: Scheduled daily morning entry 09:00 IST (Asia/Kolkata timezone)
2026-07-06 13:50:52 IST - BotCore - INFO - Engine: Scheduled daily morning entry 09:30 IST (Asia/Kolkata timezone)
2026-07-06 13:50:52 IST - BotCore - INFO - Engine: Scheduled daily EOD hard exit 17:00 IST (Asia/Kolkata timezone)
2026-07-06 13:50:52 IST - BotCore - INFO - Engine: Scheduled verification at 09:30/18:00 IST (Asia/Kolkata timezone)
2026-07-06 13:50:52 IST - BotCore - INFO - Engine: Scheduled daily report & backup at 17:30 IST (Asia/Kolkata timezone)
2026-07-06 13:50:52 IST - BotCore - INFO - Engine: Starting 24/7 background Option Chain Monitor...
2026-07-06 13:50:52 IST - BotCore - INFO - WS Connection Opened
2026-07-06 13:50:52 IST - BotCore - INFO - WS: Subscribed to ['BTCUSD']
2026-07-06 13:50:53 IST - BotCore - WARNING - Filter: Failed to fetch candles for ADX.
2026-07-06 13:51:02 IST - BotCore - INFO - Filters: ForexFactory calendar cache updated.
2026-07-06 13:51:14 IST - BotCore - INFO - API: Time synced. Offset: -8s
2026-07-06 13:51:15 IST - BotCore - INFO - DB: Connected to Cloud DB (Blob: ...26627ac1)
2026-07-06 13:51:15 IST - BotCore - INFO - DB: Keep-alive thread started (pings every 12h).
2026-07-06 13:51:15 IST - BotCore - ERROR - DB: Blob 404 on load. Triggering self-heal...
2026-07-06 13:51:15 IST - BotCore - WARNING - DB: Blob 404 detected — Self-healer triggered. Creating new blob...
2026-07-06 13:51:15 IST - BotCore - INFO - DB: Self-healer attempting to restore from Secondary Cloud Backup...
2026-07-06 13:51:16 IST - BotCore - INFO - DB: Self-healer loaded 17 trades from Secondary Cloud Backup.
2026-07-06 13:51:17 IST - BotCore - INFO - DB: Self-healer created new blob: ...cdef205c with 17 trades restored.
2026-07-06 13:51:18 IST - BotCore - INFO - DB: Self-heal load success! 17 trades restored.
2026-07-06 13:51:18 IST - BotCore - INFO - Rule Compliance: 100% (11/11)
Rule 1: Entry Times - [PASS]
   Expected: 9:00, 9:30 AM IST
Rule 2: Strike Selection (IV-Based + 5 OTM) - [PASS]
   Expected: DVOL-based premium ranges, Min 5 strikes OTM, Put <= 1.30xCall, Net Delta <= 0.10
Rule 3: Lot Size (Manual + Dynamic) - [PASS]
   Expected: Manual from dashboard + DVOL/loss-based dynamic sizing
Rule 4: Stop Loss & Target - [PASS]
   Expected: Single-Leg 130% SL, 30% Full Target
Rule 5: Partial Profit - [PASS]
   Expected: 50% Size at 20% Profit
Rule 6: Trailing Stop Loss - [PASS]
   Expected: Breakeven after 15% Profit
Rule 7: DVOL Percentile Filter - [PASS]
   Expected: Trade only if DVOL Percentile 10%-90%
Rule 8: Smart Hedging - [PASS]
   Expected: Premium-based: 12% Bleed (50%), 25% Bleed (100%), Delta-Weighted
Rule 9: Dynamic Position Sizing - [PASS]
   Expected: DVOL 40-55% +20%, 2 losses -20%, Daily >2% -30%
Rule 10: Money Management - [PASS]
   Expected: 1.0% risk/trade, 2% daily limit, 3 consecutive losses stop, 2.5% pause next day
Rule 11: Exit Time - [PASS]
   Expected: Prepare 16:55 IST, Hard Exit 17:00 IST
2026-07-06 13:51:18 IST - BotCore - INFO - Engine: Starting Delta BTC Options Bot in SHADOW mode with Capital: $50000.0
2026-07-06 13:51:18 IST - BotCore - INFO - Telegram polling loop started.
2026-07-06 13:51:18 IST - BotCore - INFO - Telegram interactive bot thread started.
2026-07-06 13:51:18 IST - BotCore - INFO - ARES ServiceRunner initialized in background thread.
2026-07-06 13:51:18 IST - BotCore - INFO - Starting Web Dashboard on port 5000
2026-07-06 13:51:19 IST - BotCore - INFO - WS Connection Opened
2026-07-06 13:51:19 IST - BotCore - INFO - WS: Subscribed to ['BTCUSD']
2026-07-06 13:51:19 IST - BotCore - INFO - Engine: Scheduled daily morning entry 09:00 IST (Asia/Kolkata timezone)
2026-07-06 13:51:19 IST - BotCore - INFO - Engine: Scheduled daily morning entry 09:30 IST (Asia/Kolkata timezone)
2026-07-06 13:51:19 IST - BotCore - INFO - Engine: Scheduled daily EOD hard exit 17:00 IST (Asia/Kolkata timezone)
2026-07-06 13:51:19 IST - BotCore - INFO - Engine: Scheduled verification at 09:30/18:00 IST (Asia/Kolkata timezone)
2026-07-06 13:51:19 IST - BotCore - INFO - Engine: Scheduled daily report & backup at 17:30 IST (Asia/Kolkata timezone)
2026-07-06 13:51:19 IST - BotCore - INFO - Engine: Starting 24/7 background Option Chain Monitor...
2026-07-06 13:51:20 IST - BotCore - WARNING - Filter: Failed to fetch candles for ADX.
2026-07-06 13:51:55 IST - BotCore - INFO - API: Time synced. Offset: -8s
2026-07-06 13:51:55 IST - BotCore - INFO - DB: Connected to Cloud DB (Blob: ...26627ac1)
2026-07-06 13:51:55 IST - BotCore - INFO - DB: Keep-alive thread started (pings every 12h).
2026-07-06 13:51:56 IST - BotCore - ERROR - DB: Blob 404 on load. Triggering self-heal...
2026-07-06 13:51:56 IST - BotCore - WARNING - DB: Blob 404 detected — Self-healer triggered. Creating new blob...
2026-07-06 13:51:56 IST - BotCore - INFO - DB: Self-healer attempting to restore from Secondary Cloud Backup...
2026-07-06 13:51:57 IST - BotCore - INFO - DB: Self-healer loaded 17 trades from Secondary Cloud Backup.
2026-07-06 13:51:58 IST - BotCore - INFO - DB: Self-healer created new blob: ...14a7c4d6 with 17 trades restored.
2026-07-06 13:51:58 IST - BotCore - INFO - DB: Self-heal load success! 17 trades restored.
2026-07-06 13:51:58 IST - BotCore - INFO - Rule Compliance: 100% (11/11)
Rule 1: Entry Times - [PASS]
   Expected: 9:00, 9:30 AM IST
Rule 2: Strike Selection (IV-Based + 5 OTM) - [PASS]
   Expected: DVOL-based premium ranges, Min 5 strikes OTM, Put <= 1.30xCall, Net Delta <= 0.10
Rule 3: Lot Size (Manual + Dynamic) - [PASS]
   Expected: Manual from dashboard + DVOL/loss-based dynamic sizing
Rule 4: Stop Loss & Target - [PASS]
   Expected: Single-Leg 130% SL, 30% Full Target
Rule 5: Partial Profit - [PASS]
   Expected: 50% Size at 20% Profit
Rule 6: Trailing Stop Loss - [PASS]
   Expected: Breakeven after 15% Profit
Rule 7: DVOL Percentile Filter - [PASS]
   Expected: Trade only if DVOL Percentile 10%-90%
Rule 8: Smart Hedging - [PASS]
   Expected: Premium-based: 12% Bleed (50%), 25% Bleed (100%), Delta-Weighted
Rule 9: Dynamic Position Sizing - [PASS]
   Expected: DVOL 40-55% +20%, 2 losses -20%, Daily >2% -30%
Rule 10: Money Management - [PASS]
   Expected: 1.0% risk/trade, 2% daily limit, 3 consecutive losses stop, 2.5% pause next day
Rule 11: Exit Time - [PASS]
   Expected: Prepare 16:55 IST, Hard Exit 17:00 IST
2026-07-06 13:51:58 IST - BotCore - INFO - Engine: Starting Delta BTC Options Bot in SHADOW mode with Capital: $50000.0
2026-07-06 13:51:58 IST - BotCore - INFO - Telegram polling loop started.
2026-07-06 13:51:58 IST - BotCore - INFO - Telegram interactive bot thread started.
2026-07-06 13:51:59 IST - BotCore - INFO - ARES ServiceRunner initialized in background thread.
2026-07-06 13:51:59 IST - BotCore - INFO - Starting Web Dashboard on port 5000
2026-07-06 13:51:59 IST - BotCore - INFO - Telegram: Skipped 0 old messages. Waiting for new commands.
2026-07-06 13:52:00 IST - BotCore - INFO - Engine: Scheduled daily morning entry 09:00 IST (Asia/Kolkata timezone)
2026-07-06 13:52:00 IST - BotCore - INFO - Engine: Scheduled daily morning entry 09:30 IST (Asia/Kolkata timezone)
2026-07-06 13:52:00 IST - BotCore - INFO - Engine: Scheduled daily EOD hard exit 17:00 IST (Asia/Kolkata timezone)
2026-07-06 13:52:00 IST - BotCore - INFO - Engine: Scheduled verification at 09:30/18:00 IST (Asia/Kolkata timezone)
2026-07-06 13:52:00 IST - BotCore - INFO - Engine: Scheduled daily report & backup at 17:30 IST (Asia/Kolkata timezone)
2026-07-06 13:52:00 IST - BotCore - INFO - Engine: Starting 24/7 background Option Chain Monitor...
2026-07-06 13:52:00 IST - BotCore - INFO - WS Connection Opened
2026-07-06 13:52:00 IST - BotCore - INFO - WS: Subscribed to ['BTCUSD']
2026-07-06 13:52:00 IST - BotCore - WARNING - Filter: Failed to fetch candles for ADX.
2026-07-06 13:52:10 IST - BotCore - INFO - Filters: ForexFactory calendar cache updated.
2026-07-06 13:52:24 IST - BotCore - INFO - API: Time synced. Offset: -6s
2026-07-06 13:52:24 IST - BotCore - INFO - DB: Connected to Cloud DB (Blob: ...26627ac1)
2026-07-06 13:52:24 IST - BotCore - INFO - DB: Keep-alive thread started (pings every 12h).
2026-07-06 13:52:25 IST - BotCore - ERROR - DB: Blob 404 on load. Triggering self-heal...
2026-07-06 13:52:25 IST - BotCore - WARNING - DB: Blob 404 detected — Self-healer triggered. Creating new blob...
2026-07-06 13:52:25 IST - BotCore - INFO - DB: Self-healer attempting to restore from Secondary Cloud Backup...
2026-07-06 13:52:25 IST - BotCore - INFO - DB: Self-healer loaded 17 trades from Secondary Cloud Backup.
2026-07-06 13:52:27 IST - BotCore - INFO - DB: Self-healer created new blob: ...1f12235f with 17 trades restored.
2026-07-06 13:52:28 IST - BotCore - INFO - DB: Self-heal load success! 17 trades restored.
2026-07-06 13:52:28 IST - BotCore - INFO - Rule Compliance: 100% (11/11)
Rule 1: Entry Times - [PASS]
   Expected: 9:00, 9:30 AM IST
Rule 2: Strike Selection (IV-Based + 5 OTM) - [PASS]
   Expected: DVOL-based premium ranges, Min 5 strikes OTM, Put <= 1.30xCall, Net Delta <= 0.10
Rule 3: Lot Size (Manual + Dynamic) - [PASS]
   Expected: Manual from dashboard + DVOL/loss-based dynamic sizing
Rule 4: Stop Loss & Target - [PASS]
   Expected: Single-Leg 130% SL, 30% Full Target
Rule 5: Partial Profit - [PASS]
   Expected: 50% Size at 20% Profit
Rule 6: Trailing Stop Loss - [PASS]
   Expected: Breakeven after 15% Profit
Rule 7: DVOL Percentile Filter - [PASS]
   Expected: Trade only if DVOL Percentile 10%-90%
Rule 8: Smart Hedging - [PASS]
   Expected: Premium-based: 12% Bleed (50%), 25% Bleed (100%), Delta-Weighted
Rule 9: Dynamic Position Sizing - [PASS]
   Expected: DVOL 40-55% +20%, 2 losses -20%, Daily >2% -30%
Rule 10: Money Management - [PASS]
   Expected: 1.0% risk/trade, 2% daily limit, 3 consecutive losses stop, 2.5% pause next day
Rule 11: Exit Time - [PASS]
   Expected: Prepare 16:55 IST, Hard Exit 17:00 IST
2026-07-06 13:52:28 IST - BotCore - INFO - Engine: Starting Delta BTC Options Bot in SHADOW mode with Capital: $50000.0
2026-07-06 13:52:28 IST - BotCore - INFO - Telegram polling loop started.
2026-07-06 13:52:28 IST - BotCore - INFO - Telegram interactive bot thread started.
2026-07-06 13:52:28 IST - BotCore - INFO - ARES ServiceRunner initialized in background thread.
2026-07-06 13:52:28 IST - BotCore - INFO - Starting Web Dashboard on port 5000
2026-07-06 13:52:28 IST - BotCore - INFO - Telegram: Skipped 0 old messages. Waiting for new commands.
2026-07-06 13:52:29 IST - BotCore - INFO - Engine: Scheduled daily morning entry 09:00 IST (Asia/Kolkata timezone)
2026-07-06 13:52:29 IST - BotCore - INFO - Engine: Scheduled daily morning entry 09:30 IST (Asia/Kolkata timezone)
2026-07-06 13:52:29 IST - BotCore - INFO - Engine: Scheduled daily EOD hard exit 17:00 IST (Asia/Kolkata timezone)
2026-07-06 13:52:29 IST - BotCore - INFO - Engine: Scheduled verification at 09:30/18:00 IST (Asia/Kolkata timezone)
2026-07-06 13:52:29 IST - BotCore - INFO - Engine: Scheduled daily report & backup at 17:30 IST (Asia/Kolkata timezone)
2026-07-06 13:52:29 IST - BotCore - INFO - Engine: Starting 24/7 background Option Chain Monitor...
2026-07-06 13:52:29 IST - BotCore - INFO - WS Connection Opened
2026-07-06 13:52:29 IST - BotCore - INFO - WS: Subscribed to ['BTCUSD']
2026-07-06 13:52:29 IST - BotCore - WARNING - Filter: Failed to fetch candles for ADX.
2026-07-06 13:53:07 IST - BotCore - INFO - API: Time synced. Offset: -7s
2026-07-06 13:53:07 IST - BotCore - INFO - DB: Connected to Cloud DB (Blob: ...26627ac1)
2026-07-06 13:53:07 IST - BotCore - INFO - DB: Keep-alive thread started (pings every 12h).
2026-07-06 13:53:08 IST - BotCore - ERROR - DB: Blob 404 on load. Triggering self-heal...
2026-07-06 13:53:08 IST - BotCore - WARNING - DB: Blob 404 detected — Self-healer triggered. Creating new blob...
2026-07-06 13:53:08 IST - BotCore - INFO - DB: Self-healer attempting to restore from Secondary Cloud Backup...
2026-07-06 13:53:09 IST - BotCore - INFO - DB: Self-healer loaded 17 trades from Secondary Cloud Backup.
2026-07-06 13:53:10 IST - BotCore - INFO - DB: Self-healer created new blob: ...974debc7 with 17 trades restored.
2026-07-06 13:53:11 IST - BotCore - INFO - DB: Self-heal load success! 17 trades restored.
2026-07-06 13:53:11 IST - BotCore - INFO - Rule Compliance: 100% (11/11)
Rule 1: Entry Times - [PASS]
   Expected: 9:00, 9:30 AM IST
Rule 2: Strike Selection (IV-Based + 5 OTM) - [PASS]
   Expected: DVOL-based premium ranges, Min 5 strikes OTM, Put <= 1.30xCall, Net Delta <= 0.10
Rule 3: Lot Size (Manual + Dynamic) - [PASS]
   Expected: Manual from dashboard + DVOL/loss-based dynamic sizing
Rule 4: Stop Loss & Target - [PASS]
   Expected: Single-Leg 130% SL, 30% Full Target
Rule 5: Partial Profit - [PASS]
   Expected: 50% Size at 20% Profit
Rule 6: Trailing Stop Loss - [PASS]
   Expected: Breakeven after 15% Profit
Rule 7: DVOL Percentile Filter - [PASS]
   Expected: Trade only if DVOL Percentile 10%-90%
Rule 8: Smart Hedging - [PASS]
   Expected: Premium-based: 12% Bleed (50%), 25% Bleed (100%), Delta-Weighted
Rule 9: Dynamic Position Sizing - [PASS]
   Expected: DVOL 40-55% +20%, 2 losses -20%, Daily >2% -30%
Rule 10: Money Management - [PASS]
   Expected: 1.0% risk/trade, 2% daily limit, 3 consecutive losses stop, 2.5% pause next day
Rule 11: Exit Time - [PASS]
   Expected: Prepare 16:55 IST, Hard Exit 17:00 IST
2026-07-06 13:53:11 IST - BotCore - INFO - Engine: Starting Delta BTC Options Bot in SHADOW mode with Capital: $50000.0
2026-07-06 13:53:11 IST - BotCore - INFO - Telegram polling loop started.
2026-07-06 13:53:11 IST - BotCore - INFO - Telegram interactive bot thread started.
2026-07-06 13:53:11 IST - BotCore - INFO - ARES ServiceRunner initialized in background thread.
2026-07-06 13:53:11 IST - BotCore - INFO - Starting Web Dashboard on port 5000
2026-07-06 13:53:11 IST - BotCore - INFO - Telegram: Skipped 0 old messages. Waiting for new commands.
2026-07-06 13:53:12 IST - BotCore - INFO - Engine: Scheduled daily morning entry 09:00 IST (Asia/Kolkata timezone)
2026-07-06 13:53:12 IST - BotCore - INFO - Engine: Scheduled daily morning entry 09:30 IST (Asia/Kolkata timezone)
2026-07-06 13:53:12 IST - BotCore - INFO - Engine: Scheduled daily EOD hard exit 17:00 IST (Asia/Kolkata timezone)
2026-07-06 13:53:12 IST - BotCore - INFO - Engine: Scheduled verification at 09:30/18:00 IST (Asia/Kolkata timezone)
2026-07-06 13:53:12 IST - BotCore - INFO - Engine: Scheduled daily report & backup at 17:30 IST (Asia/Kolkata timezone)
2026-07-06 13:53:12 IST - BotCore - INFO - Engine: Starting 24/7 background Option Chain Monitor...
2026-07-06 13:53:12 IST - BotCore - INFO - WS Connection Opened
2026-07-06 13:53:12 IST - BotCore - INFO - WS: Subscribed to ['BTCUSD']
2026-07-06 13:53:12 IST - BotCore - WARNING - Filter: Failed to fetch candles for ADX.
2026-07-06 14:04:27 IST - BotCore - INFO - API: Time synced. Offset: -2s
2026-07-06 14:04:28 IST - BotCore - INFO - DB: Connected to Cloud DB (Blob: ...26627ac1)
2026-07-06 14:04:28 IST - BotCore - INFO - DB: Keep-alive thread started (pings every 12h).
2026-07-06 14:04:28 IST - BotCore - ERROR - DB: Blob 404 on load. Triggering self-heal...
2026-07-06 14:04:28 IST - BotCore - WARNING - DB: Blob 404 detected — Self-healer triggered. Creating new blob...
2026-07-06 14:04:28 IST - BotCore - INFO - DB: Self-healer attempting to restore from Secondary Cloud Backup...
2026-07-06 14:04:29 IST - BotCore - INFO - DB: Self-healer loaded 17 trades from Secondary Cloud Backup.
2026-07-06 14:04:30 IST - BotCore - INFO - DB: Self-healer created new blob: ...513d2ff2 with 17 trades restored.
2026-07-06 14:04:31 IST - BotCore - INFO - DB: Self-heal load success! 17 trades restored.
2026-07-06 14:04:31 IST - BotCore - INFO - Rule Compliance: 100% (11/11)
Rule 1: Entry Times - [PASS]
   Expected: 9:00, 9:30 AM IST
Rule 2: Strike Selection (IV-Based + 5 OTM) - [PASS]
   Expected: DVOL-based premium ranges, Min 5 strikes OTM, Put <= 1.30xCall, Net Delta <= 0.10
Rule 3: Lot Size (Manual + Dynamic) - [PASS]
   Expected: Manual from dashboard + DVOL/loss-based dynamic sizing
Rule 4: Stop Loss & Target - [PASS]
   Expected: Single-Leg 130% SL, 30% Full Target
Rule 5: Partial Profit - [PASS]
   Expected: 50% Size at 20% Profit
Rule 6: Trailing Stop Loss - [PASS]
   Expected: Breakeven after 15% Profit
Rule 7: DVOL Percentile Filter - [PASS]
   Expected: Trade only if DVOL Percentile 10%-90%
Rule 8: Smart Hedging - [PASS]
   Expected: Premium-based: 12% Bleed (50%), 25% Bleed (100%), Delta-Weighted
Rule 9: Dynamic Position Sizing - [PASS]
   Expected: DVOL 40-55% +20%, 2 losses -20%, Daily >2% -30%
Rule 10: Money Management - [PASS]
   Expected: 1.0% risk/trade, 2% daily limit, 3 consecutive losses stop, 2.5% pause next day
Rule 11: Exit Time - [PASS]
   Expected: Prepare 16:55 IST, Hard Exit 17:00 IST
2026-07-06 14:04:31 IST - BotCore - INFO - Engine: Starting Delta BTC Options Bot in SHADOW mode with Capital: $50000.0
2026-07-06 14:04:31 IST - BotCore - INFO - Telegram polling loop started.
2026-07-06 14:04:31 IST - BotCore - INFO - Telegram interactive bot thread started.
2026-07-06 14:04:31 IST - BotCore - INFO - ARES ServiceRunner initialized in background thread.
2026-07-06 14:04:31 IST - BotCore - INFO - Starting Web Dashboard on port 5000
2026-07-06 14:04:32 IST - BotCore - INFO - Telegram: Skipped 0 old messages. Waiting for new commands.
2026-07-06 14:04:32 IST - BotCore - INFO - Engine: Scheduled daily morning entry 09:00 IST (Asia/Kolkata timezone)
2026-07-06 14:04:32 IST - BotCore - INFO - Engine: Scheduled daily morning entry 09:30 IST (Asia/Kolkata timezone)
2026-07-06 14:04:32 IST - BotCore - INFO - Engine: Scheduled daily EOD hard exit 17:00 IST (Asia/Kolkata timezone)
2026-07-06 14:04:32 IST - BotCore - INFO - Engine: Scheduled verification at 09:30/18:00 IST (Asia/Kolkata timezone)
2026-07-06 14:04:32 IST - BotCore - INFO - Engine: Scheduled daily report & backup at 17:30 IST (Asia/Kolkata timezone)
2026-07-06 14:04:32 IST - BotCore - INFO - Engine: Starting 24/7 background Option Chain Monitor...
2026-07-06 14:04:32 IST - BotCore - INFO - WS Connection Opened
2026-07-06 14:04:32 IST - BotCore - INFO - WS: Subscribed to ['BTCUSD']
2026-07-06 14:04:33 IST - BotCore - WARNING - Filter: Failed to fetch candles for ADX.
2026-07-06 14:04:42 IST - BotCore - INFO - Filters: ForexFactory calendar cache updated.
2026-07-06 14:15:53 IST - BotCore - INFO - API: Time synced. Offset: -5s
2026-07-06 14:15:54 IST - BotCore - INFO - DB: Connected to Cloud DB (Blob: ...26627ac1)
2026-07-06 14:15:54 IST - BotCore - INFO - DB: Keep-alive thread started (pings every 12h).
2026-07-06 14:15:55 IST - BotCore - ERROR - DB: Blob 404 on load. Triggering self-heal...
2026-07-06 14:15:55 IST - BotCore - WARNING - DB: Blob 404 detected — Self-healer triggered. Creating new blob...
2026-07-06 14:15:55 IST - BotCore - INFO - DB: Self-healer attempting to restore from Secondary Cloud Backup...
2026-07-06 14:15:56 IST - BotCore - INFO - DB: Self-healer loaded 17 trades from Secondary Cloud Backup.
2026-07-06 14:15:57 IST - BotCore - INFO - DB: Self-healer created new blob: ...0f3abd9b with 17 trades restored.
2026-07-06 14:15:58 IST - BotCore - INFO - DB: Self-heal load success! 17 trades restored.
2026-07-06 14:15:58 IST - BotCore - INFO - Rule Compliance: 100% (11/11)
Rule 1: Entry Times - [PASS]
   Expected: 9:00, 9:30 AM IST
Rule 2: Strike Selection (IV-Based + 5 OTM) - [PASS]
   Expected: DVOL-based premium ranges, Min 5 strikes OTM, Put <= 1.30xCall, Net Delta <= 0.10
Rule 3: Lot Size (Manual + Dynamic) - [PASS]
   Expected: Manual from dashboard + DVOL/loss-based dynamic sizing
Rule 4: Stop Loss & Target - [PASS]
   Expected: Single-Leg 130% SL, 30% Full Target
Rule 5: Partial Profit - [PASS]
   Expected: 50% Size at 20% Profit
Rule 6: Trailing Stop Loss - [PASS]
   Expected: Breakeven after 15% Profit
Rule 7: DVOL Percentile Filter - [PASS]
   Expected: Trade only if DVOL Percentile 10%-90%
Rule 8: Smart Hedging - [PASS]
   Expected: Premium-based: 12% Bleed (50%), 25% Bleed (100%), Delta-Weighted
Rule 9: Dynamic Position Sizing - [PASS]
   Expected: DVOL 40-55% +20%, 2 losses -20%, Daily >2% -30%
Rule 10: Money Management - [PASS]
   Expected: 1.0% risk/trade, 2% daily limit, 3 consecutive losses stop, 2.5% pause next day
Rule 11: Exit Time - [PASS]
   Expected: Prepare 16:55 IST, Hard Exit 17:00 IST
2026-07-06 14:15:58 IST - BotCore - INFO - Engine: Starting Delta BTC Options Bot in SHADOW mode with Capital: $50000.0
2026-07-06 14:15:58 IST - BotCore - INFO - Telegram polling loop started.
2026-07-06 14:15:58 IST - BotCore - INFO - Telegram interactive bot thread started.
2026-07-06 14:15:58 IST - BotCore - INFO - ARES is disabled via ENABLE_ARES flag.
2026-07-06 14:15:58 IST - BotCore - INFO - Starting Web Dashboard on port 5000
2026-07-06 14:15:59 IST - BotCore - INFO - Telegram: Skipped 0 old messages. Waiting for new commands.
2026-07-06 14:15:59 IST - BotCore - INFO - Filters: ForexFactory calendar cache updated.
2026-07-06 14:17:19 IST - BotCore - INFO - API: Time synced. Offset: -9s
2026-07-06 14:17:19 IST - BotCore - INFO - DB: Connected to Cloud DB (Blob: ...26627ac1)
2026-07-06 14:17:19 IST - BotCore - INFO - DB: Keep-alive thread started (pings every 12h).
2026-07-06 14:17:20 IST - BotCore - ERROR - DB: Blob 404 on load. Triggering self-heal...
2026-07-06 14:17:20 IST - BotCore - WARNING - DB: Blob 404 detected — Self-healer triggered. Creating new blob...
2026-07-06 14:17:20 IST - BotCore - INFO - DB: Self-healer attempting to restore from Secondary Cloud Backup...
2026-07-06 14:17:21 IST - BotCore - INFO - DB: Self-healer loaded 17 trades from Secondary Cloud Backup.
2026-07-06 14:17:22 IST - BotCore - INFO - DB: Self-healer created new blob: ...af53ebcb with 17 trades restored.
2026-07-06 14:17:23 IST - BotCore - INFO - DB: Self-heal load success! 17 trades restored.
2026-07-06 14:17:23 IST - BotCore - INFO - Rule Compliance: 100% (11/11)
Rule 1: Entry Times - [PASS]
   Expected: 9:00, 9:30 AM IST
Rule 2: Strike Selection (IV-Based + 5 OTM) - [PASS]
   Expected: DVOL-based premium ranges, Min 5 strikes OTM, Put <= 1.30xCall, Net Delta <= 0.10
Rule 3: Lot Size (Manual + Dynamic) - [PASS]
   Expected: Manual from dashboard + DVOL/loss-based dynamic sizing
Rule 4: Stop Loss & Target - [PASS]
   Expected: Single-Leg 130% SL, 30% Full Target
Rule 5: Partial Profit - [PASS]
   Expected: 50% Size at 20% Profit
Rule 6: Trailing Stop Loss - [PASS]
   Expected: Breakeven after 15% Profit
Rule 7: DVOL Percentile Filter - [PASS]
   Expected: Trade only if DVOL Percentile 10%-90%
Rule 8: Smart Hedging - [PASS]
   Expected: Premium-based: 12% Bleed (50%), 25% Bleed (100%), Delta-Weighted
Rule 9: Dynamic Position Sizing - [PASS]
   Expected: DVOL 40-55% +20%, 2 losses -20%, Daily >2% -30%
Rule 10: Money Management - [PASS]
   Expected: 1.0% risk/trade, 2% daily limit, 3 consecutive losses stop, 2.5% pause next day
Rule 11: Exit Time - [PASS]
   Expected: Prepare 16:55 IST, Hard Exit 17:00 IST
2026-07-06 14:17:23 IST - BotCore - INFO - Engine: Starting Delta BTC Options Bot in SHADOW mode with Capital: $50000.0
2026-07-06 14:17:23 IST - BotCore - INFO - Telegram polling loop started.
2026-07-06 14:17:23 IST - BotCore - INFO - Telegram interactive bot thread started.
2026-07-06 14:17:23 IST - BotCore - INFO - ARES is disabled via ENABLE_ARES flag.
2026-07-06 14:17:23 IST - BotCore - INFO - Starting Web Dashboard on port 5000
2026-07-06 14:17:24 IST - BotCore - INFO - Telegram: Skipped 0 old messages. Waiting for new commands.
2026-07-06 14:17:24 IST - BotCore - INFO - Engine: Scheduled daily morning entry 09:00 IST (Asia/Kolkata timezone)
2026-07-06 14:17:24 IST - BotCore - INFO - Engine: Scheduled daily morning entry 09:30 IST (Asia/Kolkata timezone)
2026-07-06 14:17:24 IST - BotCore - INFO - Engine: Scheduled daily EOD hard exit 17:00 IST (Asia/Kolkata timezone)
2026-07-06 14:17:24 IST - BotCore - INFO - Engine: Scheduled verification at 09:30/18:00 IST (Asia/Kolkata timezone)
2026-07-06 14:17:24 IST - BotCore - INFO - Engine: Scheduled daily report & backup at 17:30 IST (Asia/Kolkata timezone)
2026-07-06 14:17:24 IST - BotCore - INFO - Engine: Starting 24/7 background Option Chain Monitor...
2026-07-06 14:17:24 IST - BotCore - INFO - WS Connection Opened
2026-07-06 14:17:24 IST - BotCore - INFO - WS: Subscribed to ['BTCUSD']
2026-07-06 14:17:25 IST - BotCore - WARNING - Filter: Failed to fetch candles for ADX.
2026-07-06 14:17:27 IST - BotCore - INFO - Filters: ForexFactory calendar cache updated.
2026-07-06 14:18:23 IST - BotCore - INFO - Keep-alive pinger started. Target URL: http://localhost:5000
2026-07-06 14:18:25 IST - BotCore - WARNING - Filter: Failed to fetch candles for ADX.
2026-07-06 14:26:02 IST - BotCore - INFO - API: Time synced. Offset: -5s
2026-07-06 14:26:03 IST - BotCore - INFO - DB: Connected to Cloud DB (Blob: ...26627ac1)
2026-07-06 14:26:03 IST - BotCore - INFO - DB: Keep-alive thread started (pings every 12h).
2026-07-06 14:26:04 IST - BotCore - ERROR - DB: Blob 404 on load. Triggering self-heal...
2026-07-06 14:26:04 IST - BotCore - WARNING - DB: Blob 404 detected — Self-healer triggered. Creating new blob...
2026-07-06 14:26:04 IST - BotCore - INFO - DB: Self-healer attempting to restore from Secondary Cloud Backup...
2026-07-06 14:26:05 IST - BotCore - INFO - DB: Self-healer loaded 17 trades from Secondary Cloud Backup.
2026-07-06 14:26:06 IST - BotCore - INFO - DB: Self-healer created new blob: ...2b76380c with 17 trades restored.
2026-07-06 14:26:06 IST - BotCore - INFO - DB: Self-heal load success! 17 trades restored.
2026-07-06 14:26:06 IST - BotCore - INFO - Rule Compliance: 100% (11/11)
Rule 1: Entry Times - [PASS]
   Expected: 9:00, 9:30 AM IST
Rule 2: Strike Selection (IV-Based + 5 OTM) - [PASS]
   Expected: DVOL-based premium ranges, Min 5 strikes OTM, Put <= 1.30xCall, Net Delta <= 0.10
Rule 3: Lot Size (Manual + Dynamic) - [PASS]
   Expected: Manual from dashboard + DVOL/loss-based dynamic sizing
Rule 4: Stop Loss & Target - [PASS]
   Expected: Single-Leg 130% SL, 30% Full Target
Rule 5: Partial Profit - [PASS]
   Expected: 50% Size at 20% Profit
Rule 6: Trailing Stop Loss - [PASS]
   Expected: Breakeven after 15% Profit
Rule 7: DVOL Percentile Filter - [PASS]
   Expected: Trade only if DVOL Percentile 10%-90%
Rule 8: Smart Hedging - [PASS]
   Expected: Premium-based: 12% Bleed (50%), 25% Bleed (100%), Delta-Weighted
Rule 9: Dynamic Position Sizing - [PASS]
   Expected: DVOL 40-55% +20%, 2 losses -20%, Daily >2% -30%
Rule 10: Money Management - [PASS]
   Expected: 1.0% risk/trade, 2% daily limit, 3 consecutive losses stop, 2.5% pause next day
Rule 11: Exit Time - [PASS]
   Expected: Prepare 16:55 IST, Hard Exit 17:00 IST
2026-07-06 14:26:06 IST - BotCore - INFO - Engine: Starting Delta BTC Options Bot in SHADOW mode with Capital: $50000.0
2026-07-06 14:26:06 IST - BotCore - INFO - Telegram polling loop started.
2026-07-06 14:26:06 IST - BotCore - INFO - Telegram interactive bot thread started.
2026-07-06 14:26:06 IST - BotCore - INFO - ARES ServiceRunner initialized in background thread in PAPER mode.
2026-07-06 14:26:06 IST - BotCore - INFO - Starting Web Dashboard on port 5001
2026-07-06 14:26:07 IST - BotCore - INFO - Telegram: Skipped 0 old messages. Waiting for new commands.
2026-07-06 14:26:07 IST - BotCore - INFO - Engine: Scheduled daily morning entry 09:00 IST (Asia/Kolkata timezone)
2026-07-06 14:26:07 IST - BotCore - INFO - Engine: Scheduled daily morning entry 09:30 IST (Asia/Kolkata timezone)
2026-07-06 14:26:07 IST - BotCore - INFO - Engine: Scheduled daily EOD hard exit 17:00 IST (Asia/Kolkata timezone)
2026-07-06 14:26:07 IST - BotCore - INFO - Engine: Scheduled verification at 09:30/18:00 IST (Asia/Kolkata timezone)
2026-07-06 14:26:07 IST - BotCore - INFO - Engine: Scheduled daily report & backup at 17:30 IST (Asia/Kolkata timezone)
2026-07-06 14:26:07 IST - BotCore - INFO - Engine: Starting 24/7 background Option Chain Monitor...
2026-07-06 14:26:07 IST - BotCore - INFO - WS Connection Opened
2026-07-06 14:26:07 IST - BotCore - INFO - WS: Subscribed to ['BTCUSD']
2026-07-06 14:26:08 IST - BotCore - WARNING - Filter: Failed to fetch candles for ADX.
2026-07-06 14:26:12 IST - BotCore - INFO - Filters: ForexFactory calendar cache updated.
2026-07-06 14:29:24 IST - BotCore - INFO - API: Time synced. Offset: -4s
2026-07-06 14:29:24 IST - BotCore - INFO - DB: Connected to Cloud DB (Blob: ...26627ac1)
2026-07-06 14:29:24 IST - BotCore - INFO - DB: Keep-alive thread started (pings every 12h).
2026-07-06 14:29:25 IST - BotCore - ERROR - DB: Blob 404 on load. Triggering self-heal...
2026-07-06 14:29:25 IST - BotCore - WARNING - DB: Blob 404 detected — Self-healer triggered. Creating new blob...
2026-07-06 14:29:25 IST - BotCore - INFO - DB: Self-healer attempting to restore from Secondary Cloud Backup...
2026-07-06 14:29:26 IST - BotCore - INFO - DB: Self-healer loaded 17 trades from Secondary Cloud Backup.
2026-07-06 14:29:27 IST - BotCore - INFO - DB: Self-healer created new blob: ...2d431ac6 with 17 trades restored.
2026-07-06 14:29:28 IST - BotCore - INFO - DB: Self-heal load success! 17 trades restored.
2026-07-06 14:29:28 IST - BotCore - INFO - Rule Compliance: 100% (11/11)
Rule 1: Entry Times - [PASS]
   Expected: 9:00, 9:30 AM IST
Rule 2: Strike Selection (IV-Based + 5 OTM) - [PASS]
   Expected: DVOL-based premium ranges, Min 5 strikes OTM, Put <= 1.30xCall, Net Delta <= 0.10
Rule 3: Lot Size (Manual + Dynamic) - [PASS]
   Expected: Manual from dashboard + DVOL/loss-based dynamic sizing
Rule 4: Stop Loss & Target - [PASS]
   Expected: Single-Leg 130% SL, 30% Full Target
Rule 5: Partial Profit - [PASS]
   Expected: 50% Size at 20% Profit
Rule 6: Trailing Stop Loss - [PASS]
   Expected: Breakeven after 15% Profit
Rule 7: DVOL Percentile Filter - [PASS]
   Expected: Trade only if DVOL Percentile 10%-90%
Rule 8: Smart Hedging - [PASS]
   Expected: Premium-based: 12% Bleed (50%), 25% Bleed (100%), Delta-Weighted
Rule 9: Dynamic Position Sizing - [PASS]
   Expected: DVOL 40-55% +20%, 2 losses -20%, Daily >2% -30%
Rule 10: Money Management - [PASS]
   Expected: 1.0% risk/trade, 2% daily limit, 3 consecutive losses stop, 2.5% pause next day
Rule 11: Exit Time - [PASS]
   Expected: Prepare 16:55 IST, Hard Exit 17:00 IST
2026-07-06 14:29:28 IST - BotCore - INFO - Engine: Starting Delta BTC Options Bot in SHADOW mode with Capital: $50000.0
2026-07-06 14:29:28 IST - BotCore - INFO - Telegram polling loop started.
2026-07-06 14:29:28 IST - BotCore - INFO - Telegram interactive bot thread started.
2026-07-06 14:29:28 IST - BotCore - INFO - ARES is disabled via ENABLE_ARES flag.
2026-07-06 14:29:28 IST - BotCore - INFO - Starting Web Dashboard on port 5000
2026-07-06 14:29:53 IST - BotCore - INFO - API: Time synced. Offset: -2s
2026-07-06 14:29:53 IST - BotCore - INFO - DB: Connected to Cloud DB (Blob: ...26627ac1)
2026-07-06 14:29:53 IST - BotCore - INFO - DB: Keep-alive thread started (pings every 12h).
2026-07-06 14:29:54 IST - BotCore - ERROR - DB: Blob 404 on load. Triggering self-heal...
2026-07-06 14:29:54 IST - BotCore - WARNING - DB: Blob 404 detected — Self-healer triggered. Creating new blob...
2026-07-06 14:29:54 IST - BotCore - INFO - DB: Self-healer attempting to restore from Secondary Cloud Backup...
2026-07-06 14:29:54 IST - BotCore - INFO - DB: Self-healer loaded 17 trades from Secondary Cloud Backup.
2026-07-06 14:29:55 IST - BotCore - INFO - DB: Self-healer created new blob: ...8ec1c345 with 17 trades restored.
2026-07-06 14:29:56 IST - BotCore - INFO - DB: Self-heal load success! 17 trades restored.
2026-07-06 14:29:56 IST - BotCore - INFO - Rule Compliance: 100% (11/11)
Rule 1: Entry Times - [PASS]
   Expected: 9:00, 9:30 AM IST
Rule 2: Strike Selection (IV-Based + 5 OTM) - [PASS]
   Expected: DVOL-based premium ranges, Min 5 strikes OTM, Put <= 1.30xCall, Net Delta <= 0.10
Rule 3: Lot Size (Manual + Dynamic) - [PASS]
   Expected: Manual from dashboard + DVOL/loss-based dynamic sizing
Rule 4: Stop Loss & Target - [PASS]
   Expected: Single-Leg 130% SL, 30% Full Target
Rule 5: Partial Profit - [PASS]
   Expected: 50% Size at 20% Profit
Rule 6: Trailing Stop Loss - [PASS]
   Expected: Breakeven after 15% Profit
Rule 7: DVOL Percentile Filter - [PASS]
   Expected: Trade only if DVOL Percentile 10%-90%
Rule 8: Smart Hedging - [PASS]
   Expected: Premium-based: 12% Bleed (50%), 25% Bleed (100%), Delta-Weighted
Rule 9: Dynamic Position Sizing - [PASS]
   Expected: DVOL 40-55% +20%, 2 losses -20%, Daily >2% -30%
Rule 10: Money Management - [PASS]
   Expected: 1.0% risk/trade, 2% daily limit, 3 consecutive losses stop, 2.5% pause next day
Rule 11: Exit Time - [PASS]
   Expected: Prepare 16:55 IST, Hard Exit 17:00 IST
2026-07-06 14:29:56 IST - BotCore - INFO - Engine: Starting Delta BTC Options Bot in SHADOW mode with Capital: $50000.0
2026-07-06 14:29:56 IST - BotCore - INFO - Telegram polling loop started.
2026-07-06 14:29:56 IST - BotCore - INFO - Telegram interactive bot thread started.
2026-07-06 14:29:56 IST - BotCore - INFO - ARES is disabled via ENABLE_ARES flag.
2026-07-06 14:29:56 IST - BotCore - INFO - Starting Web Dashboard on port 5000
2026-07-06 14:29:57 IST - BotCore - INFO - Telegram: Skipped 0 old messages. Waiting for new commands.
2026-07-06 14:29:57 IST - BotCore - INFO - Engine: Scheduled daily morning entry 09:00 IST (Asia/Kolkata timezone)
2026-07-06 14:29:57 IST - BotCore - INFO - Engine: Scheduled daily morning entry 09:30 IST (Asia/Kolkata timezone)
2026-07-06 14:29:57 IST - BotCore - INFO - Engine: Scheduled daily EOD hard exit 17:00 IST (Asia/Kolkata timezone)
2026-07-06 14:29:57 IST - BotCore - INFO - Engine: Scheduled verification at 09:30/18:00 IST (Asia/Kolkata timezone)
2026-07-06 14:29:57 IST - BotCore - INFO - Engine: Scheduled daily report & backup at 17:30 IST (Asia/Kolkata timezone)
2026-07-06 14:29:57 IST - BotCore - INFO - Engine: Starting 24/7 background Option Chain Monitor...
2026-07-06 14:29:58 IST - BotCore - INFO - API: Time synced. Offset: -7s
2026-07-06 14:29:58 IST - BotCore - INFO - DB: Connected to Cloud DB (Blob: ...26627ac1)
2026-07-06 14:29:58 IST - BotCore - INFO - DB: Keep-alive thread started (pings every 12h).
2026-07-06 14:29:59 IST - BotCore - ERROR - DB: Blob 404 on load. Triggering self-heal...
2026-07-06 14:29:59 IST - BotCore - WARNING - DB: Blob 404 detected — Self-healer triggered. Creating new blob...
2026-07-06 14:29:59 IST - BotCore - INFO - DB: Self-healer attempting to restore from Secondary Cloud Backup...
2026-07-06 14:29:59 IST - BotCore - INFO - DB: Self-healer loaded 17 trades from Secondary Cloud Backup.
2026-07-06 14:30:00 IST - BotCore - INFO - DB: Self-healer created new blob: ...31b74ca0 with 17 trades restored.
2026-07-06 14:30:01 IST - BotCore - INFO - DB: Self-heal load success! 17 trades restored.
2026-07-06 14:30:01 IST - BotCore - INFO - Rule Compliance: 100% (11/11)
Rule 1: Entry Times - [PASS]
   Expected: 9:00, 9:30 AM IST
Rule 2: Strike Selection (IV-Based + 5 OTM) - [PASS]
   Expected: DVOL-based premium ranges, Min 5 strikes OTM, Put <= 1.30xCall, Net Delta <= 0.10
Rule 3: Lot Size (Manual + Dynamic) - [PASS]
   Expected: Manual from dashboard + DVOL/loss-based dynamic sizing
Rule 4: Stop Loss & Target - [PASS]
   Expected: Single-Leg 130% SL, 30% Full Target
Rule 5: Partial Profit - [PASS]
   Expected: 50% Size at 20% Profit
Rule 6: Trailing Stop Loss - [PASS]
   Expected: Breakeven after 15% Profit
Rule 7: DVOL Percentile Filter - [PASS]
   Expected: Trade only if DVOL Percentile 10%-90%
Rule 8: Smart Hedging - [PASS]
   Expected: Premium-based: 12% Bleed (50%), 25% Bleed (100%), Delta-Weighted
Rule 9: Dynamic Position Sizing - [PASS]
   Expected: DVOL 40-55% +20%, 2 losses -20%, Daily >2% -30%
Rule 10: Money Management - [PASS]
   Expected: 1.0% risk/trade, 2% daily limit, 3 consecutive losses stop, 2.5% pause next day
Rule 11: Exit Time - [PASS]
   Expected: Prepare 16:55 IST, Hard Exit 17:00 IST
2026-07-06 14:30:01 IST - BotCore - INFO - Engine: Starting Delta BTC Options Bot in SHADOW mode with Capital: $50000.0
2026-07-06 14:30:01 IST - BotCore - INFO - Telegram polling loop started.
2026-07-06 14:30:01 IST - BotCore - INFO - Telegram interactive bot thread started.
2026-07-06 14:30:01 IST - BotCore - INFO - ARES ServiceRunner initialized in background thread in PAPER mode.
2026-07-06 14:30:01 IST - BotCore - INFO - Starting Web Dashboard on port 5000
2026-07-06 14:30:01 IST - BotCore - INFO - Telegram: Skipped 0 old messages. Waiting for new commands.
2026-07-06 14:30:02 IST - BotCore - INFO - Engine: Scheduled daily morning entry 09:00 IST (Asia/Kolkata timezone)
2026-07-06 14:30:02 IST - BotCore - INFO - Engine: Scheduled daily morning entry 09:30 IST (Asia/Kolkata timezone)
2026-07-06 14:30:02 IST - BotCore - INFO - Engine: Scheduled daily EOD hard exit 17:00 IST (Asia/Kolkata timezone)
2026-07-06 14:30:02 IST - BotCore - INFO - Engine: Scheduled verification at 09:30/18:00 IST (Asia/Kolkata timezone)
2026-07-06 14:30:02 IST - BotCore - INFO - Engine: Scheduled daily report & backup at 17:30 IST (Asia/Kolkata timezone)
2026-07-06 14:30:02 IST - BotCore - INFO - Engine: Starting 24/7 background Option Chain Monitor...
2026-07-06 14:30:02 IST - BotCore - INFO - WS Connection Opened
2026-07-06 14:30:02 IST - BotCore - INFO - WS: Subscribed to ['BTCUSD']
